Date,TXN,IBM,BLK,ASML,ABBV,SO,UBER,DDOG,INTC,DUK,MDT,LMT,COST,QCOM,NEE,SLB,COF,AAPL,INTU,RTX,AXP,SNOW,WMT,ADP,GM,FDX,NOW,AMD,SAP,GOOG,CRWD,C,META,MA,LOW,PEP,TSLA,MRK,CVX,BA,WFC,ZM,AVGO,DIS,PFE,MSFT,BABA,TMO,JD,ICE,TGT,AMZN,HD,JNJ,CAT,AMT,XOM,NVDA,PANW,GS,V,NFLX,BAC,COP,CRM,NOC,PDD,PG,DOCU,BP,NKE,SHOP,CCI,BK,UNH,CSCO,ORCL,SPGI,F,SBUX,MCD,SONY,DE,ADBE,SCHW,UPS,PLD,PYPL,MU,LYFT,CVS,GE,MS,KO,JPM
2022-01-03,168.14828491210938,115.51113891601562,820.0728759765625,765.4939575195312,115.84720611572266,58.33757781982422,43.95000076293945,163.8300018310547,49.35049057006836,87.69770812988281,92.56993865966797,316.5527648925781,539.5614013671875,169.19271850585938,81.68898010253906,28.821687698364258,137.42745971679688,178.1036834716797,614.197998046875,79.16218566894531,159.62197875976562,332.010009765625,45.67169189453125,222.2963104248047,58.879356384277344,236.48703002929688,126.02799987792969,150.24000549316406,132.24960327148438,143.89312744140625,198.3300018310547,54.11096954345703,335.90399169921875,361.8191833496094,235.32855224609375,151.2404022216797,399.9266662597656,67.4688949584961,100.49931335449219,207.86000061035156,45.60429000854492,184.25999450683594,61.31608581542969,153.15330505371094,45.36572265625,323.1607666015625,114.32427978515625,637.1537475585938,62.00296401977539,126.60901641845703,202.59666442871094,170.4044952392578,366.8866882324219,151.77001953125,191.7097625732422,252.16783142089844,54.76023483276367,30.061138153076172,90.70166778564453,355.3456726074219,214.41400146484375,59.73699951171875,41.47974395751953,63.2081413269043,252.3933868408203,360.2310791015625,56.099998474121094,146.32089233398438,157.00999450683594,22.09884262084961,153.47999572753906,136.31399536132812,167.66236877441406,51.78883361816406,465.858154296875,55.798274993896484,83.03218078613281,444.7545471191406,16.42331886291504,105.29893493652344,243.7248992919922,24.69133758544922,331.6358947753906,564.3699951171875,80.91637420654297,174.97665405273438,145.06272888183594,193.90330505371094,93.65331268310547,44.59000015258789,90.08735656738281,58.71171188354492,86.97171783447266,52.267662048339844,144.92947387695312
2022-01-04,168.32476806640625,117.1923828125,825.010986328125,747.9281005859375,115.62478637695312,58.33757781982422,44.41999816894531,157.75999450683594,49.28556442260742,87.62989807128906,92.8229751586914,323.3686828613281,537.2001342773438,170.11949157714844,80.81558990478516,30.220970153808594,140.0307159423828,175.84324645996094,601.4077758789062,81.9383544921875,164.74627685546875,315.5299987792969,44.83496856689453,223.3348846435547,63.278228759765625,242.30430603027344,120.78800201416016,144.4199981689453,131.19273376464844,143.2405242919922,189.19000244140625,54.531166076660156,333.90966796875,366.1498718261719,239.2889404296875,151.45899963378906,383.1966552734375,67.59175872802734,102.32794952392578,213.6300048828125,47.42019271850586,179.85000610351562,62.01862335205078,152.1470184326172,43.667999267578125,317.6195068359375,113.54553985595703,610.5579833984375,58.25538635253906,126.72245025634766,204.5356903076172,167.52200317382812,370.6575927734375,151.36305236816406,201.97129821777344,248.9891357421875,56.81999206542969,29.231792449951172,87.33333587646484,366.2668151855469,215.411376953125,59.1150016784668,43.10552215576172,65.94999694824219,245.25013732910156,370.93896484375,49.81999969482422,146.83287048339844,154.44000244140625,23.051589965820312,155.08309936523438,122.18599700927734,163.15077209472656,53.63874816894531,455.3033752441406,54.42974853515625,83.92015075683594,443.5198669433594,18.339500427246094,103.09693908691406,243.6614532470703,25.139135360717773,351.6983337402344,554.0,84.879150390625,178.08279418945312,141.63192749023438,190.12351989746094,94.23039245605469,44.95000076293945,90.19979858398438,60.621177673339844,90.50475311279297,53.14026641845703,150.42373657226562
2022-01-05,164.81358337402344,117.36219024658203,802.1195068359375,715.7529907226562,116.232177734375,58.4060173034668,43.2400016784668,145.52000427246094,49.96261215209961,87.8248291015625,92.49142456054688,319.92950439453125,523.5756225585938,169.45623779296875,79.96894073486328,30.220970153808594,137.3533172607422,171.1658172607422,577.4613037109375,81.52877044677734,162.99073791503906,296.8699951171875,45.441192626953125,221.4308319091797,60.39057540893555,239.7615509033203,114.552001953125,136.14999389648438,130.5474090576172,136.53257751464844,179.2899932861328,53.896583557128906,321.6459045410156,364.6965026855469,234.6285858154297,151.97483825683594,362.7066650390625,69.23303985595703,102.9936752319336,213.07000732421875,47.00666809082031,174.8800048828125,59.4377555847168,151.6194610595703,44.54889678955078,305.4267883300781,115.06504821777344,611.0716552734375,57.18465042114258,125.134521484375,199.89767456054688,164.35699462890625,365.62982177734375,152.3717041015625,203.5179443359375,232.96336364746094,57.52669143676758,27.54914093017578,84.1433334350586,358.3118896484375,213.02932739257812,56.75199890136719,42.37797164916992,64.81897735595703,224.9369659423828,369.0701904296875,48.529998779296875,147.49755859375,144.1699981689453,22.90625762939453,151.2244110107422,119.0009994506836,152.10189819335938,53.26700210571289,454.18115234375,53.56776428222656,81.67193603515625,439.6037292480469,17.849138259887695,99.66761016845703,242.4635467529297,25.145002365112305,352.4181823730469,514.4299926757812,84.26586151123047,175.84539794921875,138.68492126464844,186.16468811035156,92.3328628540039,43.59000015258789,91.5144271850586,60.621177673339844,88.2651138305664,53.58096694946289,147.67364501953125
2022-01-06,164.76063537597656,114.91677856445312,805.4655151367188,732.5027465820312,115.68468475341797,58.33757781982422,42.029998779296875,143.88999938964844,50.09246063232422,87.68074035644531,91.58404541015625,319.804443359375,523.4614868164062,168.95648193359375,76.43971252441406,30.938783645629883,139.64163208007812,168.3085174560547,570.35107421875,81.97478485107422,164.4842987060547,297.0899963378906,45.31489181518555,219.90945434570312,60.51570129394531,240.7311248779297,114.80799865722656,136.22999572753906,128.125,136.430908203125,187.49000549316406,55.66312026977539,329.8713073730469,361.36614990234375,237.42849731445312,152.0098419189453,354.8999938964844,69.1891860961914,103.87006378173828,211.33999633789062,48.21128463745117,176.3300018310547,58.88589096069336,153.2901153564453,43.916259765625,303.0132751464844,120.25988006591797,612.9290771484375,60.596492767333984,125.86234283447266,202.0725555419922,163.25399780273438,364.30096435546875,151.84967041015625,205.59251403808594,233.24510192871094,58.879756927490234,28.12200355529785,88.8183364868164,356.78387451171875,212.78726196289062,55.32899856567383,43.23128128051758,67.25237274169922,226.39920043945312,371.2006530761719,52.130001068115234,146.25802612304688,143.10000610351562,23.261516571044922,150.09661865234375,116.89299774169922,155.36248779296875,54.258338928222656,435.5942687988281,54.13650131225586,81.861572265625,435.9384765625,18.45265769958496,100.29930877685547,244.7322235107422,24.07341957092285,356.5007629394531,514.1199951171875,85.61510467529297,177.55007934570312,137.73487854003906,191.2475128173828,93.55550384521484,43.599998474121094,88.7294692993164,60.975013732910156,89.77554321289062,53.298912048339844,149.24258422851562
2022-01-07,158.30291748046875,114.4837646484375,802.5691528320312,725.764404296875,115.38524627685547,58.73978042602539,41.5099983215332,143.7899932861328,49.56379699707031,88.55358123779297,91.74980926513672,321.716064453125,510.49383544921875,163.9227752685547,77.01008605957031,31.829238891601562,143.310302734375,168.47482299804688,552.677001953125,82.3206787109375,165.8922882080078,299.67999267578125,45.74745178222656,217.5863800048828,59.93817138671875,241.4628143310547,113.27799987792969,132.0,129.31280517578125,135.88885498046875,188.99000549316406,56.4091911315918,329.20654296875,361.0242614746094,231.25765991210938,152.20217895507812,342.32000732421875,70.47938537597656,105.36164093017578,215.5,49.23610305786133,171.60000610351562,57.23309326171875,154.19871520996094,44.62096405029297,303.1678466796875,123.2799072265625,599.7595825195312,61.921295166015625,125.94737243652344,201.57467651367188,162.5540008544922,353.3924255371094,153.90225219726562,207.6300048828125,234.73321533203125,59.36237716674805,27.19285011291504,87.5816650390625,357.30517578125,210.0856475830078,54.10599899291992,44.174415588378906,69.09453582763672,225.56927490234375,374.1439514160156,55.900001525878906,146.17718505859375,135.92999267578125,23.955890655517578,146.30323791503906,114.447998046875,157.16226196289062,55.17002487182617,425.34552001953125,54.3231201171875,82.97089385986328,430.91314697265625,18.437572479248047,97.0775146484375,242.3455810546875,24.308073043823242,358.669921875,510.70001220703125,86.55862426757812,178.79580688476562,135.23651123046875,186.60235595703125,92.38178253173828,43.099998474121094,90.1133041381836,61.85960006713867,90.32244110107422,53.1755256652832,150.72129821777344
2022-01-10,161.40826416015625,114.653564453125,785.542236328125,697.9951782226562,116.6770248413086,58.645626068115234,42.599998474121094,146.3300018310547,51.20541763305664,88.60443115234375,92.15116119384766,324.4942932128906,493.9465026855469,163.25946044921875,75.12071228027344,31.911020278930664,145.58935546875,168.4944305419922,555.2381591796875,81.67440795898438,165.28346252441406,302.7300109863281,45.65904998779297,212.1658477783203,58.78310775756836,234.65769958496094,114.4000015258789,132.0,129.64016723632812,137.44557189941406,192.5,56.62357711791992,325.5155029296875,355.4182434082031,228.12625122070312,152.28086853027344,352.7066650390625,72.29624938964844,105.42906188964844,209.30999755859375,49.75749206542969,172.55999755859375,57.418907165527344,152.99700927734375,45.037391662597656,303.3897705078125,121.84587097167969,617.51318359375,63.155372619628906,124.29328918457031,198.63990783691406,161.48599243164062,347.8707275390625,153.1414031982422,205.26837158203125,232.82247924804688,59.00902557373047,27.345542907714844,87.10166931152344,358.79730224609375,205.25375366210938,53.98500061035156,43.949851989746094,69.42869567871094,226.87342834472656,375.8351745605469,56.9900016784668,144.18313598632812,136.22999572753906,23.867076873779297,140.2169647216797,113.11699676513672,153.8855743408203,55.58603286743164,431.281494140625,54.936283111572266,84.6490707397461,419.9558410644531,17.992475509643555,95.687744140625,239.94082641601562,24.08515167236328,359.8161315917969,525.8300170898438,86.47371673583984,173.52601623535156,134.61187744140625,181.97708129882812,91.83403778076172,44.130001068115234,90.86575317382812,60.65167999267578,90.39189910888672,53.26366424560547,150.86557006835938
2022-01-11,162.890380859375,112.81951904296875,798.8992919921875,699.9053955078125,117.17318725585938,57.8925666809082,43.619998931884766,148.60000610351562,51.854644775390625,87.47737884521484,94.13168334960938,325.2893371582031,497.0218811035156,168.45675659179688,75.56632995605469,33.14676284790039,146.84927368164062,171.3223876953125,563.54443359375,82.57553100585938,166.84361267089844,301.2699890136719,45.52959060668945,214.34317016601562,59.15850067138672,233.73388671875,115.68800354003906,137.30999755859375,129.80850219726562,138.8773193359375,196.11000061035156,57.549713134765625,331.7664794921875,357.7426452636719,229.79327392578125,152.21087646484375,354.79998779296875,71.68183898925781,107.83914184570312,216.02000427246094,50.39575958251953,175.97000122070312,57.50116729736328,154.25733947753906,45.39774703979492,304.0752868652344,125.54017639160156,613.02783203125,69.65239715576172,124.71862030029297,198.75344848632812,165.36199951171875,347.1615295410156,151.51345825195312,203.70323181152344,229.37075805664062,61.49106979370117,27.7617130279541,87.67500305175781,362.284912109375,207.58738708496094,54.08399963378906,44.201351165771484,71.62218475341797,232.02090454101562,374.3121337890625,60.02000045776367,142.51243591308594,142.1300048828125,24.658340454101562,140.0865020751953,115.73100280761719,151.39974975585938,55.82502365112305,434.99139404296875,55.425045013427734,83.89055633544922,425.3862609863281,18.369674682617188,93.89185333251953,237.8627166748047,24.70111656188965,360.4696960449219,529.8900146484375,88.6060562133789,173.14901733398438,134.5855255126953,190.50149536132812,92.13727569580078,44.5,91.71336364746094,62.09751892089844,91.94573974609375,53.281288146972656,151.0188446044922
2022-01-12,164.1166534423828,113.43087005615234,796.12890625,712.3934936523438,117.44695281982422,58.00381851196289,43.040000915527344,146.3300018310547,51.69697952270508,87.807861328125,95.05650329589844,322.7522277832031,500.6112060546875,169.3834991455078,75.83368682861328,33.11949920654297,147.1087188720703,171.76272583007812,562.1226196289062,82.89411163330078,165.97793579101562,307.1400146484375,45.28964614868164,213.7510223388672,58.74460983276367,234.3467254638672,114.6780014038086,137.47000122070312,131.08050537109375,140.49453735351562,187.97000122070312,57.69550704956055,330.66510009765625,358.7388916015625,230.91690063476562,152.04481506347656,368.739990234375,71.26931762695312,107.29983520507812,217.4499969482422,50.7014045715332,170.64999389648438,57.49654769897461,154.16940307617188,45.36572265625,307.25128173828125,130.49758911132812,617.6712036132812,69.32572937011719,126.16477966308594,196.06324768066406,165.20700073242188,349.6125793457031,150.2217559814453,205.97219848632812,228.40219116210938,61.31010437011719,27.943359375,88.66999816894531,350.8334045410156,208.87527465820312,53.72200012207031,43.8869743347168,72.31622314453125,234.97499084472656,369.5747985839844,60.380001068115234,142.8267822265625,139.25,25.183155059814453,141.86669921875,116.8759994506836,152.87669372558594,56.249881744384766,439.36907958984375,55.202877044677734,83.72938537597656,431.9645690917969,18.460201263427734,93.73843383789062,236.77377319335938,24.863420486450195,356.3966369628906,532.3699951171875,89.46467590332031,173.10806274414062,134.805419921875,186.2044677734375,93.02731323242188,42.380001068115234,91.48847961425781,62.372039794921875,89.45436096191406,53.360618591308594,151.8754425048828
2022-01-13,162.4580841064453,114.4242935180664,780.3613891601562,700.78857421875,115.40709686279297,58.491607666015625,42.869998931884766,135.1300048828125,50.954994201660156,88.25699615478516,94.90818786621094,326.2183837890625,492.1185607910156,167.08473205566406,75.66434478759766,32.86508560180664,149.49891662597656,168.4944305419922,538.4210205078125,83.3401107788086,164.8553009033203,291.760009765625,45.93059158325195,211.291259765625,59.45689392089844,235.6821746826172,104.25199890136719,132.74000549316406,127.1148910522461,137.998046875,174.89999389648438,58.12425994873047,323.93792724609375,360.8973388671875,230.8984832763672,152.28958129882812,343.85333251953125,71.37464904785156,106.85319519042969,223.89999389648438,50.341819763183594,162.10000610351562,55.20315933227539,151.86370849609375,44.47681427001953,294.2477111816406,124.76142883300781,593.654052734375,64.82500457763672,122.4596176147461,197.25112915039062,161.21400451660156,347.4398193359375,149.31044006347656,210.23243713378906,224.924072265625,60.87055587768555,26.522188186645508,83.0999984741211,351.2738037109375,208.18772888183594,51.91999816894531,43.797149658203125,71.64790344238281,225.8854217529297,371.518310546875,57.619998931884766,142.18008422851562,130.58999633789062,25.207380294799805,139.4247283935547,106.43599700927734,151.23025512695312,56.33839797973633,433.5351867675781,54.65191650390625,83.23634338378906,420.80462646484375,18.875125885009766,92.41183471679688,237.2184600830078,24.403886795043945,360.31817626953125,516.9000244140625,88.1059799194336,172.493408203125,134.72625732421875,180.04737854003906,93.52615356445312,42.599998474121094,91.10791778564453,62.506256103515625,89.02035522460938,53.677921295166016,151.68609619140625
2022-01-14,164.981201171875,113.95731353759766,763.2892456054688,714.6588745117188,117.43829345703125,58.756900787353516,41.5099983215332,138.27999877929688,51.65988540649414,88.16376495361328,94.70751953125,332.8645935058594,478.8939514160156,171.44606018066406,74.1492691040039,34.3552360534668,148.7484893798828,169.3555450439453,536.3468627929688,84.04100036621094,160.20333862304688,289.5899963378906,45.801124572753906,208.39427185058594,58.81197738647461,234.35585021972656,106.2040023803711,136.8800048828125,129.91139221191406,138.64820861816406,176.6999969482422,57.39536666870117,329.315673828125,363.4562072753906,224.175048828125,153.56610107421875,349.8699951171875,71.42732238769531,108.67341613769531,225.9600067138672,52.19367980957031,159.72000122070312,55.127357482910156,148.44422912597656,44.00435256958008,299.46075439453125,124.95137786865234,587.6372680664062,66.89389038085938,119.66181182861328,193.38172912597656,162.13800048828125,333.990478515625,148.4964599609375,212.02915954589844,220.6798858642578,61.93922424316406,26.888456344604492,83.18499755859375,342.4111328125,207.86817932128906,52.569000244140625,43.0336799621582,74.3211898803711,228.4542236328125,376.9750671386719,60.40999984741211,143.54539489746094,130.44000244140625,25.869457244873047,138.1105194091797,110.29100036621094,148.62338256835938,56.29414367675781,434.703857421875,54.52751159667969,83.14154052734375,417.03326416015625,19.00337028503418,90.35420989990234,233.86085510253906,24.401933670043945,359.53192138671875,520.5999755859375,90.13455200195312,169.27249145507812,134.3656005859375,177.47116088867188,95.2280502319336,41.2599983215332,91.86905670166016,62.93328857421875,85.83452606201172,54.10981750488281,142.36293029785156
2022-01-18,160.80838012695312,112.87895965576172,748.3582153320312,686.5342407226562,118.22483825683594,58.200653076171875,38.40999984741211,131.8699951171875,50.788055419921875,86.32492065429688,93.78268432617188,336.3663330078125,464.6886901855469,162.514404296875,72.41142272949219,34.109901428222656,145.52450561523438,166.15573120117188,523.7169799804688,82.60285186767578,158.0819091796875,287.67999267578125,44.99915313720703,206.2898406982422,56.58849334716797,231.7124786376953,104.46800231933594,131.92999267578125,127.2926025390625,135.18067932128906,172.85000610351562,55.9975700378418,315.6727600097656,357.7524719238281,220.30332946777344,152.09727478027344,343.5033264160156,71.56775665283203,109.02732849121094,225.00999450683594,50.962093353271484,157.6999969482422,53.409854888916016,148.76663208007812,43.331668853759766,292.17205810546875,122.13078308105469,582.9937744140625,66.60350799560547,119.45388793945312,192.1676483154297,158.91749572753906,329.2499694824219,147.8417205810547,212.8904266357422,220.33644104003906,62.9820442199707,25.851520538330078,83.72833251953125,318.5553894042969,208.87527465820312,51.08000183105469,41.55160140991211,74.98097229003906,223.34628295898438,375.2745361328125,61.529998779296875,140.7788543701172,127.30999755859375,26.14397621154785,136.96414184570312,105.46600341796875,148.50230407714844,55.6922492980957,427.56219482421875,53.07900619506836,81.11255645751953,409.1143493652344,18.392305374145508,88.19735717773438,232.74464416503906,22.651813507080078,363.6524658203125,513.3400268554688,86.95491790771484,168.493896484375,134.97256469726562,173.5322265625,90.83639526367188,38.43000030517578,90.39007568359375,62.768577575683594,81.60704040527344,53.677921295166016,136.39393615722656
2022-01-19,157.29718017578125,111.72418975830078,742.51171875,670.78271484375,116.86782836914062,58.474491119384766,37.86000061035156,130.91000366210938,49.73074722290039,86.57913208007812,94.01825714111328,337.0720520019531,466.67864990234375,156.70840454101562,73.60562896728516,33.71010208129883,140.45692443847656,162.662353515625,531.0494995117188,81.64710998535156,153.5345458984375,282.55999755859375,45.447509765625,204.8230438232422,54.133975982666016,230.66976928710938,104.25800323486328,128.27000427246094,127.93794250488281,134.54737854003906,175.7100067138672,55.08856964111328,317.1015319824219,352.31243896484375,216.8750762939453,153.190185546875,331.8833312988281,71.34832000732422,108.63128662109375,217.0800018310547,49.955265045166016,157.22999572753906,52.13236618041992,146.65634155273438,42.875205993652344,292.8284606933594,121.31403350830078,586.2244262695312,65.60537719726562,118.91510772705078,195.51295471191406,156.2989959716797,322.938232421875,147.38169860839844,206.28297424316406,219.25340270996094,63.00790786743164,25.017181396484375,86.60166931152344,312.19146728515625,207.8778839111328,51.58599853515625,41.71328353881836,74.78388214111328,223.5537567138672,375.2931213378906,64.3499984741211,145.5124969482422,126.98999786376953,25.917898178100586,135.24917602539062,103.09500122070312,147.8486328125,52.43498229980469,428.9812927246094,52.34142303466797,79.05510711669922,407.95684814453125,16.93631362915039,87.42121887207031,231.60125732421875,21.517658233642578,356.0650634765625,516.5800170898438,86.34161376953125,166.99411010742188,135.11331176757812,172.6270751953125,88.02922821044922,36.90999984741211,89.47328186035156,61.383750915527344,83.10012817382812,53.76606750488281,134.2840576171875
2022-01-20,153.0185089111328,111.07887268066406,743.4560546875,678.1162109375,114.98358917236328,58.08939743041992,37.81999969482422,130.00999450683594,48.26535415649414,86.69776916503906,92.57867431640625,335.10675048828125,459.6902770996094,151.28396606445312,74.4255599975586,33.6646728515625,139.21548461914062,160.97921752929688,530.3385620117188,80.42740631103516,153.08741760253906,279.2699890136719,44.58869934082031,200.70530700683594,52.603515625,229.34347534179688,103.0,121.88999938964844,128.14370727539062,132.41934204101562,173.88999938964844,55.2772331237793,314.09515380859375,355.5062255859375,206.92300415039062,152.0797882080078,332.0899963378906,70.87438201904297,108.24363708496094,214.19000244140625,49.4428596496582,155.80999755859375,50.6302375793457,144.22361755371094,43.28361892700195,291.1584777832031,124.43852996826172,581.0772705078125,69.87017059326172,119.20814514160156,193.66122436523438,151.66749572753906,313.8612365722656,146.2049560546875,201.6019744873047,216.5589599609375,63.145755767822266,24.102005004882812,86.61166381835938,312.892578125,207.55833435058594,50.82500076293945,41.09351348876953,73.37012481689453,220.26373291015625,371.3314514160156,66.12000274658203,146.2981719970703,124.44000244140625,25.320415496826172,133.03089904785156,102.3949966430664,146.605712890625,53.036865234375,429.426513671875,51.61273956298828,78.42933654785156,403.1630554199219,16.33279037475586,86.38338470458984,229.70472717285156,22.219663619995117,347.61572265625,510.8500061035156,86.2661361694336,165.7893829345703,135.59715270996094,172.35848999023438,83.20718383789062,37.599998474121094,89.02983093261719,59.937923431396484,86.65918731689453,53.54570388793945,133.13893127441406
2022-01-21,154.9505157470703,109.83070373535156,720.4027099609375,666.8567504882812,114.07601165771484,58.02948760986328,35.939998626708984,125.55000305175781,48.26535415649414,87.26553344726562,92.13369750976562,331.59613037109375,458.5381774902344,149.85743713378906,73.61454010009766,33.037715911865234,135.74134826660156,158.92431640625,514.6901245117188,79.3806381225586,151.0135498046875,267.55999755859375,44.263484954833984,197.8082733154297,51.284820556640625,224.01100158691406,101.5479965209961,118.80999755859375,127.01201629638672,129.03265380859375,164.72999572753906,54.25675582885742,300.8094482421875,346.7942810058594,207.9302520751953,152.32460021972656,314.6333312988281,70.19853210449219,106.94590759277344,205.44000244140625,48.24723434448242,147.66000366210938,49.290809631347656,134.21922302246094,42.274600982666016,285.78131103515625,117.03092193603516,573.341552734375,66.657958984375,118.75443267822266,189.75692749023438,142.64300537109375,313.43035888671875,145.86875915527344,199.23814392089844,215.5199432373047,62.19777297973633,23.327547073364258,80.6050033569336,309.12640380859375,199.4051513671875,39.75,40.347991943359375,70.87674713134766,216.00547790527344,372.6395568847656,62.40999984741211,146.8580780029297,116.12999725341797,24.795595169067383,133.23594665527344,88.21199798583984,147.08993530273438,50.61161804199219,427.7292175292969,50.36862564086914,77.95527648925781,402.1502685546875,15.578391075134277,86.91584014892578,231.0295867919922,21.828577041625977,345.0582275390625,499.9100036621094,84.16206359863281,165.51068115234375,136.7319793701172,162.6702880859375,80.13594055175781,36.79999923706055,88.30812072753906,58.748313903808594,85.81718444824219,53.281288146972656,130.8126983642578
2022-01-24,157.33248901367188,109.38069152832031,707.72021484375,659.840087890625,114.2315902709961,57.65296173095703,36.279998779296875,136.07000732421875,48.172607421875,86.92656707763672,90.92096710205078,333.49884033203125,465.47894287109375,154.5277099609375,73.0085220336914,33.255794525146484,137.39039611816406,158.1512908935547,520.6593017578125,80.2089614868164,151.19430541992188,277.5,44.26663589477539,198.81948852539062,50.66879653930664,224.75186157226562,105.16799926757812,116.52999877929688,125.06660461425781,129.31036376953125,167.27000427246094,53.7679557800293,306.3062438964844,341.26629638671875,214.70355224609375,151.5464630126953,310.0,69.1891860961914,107.17342376708984,204.1999969482422,47.9326057434082,152.9499969482422,50.06266784667969,134.29739379882812,41.27359390258789,286.1094970703125,114.31478881835938,568.8660278320312,65.09722137451172,118.45198822021484,192.66554260253906,144.54400634765625,326.6372985839844,144.18775939941406,199.4614715576172,218.72508239746094,62.732093811035156,23.325550079345703,84.03500366210938,308.65899658203125,195.4543914794922,38.71500015258789,40.01564407348633,71.13380432128906,220.3526611328125,376.6106872558594,60.52000045776367,145.66603088378906,121.83000183105469,24.20619010925293,136.07867431640625,93.8489990234375,148.18759155273438,52.13404083251953,428.7493896484375,50.56412124633789,78.1448745727539,403.13409423828125,15.382244110107422,88.53123474121094,230.1402587890625,21.615432739257812,344.8213806152344,519.6599731445312,83.69975280761719,167.29734802246094,134.8670196533203,161.30758666992188,81.13360595703125,37.130001068115234,90.00369262695312,59.12044906616211,85.14009094238281,52.84940719604492,130.6954803466797
2022-01-25,153.4684295654297,115.5621109008789,718.2709350585938,622.5486450195312,115.03541564941406,57.55027389526367,34.81999969482422,125.13999938964844,47.300777435302734,86.70624542236328,90.88605499267578,345.86224365234375,454.4537353515625,150.3298797607422,66.93041229248047,35.245689392089844,140.96644592285156,156.3507843017578,502.4593811035156,82.20233917236328,164.6841278076172,263.42999267578125,43.30363845825195,197.58050537109375,49.95649719238281,223.2152099609375,99.01599884033203,111.12999725341797,123.75720977783203,125.7034683227539,158.58999633789062,54.97708511352539,297.8128967285156,330.85516357421875,212.54122924804688,149.8065185546875,306.1333312988281,69.74213409423828,111.73238372802734,204.10000610351562,48.17532730102539,145.88999938964844,49.37493133544922,133.3692169189453,42.074405670166016,278.5023193359375,113.14666748046875,560.9130249023438,65.4692611694336,117.15705871582031,187.5121612548828,139.98599243164062,322.3007507324219,148.3106689453125,199.44285583496094,220.6006317138672,64.57638549804688,22.279634475708008,79.24500274658203,307.0050354003906,195.59962463378906,36.641998291015625,40.806087493896484,74.63823699951172,212.8043670654297,376.7227783203125,59.5,144.0766143798828,117.80000305175781,25.352710723876953,135.59400939941406,89.23899841308594,147.03346252441406,52.24025344848633,423.713134765625,49.862098693847656,76.86492156982422,385.3670959472656,15.072943687438965,87.54756927490234,227.48143005371094,21.494190216064453,348.79034423828125,502.7200012207031,83.52992248535156,165.5025177001953,135.43881225585938,157.3586883544922,78.95243835449219,36.220001220703125,89.64720153808594,55.58213424682617,85.97341918945312,52.72600173950195,132.1200714111328
2022-01-26,157.32366943359375,113.999755859375,715.5006103515625,627.0506591796875,116.02075958251953,57.35343933105469,34.79999923706055,128.0399932861328,47.940738677978516,86.39270782470703,90.81625366210938,349.4979553222656,460.3091125488281,151.73828125,64.73802185058594,36.16339874267578,134.2405242919922,156.26268005371094,494.17254638671875,80.99175262451172,166.78651428222656,253.10000610351562,42.86159896850586,179.888671875,50.389644622802734,222.4103240966797,96.88400268554688,110.70999908447266,123.71979522705078,128.1876220703125,160.94000244140625,55.52591323852539,292.3359069824219,336.6174621582031,210.7762908935547,148.22396850585938,312.4700012207031,69.46127319335938,111.81664276123047,194.27000427246094,48.66975021362305,140.3300018310547,51.499149322509766,130.52618408203125,42.45079040527344,286.4377746582031,107.66693115234375,556.1213989257812,64.52555084228516,115.4557113647461,184.91798400878906,138.87249755859375,320.77447509765625,148.9742431640625,199.42422485351562,213.6179962158203,63.92140579223633,22.72674560546875,79.37333679199219,308.0207824707031,199.34703063964844,35.970001220703125,41.22825241088867,74.59537506103516,208.46710205078125,376.7695007324219,54.08000183105469,142.8213348388672,114.33000183105469,25.43345069885254,134.20529174804688,86.89199829101562,142.77207946777344,52.1517333984375,425.1878662109375,49.16895294189453,75.461669921875,383.4476318359375,15.020134925842285,86.25704956054688,226.7282257080078,21.515705108642578,352.59820556640625,500.80999755859375,84.92633819580078,163.093017578125,133.46827697753906,156.14517211914062,80.17505645751953,35.68000030517578,91.17752838134766,54.490135192871094,86.954345703125,52.53208541870117,133.37339782714844
2022-01-27,154.2183074951172,112.5223159790039,708.7455444335938,609.1968383789062,117.52473449707031,58.21775436401367,34.09000015258789,128.14999389648438,44.564754486083984,87.49433135986328,90.02229309082031,347.56842041015625,459.4046325683594,146.46832275390625,64.6221694946289,35.30929946899414,131.2573699951172,155.8028106689453,503.65704345703125,81.26481628417969,163.53298950195312,244.72000122070312,42.8900146484375,178.9412078857422,49.52335739135742,221.28524780273438,105.73799896240234,102.5999984741211,114.46044921875,128.06956481933594,159.80999755859375,55.01139450073242,292.3458251953125,342.3504638671875,208.7711181640625,148.0841064453125,276.3666687011719,70.72515869140625,114.07506561279297,189.75,48.328147888183594,136.80999755859375,50.13013458251953,132.30430603027344,43.064022064208984,289.4593505859375,106.1664047241211,547.0717163085938,60.50575256347656,115.6920166015625,185.32852172851562,139.6374969482422,320.01129150390625,150.9295196533203,197.45132446289062,208.18505859375,64.74015808105469,21.900390625,80.87000274658203,306.5376892089844,199.61813354492188,38.66999816894531,40.84201431274414,76.82311248779297,210.1862030029297,349.4482116699219,50.83000183105469,143.70635986328125,110.69000244140625,25.457677841186523,134.8110809326172,81.57599639892578,138.4703826904297,51.664913177490234,428.1279602050781,48.53800582885742,75.64183044433594,381.0747985839844,14.748547554016113,86.02239990234375,225.72096252441406,20.135164260864258,356.12188720703125,493.04998779296875,84.63381958007812,159.67544555664062,130.73240661621094,157.2691650390625,76.9962158203125,34.93000030517578,92.85569763183594,54.843955993652344,87.8050537109375,52.5761604309082,131.02008056640625
2022-01-28,157.44192504882812,114.20355224609375,726.8969116210938,619.0932006835938,119.21019744873047,59.0478401184082,35.209999084472656,136.9600067138672,44.267967224121094,88.74850463867188,89.97869110107422,351.2041931152344,468.8398742675781,151.5655975341797,64.6132583618164,36.05437088012695,132.12823486328125,166.6743621826172,520.7957763671875,82.22056579589844,168.44183349609375,253.52000427246094,43.42046356201172,181.53758239746094,48.35866165161133,223.89208984375,112.21600341796875,105.23999786376953,114.07698059082031,132.20411682128906,168.89999389648438,55.474464416503906,299.3607482910156,373.5841979980469,217.14308166503906,150.9693603515625,282.1166687011719,71.00601196289062,110.0638656616211,190.57000732421875,48.71470260620117,143.80999755859375,51.774620056152344,135.4404754638672,43.838645935058594,297.587890625,109.43336486816406,565.1415405273438,62.91945266723633,117.53514099121094,190.12376403808594,143.97799682617188,329.0884094238281,151.99122619628906,187.2051239013672,217.28981018066406,64.87803649902344,22.794607162475586,82.69499969482422,311.912841796875,220.7758331298828,38.43600082397461,41.20130157470703,76.44613647460938,219.46347045898438,355.2507629394531,53.04999923706055,144.9435577392578,117.29000091552734,25.08626937866211,135.99484252929688,87.2229995727539,145.8228302001953,52.0655632019043,432.2646179199219,49.41777420043945,76.3055191040039,392.20574951171875,14.81679630279541,87.72806549072266,232.39076232910156,20.89192008972168,354.0664367675781,518.1599731445312,83.88846588134766,162.47833251953125,136.41529846191406,162.65040588378906,77.5341796875,35.75,95.01212310791016,56.18607711791992,88.98512268066406,53.62504196166992,132.19219970703125
2022-01-31,159.39559936523438,113.41387939453125,740.208984375,650.0300903320312,118.31991577148438,59.4671745300293,37.400001525878906,146.11000061035156,45.27891159057617,89.02812194824219,90.29278564453125,347.61309814453125,480.9314880371094,159.69769287109375,69.62190246582031,35.50010299682617,135.93589782714844,171.02880859375,540.6705322265625,82.0931167602539,171.0675048828125,275.8999938964844,44.14350509643555,187.8235626220703,50.75541687011719,224.8799285888672,117.15599822998047,114.25,117.10730743408203,134.59352111816406,180.63999938964844,55.84321212768555,310.82086181640625,377.3639221191406,219.32382202148438,151.7125701904297,312.239990234375,71.51508331298828,110.67059326171875,200.24000549316406,48.364105224609375,154.27999877929688,54.15768051147461,139.68060302734375,42.51533126831055,300.2137756347656,119.4621353149414,574.2998657226562,67.94647216796875,119.71855926513672,192.5345001220703,149.57350158691406,329.4833984375,152.43359375,187.577392578125,221.45474243164062,65.4640884399414,24.437339782714844,86.23332977294922,318.80706787109375,219.0038299560547,42.7140007019043,41.44382095336914,75.93201446533203,229.83741760253906,345.626708984375,59.84000015258789,144.8983917236328,125.7699966430664,24.965150833129883,138.00804138183594,96.42400360107422,147.2998046875,52.760005950927734,438.30255126953125,49.471092224121094,76.95024108886719,400.5008544921875,15.393086433410645,88.72978973388672,235.43983459472656,21.834442138671875,356.5386962890625,534.2999877929688,82.74679565429688,165.72378540039062,137.95477294921875,171.025634765625,80.46849060058594,38.52000045776367,92.61225128173828,57.63801956176758,89.63195037841797,53.774879455566406,133.9864959716797
2022-02-01,160.99407958984375,115.07810974121094,742.9163818359375,654.1383056640625,118.41500091552734,58.18352508544922,38.61000061035156,147.77999877929688,45.39948272705078,87.663818359375,90.3800277709961,345.7193298339844,484.0543518066406,160.9425506591797,68.82872772216797,35.90898513793945,139.4193115234375,170.8624725341797,546.1235961914062,82.58462524414062,174.6064453125,283.760009765625,44.49081802368164,187.2678680419922,52.04523468017578,230.4960174560547,117.30799865722656,116.77999877929688,119.41748046875,136.7557373046875,182.14999389648438,57.07806396484375,316.51617431640625,382.9114074707031,220.2478790283203,150.6808624267578,310.4166564941406,71.90127563476562,113.58629608154297,208.33999633789062,49.982234954833984,155.67999267578125,54.789955139160156,141.16563415527344,42.82195281982422,298.0705871582031,120.82019805908203,587.1531372070312,68.1279525756836,120.07772064208984,191.48631286621094,151.19349670410156,331.027587890625,151.1861114501953,191.10446166992188,220.2659912109375,69.6611557006836,24.589033126831055,85.47666931152344,327.2384033203125,224.99769592285156,45.7130012512207,42.162391662597656,78.43396759033203,229.33352661132812,346.2619934082031,59.599998474121094,144.2572021484375,127.5,25.643381118774414,138.14784240722656,98.41999816894531,145.73406982421875,54.03315734863281,434.4442443847656,49.20449447631836,76.83647155761719,402.6614685058594,15.666068077087402,89.12687683105469,235.02236938476562,22.01042938232422,357.94061279296875,535.97998046875,84.97349548339844,189.06494140625,135.05177307128906,174.86509704589844,79.66644287109375,39.41999816894531,92.4035415649414,59.75489807128906,90.86446380615234,53.37824630737305,136.2857208251953
2022-02-02,166.81080627441406,116.53855895996094,739.822265625,659.1969604492188,119.81524658203125,58.8852424621582,37.16999816894531,142.1999969482422,45.91885757446289,88.97728729248047,90.1880874633789,346.0141296386719,497.01239013671875,171.00086975097656,69.27432250976562,35.663658142089844,138.61326599121094,172.0660858154297,547.5549926757812,84.23213958740234,175.1962890625,268.2799987792969,44.47187042236328,189.39959716796875,51.49658203125,230.33135986328125,116.2300033569336,122.76000213623047,118.9217758178711,146.83102416992188,177.0399932861328,56.79508590698242,320.4849853515625,387.4919128417969,220.9501495361328,153.41749572753906,301.88665771484375,71.98027038574219,114.10877990722656,207.52000427246094,50.278892517089844,148.11000061035156,55.77997589111328,139.33865356445312,43.45940399169922,302.60784912109375,116.69851684570312,596.85498046875,66.43109893798828,121.95864868164062,190.07139587402344,150.6125030517578,335.5436706542969,152.85829162597656,190.722900390625,222.1943817138672,69.48017120361328,25.19183349609375,84.9000015258789,326.3394775390625,227.9607391357422,42.948001861572266,42.11748504638672,79.00804901123047,222.3088836669922,346.6358337402344,57.790000915527344,146.83999633789062,121.56999969482422,25.80486297607422,138.6045379638672,88.58799743652344,148.50230407714844,54.35367202758789,444.9897155761719,49.9154167175293,78.2207260131836,407.10809326171875,15.643321990966797,88.19735717773438,238.00794982910156,21.949810028076172,354.72003173828125,533.0900268554688,85.25657653808594,190.22872924804688,138.40341186523438,131.86500549316406,82.65943908691406,38.439998626708984,94.69039154052734,59.809810638427734,90.83822631835938,53.92471694946289,135.1947479248047
2022-02-03,155.93222045898438,116.98861694335938,724.7651977539062,620.0147094726562,121.63899993896484,59.26178741455078,34.540000915527344,138.02000427246094,44.778072357177734,89.34165954589844,89.14110565185547,348.1222839355469,497.5272521972656,162.7324676513672,67.52753448486328,35.05487823486328,137.38111877441406,169.18917846679688,521.54541015625,84.47789001464844,175.08204650878906,256.260009765625,44.51606369018555,186.87612915039062,51.12118911743164,226.21531677246094,112.16999816894531,120.08000183105469,115.79790496826172,141.4888916015625,170.6300048828125,55.9632682800293,235.90870666503906,380.9678039550781,216.3298797607422,153.33006286621094,297.0466613769531,69.34717559814453,113.08912658691406,206.38999938964844,49.818359375,137.94000244140625,53.69271469116211,136.80825805664062,43.07209014892578,290.820556640625,117.25885009765625,587.7657470703125,65.19703674316406,120.88114166259766,186.23690795898438,138.8455047607422,327.5350341796875,152.8494415283203,186.67466735839844,220.75030517578125,68.67005920410156,23.90040397644043,82.0683364868164,322.582275390625,224.20367431640625,40.560001373291016,41.70430374145508,77.85991668701172,210.21585083007812,349.2801208496094,55.130001068115234,148.23074340820312,114.23999786376953,25.958276748657227,135.43556213378906,80.94400024414062,146.6299285888672,54.1043815612793,453.3278503417969,49.05342483520508,77.68978118896484,398.50421142578125,15.082191467285156,86.58193969726562,236.51968383789062,21.124614715576172,351.3194274902344,510.8299865722656,83.86959075927734,187.42579650878906,137.62049865722656,123.63897705078125,80.17505645751953,36.36000061035156,94.53385925292969,59.98062515258789,89.41342163085938,54.30372619628906,134.07669067382812
2022-02-04,152.2290802001953,116.45364379882812,728.407958984375,626.6185302734375,121.56985473632812,58.78257369995117,37.04999923706055,150.25999450683594,44.86685562133789,88.34171295166016,89.62969970703125,347.791748046875,495.6201171875,163.0686798095703,67.7414321899414,34.99126434326172,139.28961181640625,168.905029296875,529.7543334960938,84.65995025634766,176.80401611328125,275.7200012207031,43.99195098876953,187.89645385742188,49.36933898925781,223.2792510986328,115.50399780273438,123.5999984741211,117.97713470458984,141.85140991210938,177.2100067138672,57.112789154052734,235.24392700195312,373.281494140625,211.67263793945312,150.81199645996094,307.7733459472656,68.95220947265625,114.50485229492188,206.4499969482422,50.8658447265625,144.10000610351562,54.55331802368164,138.75245666503906,42.76546859741211,295.3482360839844,116.07172393798828,587.2618408203125,66.93924713134766,122.64864349365234,186.95315551757812,157.63949584960938,322.9202880859375,151.84967041015625,184.6458740234375,216.99041748046875,70.16101837158203,24.270668029785156,85.91666412353516,330.42034912109375,221.15345764160156,41.016998291015625,43.36600112915039,78.71672821044922,216.59828186035156,345.4865417480469,55.849998474121094,145.87371826171875,118.45999908447266,26.547679901123047,135.5101318359375,87.5999984741211,145.5161590576172,55.03030014038086,448.1339111328125,49.00899887084961,77.85098266601562,399.7002868652344,13.618708610534668,85.73363494873047,235.99334716796875,21.337757110595703,349.9932556152344,513.5399780273438,86.70960235595703,184.22950744628906,135.02536010742188,125.40950775146484,79.39257049560547,37.68000030517578,94.3338851928711,60.401573181152344,91.00431060791016,53.73080062866211,137.55706787109375
2022-02-07,150.92364501953125,116.53006744384766,734.7943115234375,623.9501953125,123.19480895996094,57.8925666809082,37.540000915527344,152.6199951171875,45.02572250366211,88.41798400878906,88.98405456542969,350.4806213378906,491.92047119140625,159.0889434814453,67.44733428955078,36.5904655456543,140.97567749023438,168.18980407714844,530.9814453125,85.58837127685547,178.72567749023438,293.19000244140625,43.55938720703125,187.65049743652344,48.811058044433594,222.9317169189453,114.63999938964844,123.66999816894531,118.67859649658203,137.8065948486328,178.83999633789062,57.35478973388672,223.15878295898438,367.3530578613281,209.7783660888672,150.21746826171875,302.4466552734375,68.09205627441406,116.75480651855469,211.9199981689453,51.76884460449219,141.44000244140625,54.3194580078125,139.23117065429688,42.934913635253906,290.5309753417969,109.04398345947266,579.9806518554688,66.37666320800781,120.6826400756836,184.55116271972656,157.9355010986328,320.83734130859375,151.34535217285156,185.9580841064453,216.84071350097656,71.005615234375,24.678852081298828,85.163330078125,330.9147033691406,219.9624481201172,40.209999084472656,43.572601318359375,79.63351440429688,214.36538696289062,348.6727600097656,53.33000183105469,144.78103637695312,118.41000366210938,26.919090270996094,135.27713012695312,86.68900299072266,145.99232482910156,55.42204284667969,448.6254577636719,49.026763916015625,76.55203247070312,390.88427734375,13.565631866455078,85.90509033203125,235.8028106689453,21.460952758789062,352.5603332519531,507.1000061035156,87.87955474853516,184.4508056640625,133.7586212158203,120.76434326171875,79.0991439819336,39.099998474121094,95.13383483886719,60.94451141357422,91.93962097167969,54.2949104309082,138.0169219970703
2022-02-08,153.30360412597656,116.34326171875,726.2222290039062,627.2522583007812,124.0418472290039,58.09795379638672,38.34000015258789,151.72999572753906,45.61448287963867,88.47732543945312,90.92096710205078,353.785888671875,496.9360656738281,162.26907348632812,67.25126647949219,35.455692291259766,144.50543212890625,171.2957305908203,539.6965942382812,86.5350112915039,184.5573272705078,293.510009765625,43.5688591003418,189.8642578125,47.60786437988281,223.0505828857422,118.25399780273438,128.22999572753906,117.55625915527344,138.0793914794922,178.89999389648438,58.01165008544922,218.46559143066406,365.6341857910156,214.15834045410156,150.40109252929688,307.3333435058594,67.50399017333984,114.97675323486328,213.27000427246094,53.05109786987305,142.69000244140625,55.483253479003906,139.20188903808594,41.71650314331055,294.0160217285156,115.767822265625,580.454833984375,68.38202667236328,120.59756469726562,186.00108337402344,161.4134979248047,324.5094299316406,151.7434844970703,187.52151489257812,216.01303100585938,69.16992950439453,25.0580997467041,85.54166412353516,332.66748046875,220.71771240234375,40.35300064086914,44.35405731201172,78.25401306152344,214.81985473632812,354.4285888671875,60.15999984741211,144.45590209960938,121.87000274658203,26.49116325378418,133.7765350341797,87.80000305175781,143.24827575683594,56.64177322387695,457.6313781738281,49.177833557128906,76.59943389892578,385.60821533203125,13.436721801757812,85.66143035888672,236.01153564453125,21.464860916137695,369.3074035644531,511.30999755859375,89.59674835205078,184.56552124023438,133.00204467773438,119.6204605102539,82.2779769897461,41.20000076293945,96.36856079101562,60.58457565307617,92.96233367919922,54.64747619628906,140.6137237548828
2022-02-09,156.92681884765625,116.9970932006836,731.2682495117188,653.0728759765625,123.77392578125,58.26054763793945,40.189998626708984,155.5,46.64247131347656,88.73152923583984,92.56121826171875,352.4459228515625,504.2592468261719,167.1392364501953,68.32073974609375,35.91141891479492,147.155029296875,172.7164306640625,564.2066040039062,87.38152313232422,186.8404998779297,307.94000244140625,43.4741325378418,192.3695526123047,48.82068634033203,223.398193359375,122.79399871826172,132.85000610351562,118.117431640625,140.3011474609375,186.89999389648438,58.63394546508789,230.19357299804688,372.4708557128906,215.9140625,150.3311004638672,310.6666564941406,67.17046356201172,116.11436462402344,215.86000061035156,53.33102798461914,149.60000610351562,56.51115798950195,143.8426055908203,41.530921936035156,300.4357604980469,120.13642120361328,582.746826171875,71.04071807861328,121.97755432128906,189.22413635253906,161.1894989013672,327.1400451660156,151.725830078125,189.47584533691406,220.03704833984375,68.83879852294922,26.651926040649414,89.0816650390625,336.6494140625,223.55490112304688,41.28900146484375,44.26422119140625,79.64209747314453,219.37454223632812,359.1377868652344,62.279998779296875,144.1307830810547,128.16000366210938,26.63650131225586,136.321044921875,92.49700164794922,144.98350524902344,56.67738723754883,461.9813537597656,50.02206039428711,79.12146759033203,393.610107421875,13.914441108703613,87.6558609008789,235.81185913085938,21.795333862304688,374.5361022949219,521.75,89.18161010742188,184.45901489257812,136.67919921875,122.28620910644531,86.19038391113281,44.0,91.11666870117188,60.54798126220703,95.04273986816406,53.801326751708984,141.1997528076172
2022-02-10,151.5541534423828,114.73705291748047,699.9578247070312,630.525390625,123.35041046142578,56.43775939941406,37.75,174.60000610351562,45.66120910644531,84.56231689453125,91.50552368164062,344.307861328125,494.3901062011719,158.1621551513672,67.24234008789062,35.70179748535156,145.92288208007812,168.64051818847656,542.9588012695312,86.5259017944336,185.99380493164062,311.1099853515625,42.96580505371094,187.24966430664062,48.45492172241211,219.89500427246094,122.09200286865234,125.7699966430664,115.83531951904297,137.47384643554688,187.8800048828125,58.3400764465332,226.29417419433594,365.6536865234375,210.1295166015625,147.20977783203125,301.51666259765625,67.19678497314453,114.63965606689453,218.75,53.321990966796875,145.72000122070312,54.664241790771484,148.65916442871094,40.82891845703125,291.91156005859375,117.74319458007812,573.2921752929688,69.32572937011719,119.7752456665039,186.77850341796875,159.0034942626953,318.8082580566406,149.89439392089844,188.98260498046875,213.53872680664062,68.17655944824219,25.772676467895508,87.95833587646484,333.0899353027344,218.797607421875,40.62699890136719,44.05763244628906,78.75099182128906,215.0570068359375,356.95135498046875,63.20000076293945,141.93634033203125,127.22000122070312,26.693016052246094,134.97889709472656,89.33399963378906,139.6648406982422,56.50822830200195,451.426513671875,48.760169982910156,77.60445404052734,383.1341857910156,13.709704399108887,86.44949340820312,233.0985870361328,21.492238998413086,372.4048767089844,495.0199890136719,87.79169464111328,180.86109924316406,130.57408142089844,118.38705444335938,89.0268783569336,42.099998474121094,91.57750701904297,60.26735305786133,94.02875518798828,54.10100173950195,140.6137237548828
2022-02-11,145.99497985839844,114.02379608154297,694.8307495117188,603.0343627929688,122.74534606933594,57.1566047668457,35.290000915527344,167.39999389648438,44.51173782348633,84.5284194946289,89.85653686523438,353.91986083984375,485.9894714355469,149.59393310546875,66.80565643310547,37.02340316772461,145.0766143798828,165.23085021972656,521.7596435546875,86.71705627441406,182.47389221191406,293.69000244140625,42.7289924621582,185.6553497314453,47.001468658447266,212.3947296142578,116.74400329589844,113.18000030517578,112.55245971679688,133.03778076171875,181.86000061035156,58.03759002685547,217.84051513671875,361.1415100097656,208.752685546875,147.3933868408203,286.6666564941406,67.26699829101562,116.97392272949219,212.3000030517578,52.653778076171875,141.24000549316406,53.005897521972656,146.03106689453125,40.97416687011719,284.8255920410156,116.1002197265625,559.4705810546875,67.12981414794922,119.02854919433594,184.7869873046875,153.2935028076172,314.4986267089844,148.3814239501953,187.2795867919922,208.59890747070312,69.89315795898438,23.90140151977539,85.0250015258789,326.3394775390625,217.9246826171875,39.13100051879883,43.04264450073242,80.53353118896484,205.40428161621094,373.1160583496094,60.0,141.14158630371094,122.4800033569336,26.830278396606445,130.6541748046875,85.4000015258789,136.29931640625,55.4932746887207,443.4593505859375,47.8981819152832,75.6133804321289,374.6393737792969,13.307814598083496,85.0163803100586,231.54681396484375,21.077686309814453,371.9501953125,473.9700012207031,84.25543212890625,174.968505859375,128.7091064453125,114.67688751220703,87.79448699951172,39.9900016784668,90.638427734375,59.0716438293457,91.40641021728516,53.14026641845703,138.78334045410156
2022-02-14,144.28106689453125,111.84112548828125,683.8753051757812,602.7177124023438,123.60107421875,56.35218811035156,34.59000015258789,164.35000610351562,44.46501159667969,84.69789123535156,89.26325225830078,345.6835632324219,483.02392578125,150.03915405273438,66.7699966430664,35.82026672363281,144.2768096923828,165.46600341796875,515.1768798828125,85.16967010498047,182.98760986328125,291.1300048828125,42.293270111083984,184.0064239501953,46.587562561035156,208.96473693847656,115.91600036621094,114.2699966430664,110.69124603271484,134.19825744628906,180.60000610351562,57.44121170043945,216.0048828125,365.42913818359375,208.7895965576172,145.74964904785156,291.9200134277344,67.11780548095703,115.17056274414062,210.0399932861328,52.238399505615234,142.08999633789062,53.48288345336914,147.37930297851562,40.183406829833984,284.7869567871094,115.78681945800781,554.4320678710938,67.55628204345703,117.9982681274414,182.1753692626953,155.16700744628906,315.638916015625,146.5146484375,186.02322387695312,206.30072021484375,68.82138061523438,24.21877098083496,86.836669921875,323.8047180175781,218.55511474609375,39.65700149536133,42.59354782104492,78.83712005615234,203.92227172851562,364.9682922363281,59.15999984741211,141.54798889160156,120.77999877929688,26.200496673583984,131.96836853027344,84.74500274658203,135.25010681152344,54.72760009765625,439.9997863769531,47.25835037231445,74.85487365722656,367.9228210449219,13.239568710327148,84.94383239746094,229.9406280517578,20.94471549987793,366.82568359375,474.010009765625,82.96007537841797,175.3782501220703,127.85582733154297,113.51311492919922,87.89227294921875,39.9900016784668,89.56022644042969,58.931331634521484,89.65815734863281,53.48401641845703,137.4939727783203
2022-02-15,147.56683349609375,111.66067504882812,702.6561279296875,630.0740966796875,125.1222915649414,55.64190673828125,37.09000015258789,168.99000549316406,45.268707275390625,84.14707946777344,90.65919494628906,341.44036865234375,490.0420227050781,157.18994140625,66.92151641845703,36.54032516479492,147.7642059326172,169.2969512939453,513.940185546875,85.59748077392578,188.3435821533203,300.0,42.42587661743164,185.86489868164062,47.81000518798828,210.73916625976562,118.33200073242188,121.47000122070312,112.4682846069336,135.3145751953125,189.3000030517578,57.90792465209961,219.27919006347656,372.6368103027344,210.7762908935547,145.10267639160156,307.4766540527344,68.2939224243164,114.3275375366211,217.72999572753906,52.716983795166016,146.89999389648438,55.71895217895508,151.1602783203125,40.17533493041992,290.0675048828125,119.88949584960938,549.9664916992188,69.08072662353516,118.35745239257812,181.74554443359375,156.510498046875,317.16522216796875,148.02755737304688,189.2990264892578,205.50823974609375,67.95870971679688,26.442350387573242,87.73332977294922,327.1305236816406,220.96041870117188,40.74599838256836,42.925880432128906,77.22676086425781,211.6780242919922,359.5209045410156,61.22999954223633,141.62026977539062,125.56999969482422,25.96634292602539,135.68722534179688,88.94999694824219,133.6521453857422,55.404232025146484,443.5521240234375,48.22698211669922,75.6323471069336,372.4263000488281,13.709704399108887,85.723876953125,230.32176208496094,21.20870018005371,372.64166259765625,479.5,84.75656127929688,178.05821228027344,128.10211181640625,114.84598541259766,93.89783477783203,43.5,89.53414916992188,61.566768646240234,90.40992736816406,53.686737060546875,139.50466918945312
2022-02-16,149.4051055908203,111.00758361816406,704.661865234375,637.2252807617188,126.08173370361328,55.5135383605957,36.58000183105469,173.9199981689453,45.07245635986328,84.32503509521484,89.99613189697266,345.6210021972656,488.5926513671875,156.8265380859375,67.04627990722656,37.998661041259766,147.73629760742188,169.0618133544922,514.300537109375,86.24373626708984,188.72413635253906,304.70001220703125,42.16065216064453,186.06532287597656,48.54154586791992,209.46778869628906,118.1780014038086,117.69000244140625,113.08558654785156,136.36795043945312,183.27999877929688,57.86471939086914,214.8539276123047,373.994384765625,209.76910400390625,145.39991760253906,307.7966613769531,67.77607727050781,114.36157989501953,218.92999267578125,52.50026321411133,138.50999450683594,55.20499801635742,152.7527618408203,40.086570739746094,289.7290344238281,119.24370574951172,543.7225952148438,68.32758331298828,118.83006286621094,182.29820251464844,158.10049438476562,314.319091796875,147.9390869140625,189.51309204101562,204.57485961914062,68.27239227294922,26.458309173583984,87.73500061035156,323.6339416503906,221.9303436279297,39.80799865722656,42.82707214355469,77.68319702148438,209.1981964111328,367.82745361328125,60.20000076293945,142.69488525390625,120.13999938964844,26.224714279174805,136.53543090820312,74.68499755859375,132.90150451660156,55.644630432128906,445.2401123046875,48.20920944213867,75.08244323730469,373.5666809082031,13.656625747680664,86.33158111572266,229.6683807373047,20.829343795776367,369.95147705078125,477.70001220703125,84.46344757080078,176.46006774902344,127.01129150390625,109.9521484375,93.95651245117188,43.81999969482422,90.37759399414062,61.865692138671875,88.41692352294922,53.677921295166016,139.75711059570312
2022-02-17,146.2169952392578,107.38981628417969,685.844970703125,624.3341064453125,125.30380249023438,55.44507598876953,35.709999084472656,165.80999755859375,44.45566177368164,84.50049591064453,88.73104095458984,347.29156494140625,491.0813293457031,151.55654907226562,67.17996978759766,37.470027923583984,143.5514373779297,165.46600341796875,483.1688537597656,85.88875579833984,186.18405151367188,286.2799987792969,43.84986877441406,182.6217041015625,46.99183654785156,205.22373962402344,113.1500015258789,112.37000274658203,110.21424865722656,131.23110961914062,169.85000610351562,55.92869567871094,206.0926971435547,364.9798278808594,206.7936553955078,145.7934112548828,292.1166687011719,67.02124786376953,113.7740478515625,213.5800018310547,50.70329666137695,129.3800048828125,53.52171325683594,149.4309844970703,39.45720291137695,281.2451477050781,118.17054748535156,534.0307006835938,67.64703369140625,116.49542999267578,178.95590209960938,154.65249633789062,312.3887634277344,147.0366668701172,181.2305145263672,201.3521270751953,68.16783905029297,24.458293914794922,83.19000244140625,313.7555236816406,217.8470916748047,38.66699981689453,41.38094711303711,78.50125885009766,197.62875366210938,371.98541259765625,59.63999938964844,144.32948303222656,115.0,26.337276458740234,133.09616088867188,66.0,131.8523406982422,51.05950164794922,436.2342529296875,49.559959411621094,71.6122817993164,368.6766052246094,13.300235748291016,84.39960479736328,227.70826721191406,20.494964599609375,360.4507141113281,457.7099914550781,81.33377075195312,172.69007873535156,126.0436019897461,104.64054870605469,91.67753601074219,42.900001525878906,88.95157623291016,60.06602096557617,84.04634094238281,54.75325012207031,136.53819274902344
2022-02-18,148.0730438232422,106.8570327758789,680.0165405273438,621.8385620117188,124.49134063720703,55.13383865356445,34.68000030517578,159.02000427246094,42.09130096435547,85.42484283447266,87.75386047363281,345.2279968261719,488.85003662109375,152.31980895996094,66.0837631225586,36.64970016479492,143.17947387695312,163.91795349121094,468.5816955566406,84.98762512207031,185.3944854736328,273.7699890136719,43.5688591003418,182.6125946044922,46.78007507324219,203.266357421875,111.2020034790039,113.83000183105469,108.22207641601562,129.40509033203125,164.92999267578125,55.43603515625,204.5547637939453,361.31732177734375,205.77719116210938,146.6327362060547,285.6600036621094,67.03003692626953,113.61224365234375,209.02999877929688,50.2337532043457,126.95999908447266,53.61323165893555,147.87757873535156,39.15864181518555,278.5364685058594,113.00421142578125,530.6716918945312,65.20610809326172,116.13624572753906,179.29808044433594,152.60150146484375,311.4281005859375,145.46055603027344,178.63401794433594,201.1495819091797,67.40975189208984,23.59501075744629,80.36166381835938,311.0408630371094,215.9849090576172,39.12900161743164,41.28213882446289,77.1837158203125,194.47703552246094,365.57568359375,56.029998779296875,144.4016876220703,110.27999877929688,25.91314125061035,133.23594665527344,65.68800354003906,131.0210723876953,50.195899963378906,433.88763427734375,50.83960723876953,70.70207977294922,365.9513854980469,13.679373741149902,84.66262817382812,227.40882873535156,20.381549835205078,349.6239013671875,442.55999755859375,80.94611358642578,172.8303985595703,125.40145111083984,103.09879302978516,88.81169891357422,41.2599983215332,88.80374908447266,56.5460090637207,83.40823364257812,55.123435974121094,137.1783905029297
2022-02-22,148.0286407470703,106.4875259399414,670.5360717773438,614.5817260742188,125.81378936767578,55.58340835571289,33.68000030517578,158.94000244140625,41.764217376708984,85.1167221069336,90.49343872070312,344.9957580566406,478.84747314453125,150.729736328125,65.75401306152344,36.04813766479492,142.22154235839844,160.99819946289062,470.5779113769531,85.14237213134766,183.07322692871094,267.7799987792969,43.0826301574707,182.11151123046875,45.01860046386719,199.2052001953125,110.02999877929688,115.6500015258789,106.21121978759766,128.3487548828125,166.7100067138672,55.219966888427734,200.5065460205078,359.6960144042969,198.29238891601562,147.19232177734375,273.84332275390625,66.6613998413086,112.74368286132812,198.74000549316406,49.917694091796875,126.61000061035156,53.37934875488281,144.68280029296875,38.35174560546875,278.33331298828125,107.24906158447266,523.5090942382812,64.4075927734375,116.37256622314453,172.2450714111328,150.19749450683594,283.86492919921875,143.48379516601562,177.9453582763672,201.0879364013672,66.62549591064453,23.343515396118164,79.25166320800781,309.4499206542969,214.6561737060547,37.737998962402344,40.9228515625,75.63368225097656,192.78758239746094,365.0898132324219,54.400001525878906,142.62265014648438,110.98999786376953,25.33402442932129,128.79940795898438,62.61600112915039,131.67474365234375,49.53706359863281,428.9720764160156,50.03093719482422,70.27540588378906,367.4782409667969,13.110664367675781,84.45402526855469,229.3144989013672,20.078454971313477,335.1122741699219,438.3999938964844,79.96278381347656,172.50845336914062,125.2430648803711,102.621337890625,88.58674621582031,38.880001068115234,88.62114715576172,57.43669509887695,82.82257843017578,54.89426803588867,136.93492126464844
2022-02-23,147.09613037109375,104.89778900146484,658.8519897460938,606.3843383789062,126.85102844238281,54.32978057861328,32.38999938964844,149.44000244140625,41.726837158203125,83.59326934814453,89.89142608642578,347.4076232910156,472.24896240234375,146.84991455078125,64.45282745361328,36.2213134765625,139.0038299560547,156.8341064453125,454.7539367675781,83.95906829833984,179.75311279296875,252.6300048828125,42.640586853027344,178.82276916503906,44.64320373535156,196.50697326660156,104.94000244140625,109.76000213623047,103.79817962646484,126.54606628417969,161.8300018310547,54.64088821411133,196.90480041503906,352.8008117675781,198.75439453125,145.7409210205078,254.67999267578125,66.56483459472656,115.426025390625,196.4199981689453,48.71670913696289,120.0999984741211,52.24513626098633,142.51388549804688,37.81919479370117,271.1263122558594,104.2005386352539,522.2146606445312,64.00833129882812,116.91129302978516,166.5869140625,144.82699584960938,276.9338073730469,143.55503845214844,173.72032165527344,200.27786254882812,66.89562225341797,22.342506408691406,79.60166931152344,306.681396484375,209.44784545898438,36.74599838256836,40.222232818603516,75.97811889648438,188.252685546875,360.7449035644531,51.81999969482422,140.84359741210938,106.3499984741211,25.39112663269043,127.53185272216797,62.6609992980957,129.0759735107422,47.498252868652344,426.2915344238281,48.378047943115234,68.71099853515625,360.829345703125,12.852848052978516,81.31566619873047,224.85885620117188,19.81056022644043,319.7101745605469,429.45001220703125,78.05281829833984,168.80189514160156,123.82674407958984,100.18437194824219,85.39811706542969,37.43000030517578,88.89940643310547,56.52161407470703,81.77364349365234,54.28609848022461,134.0676727294922
2022-02-24,150.60394287109375,104.81184387207031,658.222412109375,630.4869384765625,125.56312561035156,54.364356994628906,34.869998931884766,159.86000061035156,43.66131591796875,83.0540771484375,90.15319061279297,353.4910583496094,482.0894775390625,152.62869262695312,67.2334213256836,34.92704772949219,137.42286682128906,159.45010375976562,484.0939636230469,86.26558685302734,179.1823272705078,269.8699951171875,42.476402282714844,182.403076171875,44.614322662353516,197.49481201171875,114.79000091552734,116.61000061035156,104.70540618896484,131.59310913085938,182.8800048828125,52.43693161010742,205.98353576660156,360.7605895996094,197.20201110839844,143.20542907714844,266.92333984375,64.51981353759766,114.82994842529297,198.42999267578125,47.596988677978516,126.97000122070312,53.6141471862793,145.96266174316406,37.08492660522461,284.97918701171875,103.45027923583984,533.6651000976562,64.34407806396484,120.90948486328125,168.0343780517578,151.35800170898438,281.23431396484375,140.81251525878906,171.877685546875,204.06417846679688,66.05038452148438,23.7008056640625,89.98999786376953,305.7826232910156,210.75721740722656,39.00299835205078,39.16234588623047,75.54756164550781,201.83761596679688,369.5373840332031,51.060001373291016,137.05067443847656,113.55999755859375,23.792455673217773,127.84871673583984,66.39800262451172,133.16786193847656,46.74148178100586,422.83203125,48.63576126098633,70.92961883544922,368.8602294921875,13.00450325012207,82.54924774169922,222.35430908203125,19.943532943725586,324.6737365722656,463.82000732421875,77.78807067871094,171.03903198242188,126.08758544921875,104.46150207519531,86.88482666015625,38.77000045776367,87.62120819091797,56.454505920410156,80.2526626586914,53.334171295166016,130.3347930908203
2022-02-25,151.6962890625,106.71094512939453,675.3842163085938,640.3544921875,129.25387573242188,56.231834411621094,34.97999954223633,161.41000366210938,44.58649826049805,85.77576446533203,92.34310150146484,365.80084228515625,493.4461975097656,155.30909729003906,68.7663345336914,35.956993103027344,142.83534240722656,161.51748657226562,474.40484619140625,89.80775451660156,184.2814483642578,269.4200134277344,43.06051254272461,186.17466735839844,45.653892517089844,201.88522338867188,116.0459976196289,121.05999755859375,107.57672882080078,133.4241180419922,181.75,53.569156646728516,208.8411102294922,360.4774475097656,202.5337677001953,147.21853637695312,269.9566650390625,66.98612976074219,119.5389404296875,201.47999572753906,48.86118698120117,125.31999969482422,54.35457229614258,146.0896759033203,38.50505828857422,287.6104431152344,102.51007843017578,543.2088012695312,65.7868423461914,121.42933654785156,174.76275634765625,153.7884979248047,284.2958679199219,147.81129455566406,174.08326721191406,205.7460174560547,67.82799530029297,24.108989715576172,94.95833587646484,314.708251953125,212.6678924560547,39.08000183105469,40.43781661987305,78.59599304199219,205.59202575683594,384.31256103515625,51.650001525878906,142.90261840820312,115.06999969482422,25.064863204956055,129.36795043945312,67.69499969482422,135.25010681152344,48.4063720703125,441.2519226074219,49.79989242553711,72.38973999023438,368.0968322753906,13.520133018493652,83.97330474853516,226.36524963378906,20.354175567626953,328.6710205078125,465.5400085449219,81.07849884033203,173.31747436523438,130.59169006347656,110.35002136230469,88.12702941894531,38.61000061035156,90.69060516357422,58.79102325439453,82.64775848388672,55.39667892456055,133.41844177246094
2022-02-28,150.9591827392578,105.2759017944336,669.10595703125,639.76904296875,127.72396850585938,55.99839782714844,36.029998779296875,161.11000061035156,44.57715606689453,85.93838500976562,91.60149383544922,390.1852111816406,495.1243591308594,156.2722625732422,70.14192199707031,35.76558303833008,142.53773498535156,161.78201293945312,461.9307556152344,93.999755859375,185.0709991455078,265.6600036621094,42.675323486328125,186.24755859375,44.970481872558594,203.30294799804688,115.98400115966797,123.33999633789062,105.29463958740234,133.79258728027344,195.2100067138672,51.19234085083008,209.38682556152344,352.400390625,204.27099609375,143.16165161132812,290.1433410644531,67.21435546875,122.62151336669922,205.33999633789062,48.192970275878906,132.60000610351562,54.3018798828125,145.0443115234375,37.875675201416016,289.04217529296875,99.8984146118164,537.4490356445312,64.99740600585938,121.0985107421875,175.24522399902344,153.56300354003906,283.5596923828125,146.53799438476562,174.56716918945312,199.7671661376953,68.33338928222656,24.33653450012207,99.04166412353516,306.7713623046875,209.61273193359375,39.45199966430664,39.70127868652344,81.6874771118164,208.00270080566406,414.77276611328125,51.86000061035156,140.78038024902344,118.43000030517578,23.825077056884766,127.27086639404297,69.4260025024414,134.45108032226562,47.320186614990234,441.3632507324219,49.559959411621094,72.02944946289062,363.0811462402344,13.315397262573242,83.25675201416016,223.35401916503906,20.04912567138672,341.0230407714844,467.67999267578125,79.85874938964844,173.70545959472656,128.30445861816406,111.33475494384766,86.91419982910156,38.939998626708984,90.12541961669922,58.26636505126953,79.31737518310547,54.859012603759766,127.85525512695312
2022-03-01,148.56143188476562,104.27908325195312,642.9493408203125,608.7649536132812,127.65483093261719,55.41913604736328,33.88999938964844,159.97000122070312,43.754764556884766,85.44196319580078,90.44110107421875,410.70184326171875,498.6332702636719,148.73074340820312,69.39811706542969,34.33460235595703,130.82928466796875,159.90081787109375,456.2925720214844,94.02721405029297,169.39317321777344,263.19000244140625,42.9373779296875,184.3070831298828,42.85285568237305,196.5709991455078,114.21399688720703,113.83000183105469,102.18013763427734,133.07546997070312,197.63999938964844,50.639190673828125,201.9055633544922,336.44171142578125,204.67759704589844,141.87644958496094,288.1233215332031,67.00370025634766,127.4923324584961,194.91000366210938,45.411739349365234,122.77999877929688,52.700862884521484,142.3477783203125,36.91547775268555,285.32745361328125,101.70282745361328,536.5302124023438,66.51277160644531,120.7488021850586,192.49168395996094,151.14199829101562,287.5281066894531,146.03045654296875,170.146728515625,201.2464599609375,68.98692321777344,23.43033790588379,96.125,296.7442626953125,202.67799377441406,38.624000549316406,38.14735412597656,83.49586486816406,206.38238525390625,427.8686218261719,50.97999954223633,138.45045471191406,117.9000015258789,23.23781394958496,123.23506927490234,67.34400177001953,135.59716796875,45.032081604003906,441.7157287597656,48.53800582885742,72.06737518310547,377.4613037109375,12.663277626037598,81.76012420654297,218.66368103027344,19.722566604614258,339.72528076171875,466.67999267578125,73.61832427978516,169.7099609375,128.22528076171875,105.94358825683594,84.37110900878906,37.68000030517578,88.73419189453125,56.32640075683594,76.59886932373047,54.621028900146484,123.03134155273438
2022-03-02,151.0568389892578,106.43598937988281,663.8440551757812,629.0759887695312,129.27981567382812,55.82548904418945,34.040000915527344,164.47999572753906,45.670555114746094,86.26358795166016,92.81423950195312,404.7564392089844,503.4677429199219,154.42416381835938,69.4967041015625,35.76558303833008,131.31288146972656,163.1929168701172,473.2557678222656,92.2057876586914,171.5336456298828,264.69000244140625,42.99105453491211,187.93287658691406,44.585445404052734,200.54063415527344,117.41200256347656,118.27999877929688,105.86516571044922,133.65419006347656,201.75,51.477561950683594,206.4895782470703,336.0606689453125,211.29376220703125,143.84365844726562,293.2966613769531,67.29334259033203,131.256103515625,197.80999755859375,47.15452194213867,121.61000061035156,54.1484375,143.95004272460938,38.488922119140625,290.3965148925781,100.1168441772461,549.7491455078125,65.14258575439453,122.82823181152344,197.29014587402344,152.05250549316406,293.92059326171875,147.84690856933594,179.2482452392578,203.40377807617188,70.17200469970703,24.17597770690918,97.01000213623047,304.1402587890625,202.20274353027344,38.00299835205078,38.76712417602539,84.42587280273438,207.86439514160156,425.3263854980469,48.77000045776367,138.88389587402344,114.4000015258789,24.55916404724121,126.4599838256836,65.98300170898438,139.78591918945312,46.42096710205078,450.1837158203125,49.897647857666016,74.21964263916016,385.7144775390625,13.724870681762695,84.14564514160156,219.8590850830078,19.894643783569336,356.140869140625,471.17999267578125,77.35314178466797,174.5640106201172,129.8791046142578,106.04304504394531,91.25697326660156,38.93000030517578,90.80362701416016,57.44279479980469,77.25447082519531,55.02648162841797,125.58304595947266
2022-03-03,151.85609436035156,108.21476745605469,663.5474243164062,605.482177734375,130.00582885742188,57.407657623291016,31.719999313354492,148.4600067138672,44.79209518432617,87.84696197509766,93.92229461669922,402.795654296875,508.2831115722656,150.86582946777344,70.60791778564453,35.10933303833008,128.82057189941406,162.8695831298828,460.3045654296875,91.37287902832031,171.13406372070312,224.02000427246094,43.97931671142578,186.48440551757812,43.218624114990234,202.42486572265625,112.46199798583984,111.9800033569336,101.9556655883789,133.21434020996094,191.02000427246094,49.800819396972656,201.38961791992188,333.0330505371094,209.09457397460938,143.6896209716797,279.7633361816406,67.71465301513672,133.02731323242188,188.85000610351562,46.26958465576172,113.11000061035156,53.4847297668457,142.22080993652344,38.59381103515625,286.26580810546875,96.91637420654297,547.6150512695312,61.54927062988281,124.19876861572266,196.3602752685547,147.89849853515625,291.2181091308594,150.01956176757812,181.3328399658203,207.13723754882812,70.61639404296875,23.670902252197266,95.5683364868164,301.4639587402344,200.9904022216797,36.80699920654297,38.3519287109375,83.88336944580078,202.29208374023438,421.85546875,45.220001220703125,139.39866638183594,108.66000366210938,23.44172477722168,124.86618041992188,64.07499694824219,141.91659545898438,46.61684036254883,451.305908203125,49.82654571533203,74.19119262695312,387.0482177734375,13.34572982788086,83.02090454101562,215.94444274902344,19.59937286376953,361.77691650390625,459.0799865722656,76.31306457519531,175.36474609375,131.5857391357422,100.80106353759766,87.22718811035156,36.97999954223633,90.8992919921875,56.39960479736328,76.7300033569336,55.06174087524414,124.6904067993164
2022-03-04,150.9503173828125,108.80772399902344,630.7334594726562,570.4752197265625,130.13546752929688,58.4278564453125,29.829999923706055,142.19000244140625,44.92293167114258,90.08934783935547,94.49811553955078,412.08697509765625,501.0838928222656,148.0464630126953,71.88045501708984,35.492149353027344,124.72867584228516,159.87142944335938,452.7577819824219,91.15321350097656,164.53189086914062,209.64999389648438,45.093875885009766,189.90982055664062,40.812252044677734,196.8998260498047,109.41400146484375,108.41000366210938,99.23397064208984,131.04612731933594,179.02999877929688,48.91059494018555,198.50225830078125,323.0418395996094,207.05239868164062,145.87220764160156,279.42999267578125,68.31147003173828,135.0965576171875,180.83999633789062,44.0572395324707,108.94000244140625,55.09222412109375,137.48236083984375,39.255470275878906,280.4034729003906,95.53931427001953,540.72900390625,57.70187759399414,128.2631072998047,196.5883331298828,145.64100646972656,291.1283264160156,150.91000366210938,182.08663940429688,209.8140411376953,73.27410888671875,22.894323348999023,92.9183349609375,298.0733947753906,194.25936889648438,36.17300033569336,36.9619026184082,86.34622192382812,200.57296752929688,439.56689453125,41.27000045776367,140.10305786132812,101.37999725341797,22.846302032470703,122.54474639892578,60.08399963378906,144.54763793945312,45.33478546142578,462.49139404296875,50.21755599975586,72.5224838256836,393.86138916015625,12.777019500732422,81.66035461425781,215.17791748046875,19.255216598510742,369.4873962402344,452.1300048828125,74.91368865966797,173.68067932128906,132.69418334960938,99.3786849975586,80.11637878417969,35.279998779296875,91.46446228027344,54.380313873291016,75.48873138427734,55.14988327026367,121.1829605102539
2022-03-07,146.4301300048828,108.3350830078125,613.0589599609375,551.2969360351562,129.17608642578125,59.854400634765625,28.56999969482422,130.11000061035156,44.55845642089844,91.32181549072266,93.04106903076172,419.2826843261719,503.96368408203125,136.95164489746094,75.43818664550781,38.37236022949219,116.06127166748047,156.07968139648438,425.9205322265625,89.8718032836914,151.3845672607422,193.0,44.73077392578125,189.84600830078125,38.3384895324707,184.55575561523438,103.92400360107422,102.94999694824219,98.17710876464844,125.43468475341797,167.39999389648438,48.0117301940918,186.01028442382812,305.6180419921875,205.3798370361328,142.96795654296875,268.1933288574219,68.22370910644531,137.98326110839844,169.1699981689453,41.36630630493164,107.87999725341797,52.75446701049805,130.42849731445312,38.71485900878906,269.8106994628906,93.69690704345703,528.3103637695312,54.9161376953125,125.134521484375,185.13168334960938,137.4530029296875,289.79058837890625,153.34088134765625,183.0545196533203,204.30189514160156,75.91438293457031,21.313196182250977,88.9183349609375,291.0390319824219,184.9581298828125,35.0260009765625,34.60609436035156,87.20735931396484,193.87437438964844,448.3662414550781,38.61000061035156,138.0260009765625,95.05999755859375,23.2459716796875,116.2484359741211,56.08000183105469,142.6752471923828,44.52459716796875,451.5655517578125,49.40000534057617,70.46504211425781,372.687255859375,12.109732627868652,76.6081771850586,204.70237731933594,18.737024307250977,349.5291748046875,437.9700012207031,72.2000503540039,166.07766723632812,130.99632263183594,93.1121826171875,74.04235076904297,34.47999954223633,90.91667175292969,52.133304595947266,72.9450454711914,53.836578369140625,116.50334930419922
2022-03-08,148.6058349609375,107.99993896484375,600.2012939453125,550.0491333007812,127.18807983398438,58.63536071777344,30.739999771118164,127.12999725341797,44.3902473449707,90.26909637451172,90.81625366210938,403.84796142578125,499.0433654785156,137.55381774902344,73.43975830078125,41.088504791259766,117.25164031982422,154.25729370117188,430.61407470703125,86.81475830078125,152.25973510742188,191.61000061035156,43.805660247802734,187.10386657714844,38.69462966918945,187.21728515625,103.63999938964844,105.52999877929688,99.33686065673828,126.2420654296875,156.77000427246094,47.424007415771484,188.8083038330078,306.9951477050781,206.3039093017578,138.937255859375,274.79998779296875,67.53909301757812,145.2128143310547,173.8000030517578,41.9532585144043,108.48999786376953,53.239768981933594,128.71875,38.27912902832031,266.8505554199219,92.59526062011719,517.68994140625,53.25558853149414,117.83760833740234,183.17539978027344,136.01449584960938,284.3766784667969,150.23329162597656,195.43186950683594,200.7357635498047,76.48947143554688,21.47490119934082,87.5250015258789,290.56878662109375,185.93772888183594,34.17599868774414,34.83173751831055,85.08035278320312,189.77420043945312,421.4051208496094,40.02000045776367,132.56239318847656,91.9800033569336,24.265533447265625,113.23104858398438,51.494998931884766,140.31048583984375,45.165626525878906,439.12799072265625,48.342506408691406,69.5263900756836,375.0936279296875,12.155230522155762,76.19092559814453,203.2970733642578,19.04989242553711,345.67388916015625,431.5299987792969,71.56654357910156,167.91859436035156,129.3073272705078,94.39532470703125,75.47038269042969,36.540000915527344,89.00374603271484,53.824676513671875,72.82268524169922,51.70355987548828,115.68283081054688
2022-03-09,153.15264892578125,108.46398162841797,627.7092895507812,596.4111938476562,128.64881896972656,58.030147552490234,31.5,142.8300018310547,44.51173782348633,90.14926147460938,90.37130737304688,403.605224609375,503.1340637207031,143.3475799560547,71.9790267944336,38.79163360595703,122.67341613769531,159.6558837890625,452.55328369140625,90.17385864257812,160.44119262695312,207.55999755859375,44.032989501953125,191.03945922851562,40.69673538208008,198.9005889892578,111.91600036621094,111.05000305175781,104.61187744140625,132.7759246826172,169.7899932861328,48.35744857788086,196.95440673828125,320.4731750488281,208.72496032714844,138.52362060546875,286.3233337402344,68.27637481689453,141.5852813720703,178.55999755859375,44.391353607177734,109.08000183105469,55.18744659423828,130.57505798339844,39.33616256713867,279.08795166015625,95.85271453857422,535.1768188476562,56.6220588684082,121.72234344482422,189.48277282714844,139.2790069580078,286.50836181640625,150.80316162109375,195.22711181640625,205.26168823242188,72.14131164550781,22.972169876098633,92.48500061035156,301.61767578125,193.7453155517578,35.87900161743164,37.04314041137695,82.8499984741211,200.72122192382812,422.0711975097656,43.34000015258789,134.35047912597656,98.05000305175781,23.678264617919922,118.59320068359375,58.76499938964844,140.39930725097656,46.45657730102539,450.35986328125,49.69325637817383,72.1527099609375,378.360107421875,12.413044929504395,79.45624542236328,203.005126953125,19.229793548583984,349.39654541015625,450.8699951171875,75.06497192382812,170.7005615234375,132.37745666503906,99.6870346069336,77.70045471191406,37.79999923706055,90.0819320678711,55.71753692626953,76.39781951904297,51.967987060546875,120.31736755371094
2022-03-10,153.41017150878906,106.8570327758789,631.2857666015625,575.9945678710938,128.93405151367188,59.31836700439453,30.40999984741211,140.16000366210938,43.60523986816406,90.88532257080078,91.13908386230469,399.6833801269531,507.96844482421875,141.1578369140625,71.83565521240234,39.55725860595703,121.13893127441406,155.3154754638672,440.5076904296875,90.1646957397461,161.34495544433594,197.85000610351562,45.03388214111328,191.74440002441406,40.282840728759766,201.25010681152344,106.71800231933594,106.45999908447266,101.48802185058594,131.60157775878906,191.02000427246094,47.432640075683594,193.6900177001953,317.0157775878906,207.1448211669922,135.98019409179688,279.4333190917969,68.3641357421875,145.45977783203125,178.38999938964844,44.255897521972656,103.33000183105469,54.32869338989258,130.56527709960938,39.69926452636719,276.2727966308594,88.24565887451172,531.768310546875,47.65690612792969,122.4596176147461,188.41250610351562,146.8175048828125,287.1767272949219,151.07028198242188,197.09767150878906,204.98875427246094,74.38076782226562,22.61682891845703,91.9749984741211,298.2812805175781,192.00917053222656,35.676998138427734,36.709171295166016,85.87257385253906,197.747314453125,417.08984375,35.7599983215332,130.89169311523438,93.87999725341797,23.678264617919922,117.7337646484375,55.31800079345703,142.18292236328125,44.51569366455078,455.8041687011719,48.617984771728516,72.67417907714844,369.894287109375,12.382715225219727,79.05717468261719,202.57623291015625,19.5895938873291,358.1963195800781,438.95001220703125,75.31080627441406,171.03077697753906,132.90530395507812,98.02591705322266,74.06192779541016,37.630001068115234,90.49931335449219,55.766387939453125,75.05166625976562,51.01606369018555,118.89273834228516
2022-03-11,151.28775024414062,106.52191162109375,622.0863647460938,562.344970703125,128.83897399902344,59.38752365112305,30.760000228881836,127.0199966430664,42.82958221435547,90.84252166748047,90.58069610595703,394.8983459472656,502.9147033691406,138.99545288085938,71.0649642944336,39.101524353027344,120.9808349609375,151.60202026367188,427.7998352050781,88.70939636230469,159.7276611328125,180.4199981689453,44.85707473754883,189.76686096191406,39.95557403564453,195.65164184570312,102.43000030517578,104.29000091552734,100.71173858642578,129.41302490234375,190.5399932861328,46.81035232543945,186.14918518066406,317.2110595703125,205.3336639404297,135.29376220703125,265.1166687011719,68.68890380859375,145.5278778076172,176.22999572753906,43.768272399902344,98.12000274658203,53.41539764404297,128.71875,40.56264114379883,270.93292236328125,82.34805297851562,523.4298706054688,43.54636001586914,119.43498229980469,181.5613250732422,145.52450561523438,286.1380615234375,150.7942352294922,199.92681884765625,206.78500366210938,73.99734497070312,22.059837341308594,91.00499725341797,295.65924072265625,190.78717041015625,34.03200149536133,36.40228271484375,84.7445068359375,195.52430725097656,409.2942199707031,32.130001068115234,129.3384552001953,75.01000213623047,23.058366775512695,114.55757904052734,54.4370002746582,140.1329345703125,44.51569366455078,449.1809387207031,48.6002197265625,73.78350830078125,366.9274597167969,12.162812232971191,75.03901672363281,207.0200958251953,19.028385162353516,368.9284973144531,416.3800048828125,75.86865997314453,168.32310485839844,130.04624938964844,96.05643463134766,71.22541809082031,37.25,89.96891021728516,56.346458435058594,74.45728302001953,51.05131530761719,116.21480560302734
2022-03-14,148.0552215576172,106.50470733642578,631.5845947265625,554.3782348632812,131.4665985107422,59.36159896850586,29.270000457763672,118.76000213623047,41.49319839477539,90.9794692993164,90.05720520019531,399.7644958496094,501.5130615234375,128.9133758544922,71.04702758789062,37.871055603027344,124.31018829345703,147.57516479492188,413.4951171875,88.81925964355469,164.37969970703125,166.75,45.48223876953125,189.5196075439453,39.30104064941406,193.7702178955078,99.0199966430664,102.25,102.9283676147461,125.70893096923828,183.1199951171875,46.870845794677734,185.1768341064453,320.92242431640625,209.3070831298828,137.19467163085938,255.4566650390625,68.87483978271484,141.9684600830078,175.52000427246094,45.02345275878906,94.63999938964844,52.48640060424805,126.06132507324219,42.16029739379883,267.42132568359375,73.8482894897461,529.4269409179688,38.963966369628906,119.30265045166016,183.13156127929688,141.85299682617188,287.55609130859375,152.8778533935547,200.49449157714844,206.86424255371094,71.3483657836914,21.291240692138672,87.55166625976562,293.8328552246094,194.29812622070312,33.10100173950195,37.187564849853516,83.14279174804688,190.80169677734375,414.0972900390625,25.530000686645508,130.9910430908203,73.23999786376953,22.723957061767578,109.8306655883789,51.255001068115234,140.62948608398438,44.9875602722168,453.8786315917969,48.25364303588867,73.0724105834961,364.33746337890625,11.93532943725586,71.9188003540039,206.39048767089844,18.535615921020508,373.077392578125,411.5,78.72413635253906,168.6533203125,131.22503662109375,96.35485076904297,67.88031768798828,35.38999938964844,90.8558120727539,56.45026779174805,74.05517578125,51.992767333984375,117.368896484375
2022-03-15,153.02830505371094,107.96556854248047,640.7659912109375,572.7599487304688,134.73382568359375,59.36159896850586,29.799999237060547,120.94000244140625,41.87635803222656,91.3132553100586,91.95921325683594,403.56011962890625,517.1223754882812,131.5775909423828,73.4666519165039,35.7838134765625,124.8681869506836,151.95480346679688,428.150390625,89.35010528564453,167.4714813232422,170.77999877929688,46.02846908569336,194.3812255859375,40.55236053466797,198.4508819580078,102.84400177001953,109.33000183105469,103.56436157226562,128.6046905517578,188.63999938964844,47.63143539428711,190.5347900390625,327.182861328125,213.52078247070312,139.93173217773438,267.2966613769531,69.63636779785156,134.78147888183594,179.88999938964844,45.24919891357422,98.97000122070312,54.793663024902344,131.1123809814453,42.128013610839844,277.78192138671875,72.89859008789062,544.3137817382812,41.722476959228516,123.12123107910156,188.91258239746094,147.3665008544922,296.75115966796875,156.84024047851562,201.44374084472656,207.99134826660156,67.28773498535156,22.931249618530273,90.01000213623047,297.6122741699219,199.9332275390625,34.375,37.45834732055664,81.85108947753906,193.78546142578125,420.1011962890625,27.309999465942383,135.705078125,76.63999938964844,22.87892723083496,111.54020690917969,55.34299850463867,140.62132263183594,45.005367279052734,463.171630859375,49.408878326416016,76.41930389404297,374.37847900390625,12.177977561950684,75.39274597167969,212.22142028808594,19.182865142822266,367.9718017578125,421.6600036621094,78.6390380859375,173.79627990722656,133.57383728027344,99.92575073242188,71.5090560913086,35.7400016784668,93.02092742919922,56.38920593261719,75.46251678466797,52.95197296142578,119.45177459716797
2022-03-16,156.58941650390625,109.16863250732422,661.9898681640625,624.5260620117188,134.88075256347656,59.24054718017578,32.61000061035156,132.24000549316406,43.577205657958984,90.697021484375,93.6169204711914,378.97796630859375,518.1427612304688,137.27096557617188,73.94160461425781,34.5260124206543,128.18817138671875,156.3638153076172,445.8927001953125,87.68428802490234,171.81906127929688,197.83999633789062,45.892696380615234,194.5185546875,42.207942962646484,207.35333251953125,109.4800033569336,115.37000274658203,107.08103942871094,132.6018524169922,189.66000366210938,49.09209442138672,202.0444793701172,336.636962890625,213.76101684570312,140.5477752685547,280.07666015625,69.1759262084961,134.29611206054688,188.99000549316406,46.59466552734375,106.83999633789062,56.121070861816406,134.9617156982422,42.7009162902832,284.7856750488281,99.69898986816406,556.0870971679688,58.14650344848633,124.77070617675781,189.1230926513672,153.10400390625,298.8918151855469,155.39776611328125,201.090087890625,211.00279235839844,67.0350341796875,24.45148277282715,92.31999969482422,308.1004943847656,205.4906768798828,35.75299835205078,38.63172912597656,81.65303039550781,203.10226440429688,398.1589660644531,42.619998931884766,135.24452209472656,83.16999816894531,23.335689544677734,116.94908142089844,62.237998962402344,141.14224243164062,46.21620178222656,463.49725341796875,49.59550476074219,75.81248474121094,379.05596923828125,12.572283744812012,79.28392791748047,217.30406188964844,20.092144012451172,367.716064453125,442.3599853515625,84.09471130371094,179.88035583496094,135.97544860839844,107.34607696533203,77.92542266845703,37.86000061035156,93.13394165039062,57.82412338256836,80.2089614868164,52.809871673583984,124.78955841064453
2022-03-17,158.4898223876953,109.9592056274414,670.8814086914062,627.8568115234375,137.07618713378906,59.14546203613281,32.849998474121094,137.74000549316406,44.05381393432617,91.15062713623047,95.74576568603516,385.4989929199219,527.10595703125,139.4425048828125,74.10292053222656,36.01167297363281,127.91851043701172,157.37298583984375,461.32696533203125,89.46907806396484,177.86949157714844,208.85000610351562,45.96243667602539,195.8552703857422,42.02505874633789,209.23475646972656,113.33599853515625,111.69000244140625,108.22207641601562,133.50445556640625,204.1300048828125,49.515602111816406,206.2216796875,338.35595703125,216.57937622070312,141.63905334472656,290.5333251953125,69.90203094482422,136.620849609375,190.19000244140625,46.486297607421875,111.29000091552734,55.709720611572266,136.26112365722656,43.766021728515625,285.588623046875,95.32089233398438,565.6754760742188,56.20465087890625,126.64765930175781,193.5443572998047,157.23899841308594,303.8144226074219,157.42796325683594,206.3201904296875,215.8545379638672,68.82138061523438,24.720993041992188,94.02666473388672,310.3699035644531,207.02310180664062,37.13999938964844,38.83933639526367,85.10619354248047,207.88417053222656,402.2585144042969,39.369998931884766,135.66897583007812,87.26000213623047,23.686418533325195,119.0229263305664,65.73799896240234,144.0074462890625,46.75038528442383,471.64599609375,49.9154167175293,76.41930389404297,389.1355895996094,12.572283744812012,79.51068878173828,216.69265747070312,20.45781135559082,384.7189025878906,444.3599853515625,84.8889389038086,183.5291290283203,138.52203369140625,111.56353759765625,78.75682067871094,37.790000915527344,94.39476013183594,58.3309211730957,82.04461669921875,53.369407653808594,126.36748504638672
2022-03-18,159.9373321533203,110.64665985107422,668.7626953125,652.583251953125,137.60342407226562,58.81691360473633,33.36000061035156,145.75999450683594,44.343528747558594,89.90962982177734,96.12964630126953,383.331298828125,535.2681884765625,140.5009002685547,73.81615447998047,36.212196350097656,128.53228759765625,160.6650390625,467.2865295410156,89.2585678100586,181.4369354248047,222.85000610351562,46.098724365234375,196.5602264404297,43.14162826538086,200.9105224609375,115.97599792480469,113.45999908447266,107.89473724365234,135.68751525878906,208.05999755859375,49.56745910644531,214.80433654785156,341.920654296875,217.7713623046875,143.26719665527344,301.7966613769531,70.05257415771484,137.71926879882812,192.8300018310547,46.43212127685547,116.27999877929688,56.42518997192383,137.07203674316406,43.983882904052734,290.6286315917969,102.85197448730469,582.3219604492188,59.099273681640625,129.7759246826172,198.29898071289062,161.25050354003906,307.7705993652344,155.68270874023438,205.5850372314453,213.5563201904297,68.55123901367188,26.404926300048828,96.16999816894531,312.2776794433594,212.5126953125,38.060001373291016,38.722007751464844,85.76924896240234,216.17344665527344,401.4610595703125,42.599998474121094,135.59674072265625,95.51000213623047,23.44172477722168,122.60081481933594,78.0,142.34695434570312,46.563411712646484,470.8089294433594,49.73768615722656,77.44327545166016,396.1711120605469,12.784602165222168,81.27032470703125,218.0158233642578,20.751127243041992,391.34954833984375,453.3299865722656,85.0969467163086,181.4323272705078,141.61676025390625,118.13837432861328,77.67112731933594,38.619998931884766,93.29916381835938,58.3675537109375,82.8837661743164,53.37828826904297,126.32240295410156
2022-03-21,160.2570343017578,110.07952117919922,664.45263671875,655.5109252929688,138.338134765625,59.56044387817383,31.979999542236328,140.13999938964844,44.287452697753906,90.85964965820312,94.88200378417969,395.7618408203125,529.71875,141.96072387695312,73.30535125732422,37.542930603027344,125.02627563476562,162.0367889404297,454.26708984375,91.47355651855469,179.88629150390625,212.97000122070312,45.71520233154297,194.5826416015625,41.9769401550293,203.89328002929688,113.95999908447266,115.91999816894531,104.6305923461914,135.36715698242188,204.1300048828125,49.24767303466797,209.84327697753906,337.5159606933594,210.3142852783203,143.06475830078125,307.0533447265625,70.00829315185547,140.19725036621094,185.89999389648438,46.17927932739258,116.87000274658203,55.95801544189453,135.43067932128906,43.725669860839844,289.4000549316406,98.37889862060547,582.5296630859375,55.75094985961914,128.89437866210938,195.62339782714844,161.4915008544922,297.5008239746094,156.564208984375,208.19076538085938,212.77267456054688,71.627197265625,26.6854190826416,96.19999694824219,306.5091552734375,210.50502014160156,37.45899963378906,38.6678352355957,88.49047088623047,211.1544189453125,418.9566955566406,39.9900016784668,136.1114959716797,95.86000061035156,24.306310653686523,121.61993408203125,68.34500122070312,142.52603149414062,46.45657730102539,472.2413330078125,49.76434326171875,76.7606201171875,391.16510009765625,12.496454238891602,78.78507232666016,214.73080444335938,20.4245662689209,400.0072326660156,453.5899963378906,84.16090393066406,180.42518615722656,140.52032470703125,114.04029846191406,76.63431549072266,36.849998474121094,93.37742614746094,57.897396087646484,80.95197296142578,53.80461120605469,125.9166488647461
2022-03-22,161.9354248046875,110.90445709228516,676.2598876953125,661.1070556640625,138.30352783203125,59.49992370605469,33.349998474121094,148.64999389648438,45.221981048583984,90.88532257080078,95.0739517211914,396.2925109863281,533.427978515625,143.80380249023438,74.2463150024414,37.55204772949219,128.4950714111328,165.40721130371094,463.50830078125,92.79157257080078,182.0172882080078,224.9600067138672,45.578914642333984,197.03631591796875,42.89136505126953,207.94068908691406,117.73200225830078,114.77999877929688,105.43492889404297,139.1352081298828,217.05999755859375,49.69710159301758,214.9630889892578,341.37371826171875,211.11819458007812,144.63133239746094,331.32666015625,70.2208251953125,139.72889709472656,191.0399932861328,48.211021423339844,119.80000305175781,56.89329528808594,136.88641357421875,42.79774475097656,294.1402282714844,109.20542907714844,580.61181640625,58.7363166809082,129.3019561767578,195.421630859375,164.88900756835938,297.825927734375,155.82518005371094,207.26011657714844,211.03799438476562,71.31350708007812,26.475797653198242,99.56999969482422,310.1347961425781,211.8919677734375,38.29199981689453,39.87733840942383,87.63792419433594,215.59051513671875,418.67529296875,47.529998779296875,137.15908813476562,99.44999694824219,24.200275421142578,124.32901763916016,72.70099639892578,141.64694213867188,46.91063690185547,470.06463623046875,49.9154167175293,77.55705261230469,400.3653259277344,12.95900821685791,79.71929931640625,217.28582763671875,20.674861907958984,404.9896240234375,466.45001220703125,87.17709350585938,180.30960083007812,140.29925537109375,117.2431640625,77.38746643066406,38.25,93.23828887939453,57.94623565673828,82.35929107666016,53.999996185302734,128.59458923339844
2022-03-23,159.0315399169922,110.25138092041016,666.8340454101562,638.6650390625,136.92922973632812,59.47397994995117,33.060001373291016,146.44000244140625,45.10983657836914,91.43307495117188,92.6222915649414,400.4839782714844,528.27880859375,139.47898864746094,73.99537658691406,38.65489959716797,124.60774993896484,166.76910400390625,449.33984375,92.654296875,176.9656982421875,222.24000549316406,44.992530822753906,194.61929321289062,42.14056396484375,203.26002502441406,113.59200286865234,113.91999816894531,102.6851806640625,137.37564086914062,219.47999572753906,48.70316696166992,211.7979278564453,334.1953125,204.14163208007812,143.8744354248047,333.03668212890625,70.6015853881836,141.23614501953125,186.0399932861328,46.16122055053711,116.80999755859375,55.78025817871094,134.47323608398438,42.11187744140625,289.7192687988281,111.34223937988281,564.7462158203125,58.337059020996094,127.88001251220703,190.11434936523438,163.4080047607422,286.3728332519531,155.2374725341797,206.75759887695312,206.04537963867188,72.43759155273438,25.587417602539062,100.67333221435547,303.4440612792969,208.216064453125,37.44900131225586,38.893489837646484,89.87687683105469,208.5757293701172,419.2568664550781,49.400001525878906,136.20179748535156,100.16999816894531,25.08933448791504,124.24494934082031,70.35900115966797,141.1585235595703,46.055946350097656,468.1204833984375,48.41360092163086,76.22018432617188,392.0831298828125,12.648111343383789,78.20455169677734,215.46080017089844,20.365903854370117,408.7502746582031,422.8999938964844,84.8605728149414,177.13963317871094,139.0260009765625,114.04029846191406,73.99345397949219,38.43000030517578,92.34270477294922,57.213523864746094,80.75091552734375,53.64474105834961,126.03387451171875
2022-03-24,163.58718872070312,111.06774139404297,668.48193359375,662.8348999023438,138.53692626953125,59.91492462158203,34.70000076293945,152.2100067138672,48.24051284790039,91.98082733154297,93.34198760986328,404.5135498046875,532.1788330078125,144.57933044433594,75.00802612304688,38.86454391479492,125.61215209960938,170.5511016845703,453.4199523925781,93.0936279296875,179.69602966308594,227.57000732421875,45.27145767211914,198.62940979003906,42.68921661376953,206.60992431640625,116.21800231933594,120.52999877929688,104.02264404296875,140.16127014160156,223.39999389648438,48.7636604309082,217.86033630371094,341.19805908203125,202.52452087402344,144.7457275390625,337.97332763671875,71.2037353515625,141.61082458496094,189.0500030517578,46.350852966308594,117.75,58.2976188659668,135.76287841796875,42.43464279174805,294.178955078125,109.35737609863281,567.09912109375,55.82354736328125,128.06011962890625,190.3950958251953,163.64950561523438,285.22576904296875,156.03883361816406,206.79483032226562,207.35736083984375,72.65542602539062,28.098844528198242,103.6933364868164,304.004638671875,210.76687622070312,37.57099914550781,38.87543869018555,90.02327728271484,211.41127014160156,426.433349609375,44.939998626708984,136.43661499023438,104.55000305175781,25.073022842407227,123.3855209350586,70.5,142.69696044921875,46.331947326660156,477.6368103027344,48.43136978149414,77.97423553466797,393.9773254394531,12.76185417175293,79.0208969116211,219.23858642578125,20.995555877685547,409.4132385253906,432.1400146484375,85.97628784179688,177.20567321777344,137.84115600585938,115.43285369873047,76.4974136352539,38.97999954223633,93.95130920410156,57.46997833251953,80.53240203857422,54.15986633300781,126.85436248779297
2022-03-25,164.199951171875,112.87232208251953,670.9810180664062,659.7823486328125,139.4444580078125,61.32417678833008,34.060001373291016,146.83999633789062,48.436767578125,93.4015884399414,95.19392395019531,408.0484313964844,529.8903198242188,144.13226318359375,75.22311401367188,39.81245803833008,126.36543273925781,171.1879425048828,447.3046569824219,93.75263214111328,181.0183868408203,219.80999755859375,45.46796798706055,200.54287719726562,42.015438079833984,207.93150329589844,112.3740005493164,119.66999816894531,104.13488006591797,140.36907958984375,221.9499969482422,49.04022979736328,220.09283447265625,340.8756408691406,196.74920654296875,145.42335510253906,336.8800048828125,72.02725219726562,144.17393493652344,188.9499969482422,47.461544036865234,113.93000030517578,58.524696350097656,135.93873596191406,42.587947845458984,293.77264404296875,107.30603790283203,567.6920166015625,54.3716926574707,128.22128295898438,191.77235412597656,164.77349853515625,280.61920166015625,157.53475952148438,207.86505126953125,211.93617248535156,74.2413330078125,27.641674041748047,103.73332977294922,305.1438903808594,211.85316467285156,37.3849983215332,39.47115707397461,92.57223510742188,208.4967041015625,429.81988525390625,44.2400016784668,138.01698303222656,100.44999694824219,25.325870513916016,124.89885711669922,67.9530029296875,144.544677734375,46.955169677734375,477.2366943359375,48.84904479980469,77.4906997680664,399.5824890136719,12.488871574401855,79.3201904296875,220.44309997558594,20.78436851501465,413.4200744628906,431.6199951171875,86.38286590576172,177.77528381347656,139.11441040039062,113.155029296875,76.38981628417969,37.5099983215332,94.39476013183594,57.408912658691406,80.75091552734375,54.648353576660156,127.96342468261719
2022-03-28,164.89263916015625,112.9754409790039,678.9852294921875,666.9528198242188,139.99766540527344,61.38469696044922,34.77000045776367,149.35000610351562,48.13771438598633,94.1804428100586,96.48411560058594,400.24114990234375,538.948974609375,144.57020568847656,75.6622314453125,38.03511428833008,123.91960144042969,172.0501708984375,467.89996337890625,92.9837646484375,180.4665985107422,235.88999938964844,46.276214599609375,202.01693725585938,42.5640869140625,211.1345672607422,116.552001953125,120.23999786376953,104.57447052001953,140.79409790039062,222.1199951171875,48.331512451171875,221.8490447998047,342.3114013671875,197.5438995361328,145.85464477539062,363.9466552734375,71.91213989257812,141.6533966064453,188.16000366210938,46.78429412841797,117.44999694824219,58.89787673950195,135.5283966064453,42.99140548706055,300.5636291503906,109.30039978027344,576.48974609375,54.23558807373047,128.1454315185547,192.5706024169922,168.99049377441406,283.87091064453125,158.3450927734375,206.45985412597656,215.75767517089844,72.15875244140625,28.167715072631836,104.20833587646484,303.1637878417969,214.1227264404297,37.85100173950195,39.30868911743164,89.12771606445312,212.69569396972656,419.144287109375,43.66999816894531,138.9652099609375,104.66999816894531,24.4123477935791,125.93582153320312,70.16000366210938,147.19004821777344,46.75038528442383,477.39483642578125,49.000099182128906,79.26370239257812,400.5779724121094,12.640528678894043,80.16375732421875,221.68406677246094,20.537986755371094,409.7825927734375,450.010009765625,86.79888916015625,181.24244689941406,141.78480529785156,115.55220794677734,78.11127471923828,37.59000015258789,93.94261169433594,56.17548751831055,79.78064727783203,54.9947395324707,127.0167007446289
2022-03-29,169.62591552734375,113.37932586669922,700.13671875,680.6886596679688,140.1791534423828,62.30112838745117,37.189998626708984,155.41000366210938,48.82926940917969,94.97639465332031,98.63445281982422,393.1983642578125,543.4972534179688,146.96070861816406,75.83250427246094,38.855430603027344,126.1887435913086,175.3422393798828,472.6325378417969,92.5169906616211,181.64627075195312,239.6699981689453,46.66608428955078,205.95382690429688,44.52770233154297,218.95401000976562,119.55000305175781,123.2300033569336,107.31485748291016,142.08352661132812,223.00999450683594,48.806884765625,228.07025146484375,358.9732971191406,202.89414978027344,148.01959228515625,366.5233459472656,72.2309341430664,139.9247589111328,193.8000030517578,46.59466552734375,126.26000213623047,59.69729995727539,139.1042022705078,42.55567932128906,305.11993408203125,110.83890533447266,586.0585327148438,56.92150115966797,125.74707794189453,195.56195068359375,169.31500244140625,286.968994140625,158.26495361328125,205.70599365234375,220.61825561523438,71.77532958984375,28.603919982910156,102.75166320800781,307.10589599609375,221.25137329101562,39.18199920654297,39.20940017700195,86.70789337158203,218.63352966308594,418.6846618652344,44.29999923706055,140.39207458496094,111.23999786376953,24.15134048461914,129.98077392578125,74.39800262451172,149.66452026367188,46.955169677734375,475.0972595214844,49.471092224121094,79.91789245605469,403.4288635253906,13.45946979522705,82.74879455566406,226.4564971923828,20.741281509399414,391.1316223144531,466.3299865722656,86.25048065185547,183.63644409179688,145.63113403320312,120.53556823730469,80.25331115722656,40.15999984741211,91.02102661132812,57.7935905456543,80.27889251708984,55.20790100097656,127.29618072509766
2022-03-30,166.46444702148438,113.54258728027344,703.8671875,657.0948486328125,141.53619384765625,62.68155288696289,36.58000183105469,149.66000366210938,48.06295394897461,95.41291046142578,97.91474151611328,401.1136474609375,549.685791015625,139.3512725830078,76.6211166381836,38.47261428833008,125.05415344238281,174.17630004882812,459.5741882324219,92.28816223144531,180.52365112304688,231.6300048828125,47.50285720825195,208.52651977539062,43.526641845703125,215.90699768066406,114.7979965209961,119.22000122070312,105.82775115966797,141.48291015625,224.9600067138672,47.510433197021484,226.0758819580078,353.7871398925781,193.57972717285156,147.8171844482422,364.663330078125,72.96587371826172,140.91256713867188,194.91000366210938,45.24919891357422,122.38999938964844,58.731300354003906,137.7168426513672,42.3136100769043,303.6204833984375,110.71544647216797,588.3124389648438,55.79632568359375,127.35863494873047,194.71109008789062,166.30099487304688,278.6140441894531,159.9122314453125,207.60450744628906,220.90000915527344,73.00399780273438,27.639678955078125,102.625,303.4259948730469,217.20700073242188,38.14699935913086,38.81224822998047,87.32111358642578,212.35977172851562,425.27008056640625,43.7599983215332,139.42578125,107.94999694824219,24.526535034179688,129.42025756835938,70.55999755859375,150.22616577148438,46.153873443603516,484.4832458496094,49.80877685546875,79.03612518310547,404.87847900390625,13.095497131347656,82.5673828125,227.2412567138672,20.62169647216797,394.6263732910156,460.05999755859375,83.92450714111328,181.77903747558594,145.13597106933594,117.85987091064453,77.42658996582031,38.650001525878906,90.03846740722656,57.750850677490234,78.90653991699219,55.2523078918457,126.71914672851562
2022-03-31,162.93890380859375,111.72941589355469,691.9243774414062,641.1319580078125,140.11865234375,62.690208435058594,35.68000030517578,151.47000122070312,46.31538391113281,95.56695556640625,97.37935638427734,397.0210876464844,549.094482421875,139.43341064453125,75.91313934326172,37.65230178833008,122.09681701660156,171.0802001953125,468.2310791015625,90.67726135253906,177.89801025390625,229.1300048828125,47.201751708984375,208.3251190185547,42.10206604003906,212.36436462402344,111.37799835205078,109.33999633789062,103.77946472167969,138.51234436035156,227.0800018310547,46.15349197387695,220.6286163330078,349.0406188964844,186.83413696289062,147.3067169189453,359.20001220703125,72.65597534179688,138.65597534179688,191.5,43.75925064086914,117.2300033569336,58.60007095336914,134.00430297851562,41.772987365722656,298.2515869140625,103.32682037353516,583.8641357421875,52.511512756347656,125.24468231201172,186.16680908203125,162.99749755859375,270.367431640625,157.8108367919922,207.36251831054688,221.20822143554688,71.96702575683594,27.23641586303711,103.75166320800781,298.462158203125,215.09262084960938,37.45899963378906,37.20561218261719,86.37105560302734,209.77122497558594,419.5382385253906,40.11000061035156,137.98989868164062,107.12000274658203,23.98005485534668,125.7022705078125,67.59600067138672,150.2587432861328,44.18628692626953,474.3902282714844,49.55107116699219,78.43882751464844,396.40301513671875,12.822515487670898,82.51297760009766,225.64434814453125,20.135509490966797,394.5408935546875,455.6199951171875,79.7169418334961,177.04054260253906,142.78395080566406,115.03497314453125,76.18440246582031,38.400001525878906,88.00379943847656,55.87018585205078,76.39781951904297,55.065792083740234,122.91413116455078
2022-04-01,161.69566345214844,111.84112548828125,696.98583984375,640.9401245117188,140.61131286621094,64.08216857910156,35.97999954223633,153.5,44.9603157043457,96.55976867675781,98.75730895996094,401.1405944824219,548.82763671875,134.11407470703125,76.8093032836914,37.998661041259766,121.7248306274414,170.78623962402344,471.2400817871094,91.68408966064453,178.0597381591797,234.80999755859375,47.864192962646484,213.78179931640625,41.35127639770508,203.05813598632812,109.73799896240234,108.19000244140625,103.4708251953125,139.55426025390625,227.85000610351562,45.22869110107422,223.0992431640625,355.4767761230469,187.02816772460938,149.40130615234375,361.5299987792969,73.95765686035156,139.8396453857422,190.75999450683594,43.9849967956543,118.0199966430664,58.34880828857422,133.84796142578125,41.61160659790039,299.3254089355469,104.65638732910156,585.5347900390625,53.618553161621094,125.79450225830078,184.6930389404297,163.55999755859375,272.6797180175781,158.6656494140625,204.5241241455078,226.25369262695312,72.42887115478516,26.663455963134766,101.85166931152344,298.57073974609375,219.5443878173828,37.34700012207031,36.91676712036133,86.87200927734375,209.70204162597656,426.6398010253906,42.650001525878906,140.05789184570312,108.62999725341797,24.338937759399414,124.73072814941406,69.30000305175781,153.87277221679688,44.02602767944336,476.82745361328125,49.46220779418945,77.75617980957031,394.1802978515625,12.625362396240234,82.984619140625,227.44200134277344,20.17667579650879,395.8134460449219,458.19000244140625,78.98888397216797,170.5850067138672,146.6038055419922,116.04954528808594,74.51185607910156,37.52000045776367,87.89944458007812,56.474693298339844,76.03943634033203,55.83848190307617,122.00346374511719
2022-04-04,162.2551727294922,111.94425201416016,708.2769165039062,653.5145874023438,139.92852783203125,63.21760559082031,36.5099983215332,156.55999755859375,45.978946685791016,95.67820739746094,97.31790161132812,399.36871337890625,548.4081420898438,140.33663940429688,76.7286376953125,37.871055603027344,122.4502182006836,174.832763671875,492.3904724121094,90.88777923583984,178.52590942382812,241.22999572753906,47.87371063232422,215.31993103027344,41.563045501708984,200.06617736816406,114.96399688720703,110.52999877929688,105.20111083984375,142.47279357910156,229.02999877929688,45.6348991394043,232.06884765625,358.3482360839844,188.61756896972656,149.01406860351562,381.8166809082031,73.93110656738281,139.96734619140625,191.17999267578125,43.75925064086914,124.27999877929688,59.08121871948242,135.3916015625,41.103267669677734,304.69427490234375,111.58917236328125,583.360107421875,57.44779968261719,123.8227310180664,188.08795166015625,168.34649658203125,276.01263427734375,157.13412475585938,205.491943359375,227.0285186767578,72.46372985839844,27.310279846191406,104.68333435058594,296.7532653808594,220.8828582763672,39.150001525878906,36.85359191894531,86.84607696533203,216.2228546142578,424.2945251464844,49.29999923706055,139.1457977294922,112.27999877929688,24.29815673828125,125.49674224853516,72.72899627685547,153.9134063720703,44.079437255859375,474.43670654296875,49.64881896972656,79.70930480957031,400.3846435546875,12.632944107055664,79.90068817138672,225.23373413085938,20.592288970947266,396.4306640625,468.80999755859375,77.81645202636719,169.404541015625,144.81764221191406,121.21194458007812,75.9692153930664,38.959999084472656,86.95169067382812,56.18770217895508,76.29292297363281,55.5453987121582,122.5444564819336
2022-04-05,157.34422302246094,110.75838470458984,692.15966796875,620.5233154296875,141.2595672607422,64.28102111816406,34.959999084472656,146.89999389648438,44.97900390625,96.3030014038086,96.9843978881836,402.2738952636719,548.5892333984375,132.71810913085938,77.36490631103516,36.8775634765625,121.2877426147461,171.5210723876953,483.0422058105469,90.43927764892578,176.3759002685547,227.08999633789062,48.01000213623047,217.9018096923828,39.86893844604492,193.678466796875,110.64399719238281,106.81999969482422,103.63917541503906,139.91433715820312,219.9600067138672,44.580467224121094,230.03480529785156,354.8420104980469,189.3105926513672,149.1724853515625,363.7533264160156,74.134765625,139.1072998046875,182.64999389648438,43.452239990234375,122.0199966430664,57.152015686035156,132.4997100830078,41.345333099365234,300.7377624511719,105.41614532470703,577.5673217773438,55.27909851074219,123.7374267578125,188.42127990722656,164.05499267578125,275.3623352050781,158.14918518066406,201.0342559814453,231.51048278808594,72.08903503417969,25.88387107849121,103.52333068847656,292.91064453125,219.2825469970703,38.01499938964844,36.23078536987305,84.68682098388672,207.61740112304688,425.9081115722656,46.81999969482422,139.63345336914062,107.37000274658203,24.224748611450195,123.5910415649414,70.29199981689453,157.1856231689453,43.58977508544922,481.6368103027344,49.138824462890625,78.63792419433594,398.0458679199219,11.995991706848145,76.29977416992188,226.7667694091797,19.819881439208984,392.8789367675781,458.5799865722656,77.4004135131836,162.8003692626953,147.0281982421875,117.02433776855469,72.97621154785156,37.150001525878906,86.48214721679688,55.01534652709961,74.54469299316406,55.48322677612305,121.11836242675781
2022-04-06,157.40638732910156,111.18803405761719,674.7748413085938,603.2935791015625,145.99620056152344,66.14849090576172,33.40999984741211,137.27000427246094,44.4276237487793,98.55394744873047,98.05517578125,408.8759460449219,557.619140625,127.07945251464844,77.50829315185547,37.16922378540039,120.22756958007812,168.35638427734375,477.3553771972656,90.11893463134766,174.7681427001953,212.08999633789062,49.125694274902344,217.7095184326172,38.02083969116211,187.22647094726562,105.58999633789062,103.66999816894531,102.61035919189453,136.05897521972656,211.22000122070312,43.67294692993164,221.5613250732422,345.29998779296875,185.41107177734375,151.71591186523438,348.586669921875,75.24166870117188,140.34201049804688,178.72000122070312,43.244537353515625,116.08999633789062,56.024085998535156,129.5198974609375,42.66057205200195,289.7290344238281,102.2631607055664,580.6612548828125,53.60040283203125,122.4102783203125,189.43014526367188,158.75599670410156,269.65386962890625,162.262939453125,201.2110595703125,236.52951049804688,72.89070129394531,24.36264419555664,101.13333129882812,285.9486389160156,212.4156951904297,36.834999084472656,35.83364486694336,84.24630737304688,198.40928649902344,432.89691162109375,45.290000915527344,141.6292724609375,102.69999694824219,24.135026931762695,119.91038513183594,65.65799713134766,160.81590270996094,42.91313171386719,494.6507568359375,48.6467170715332,77.8604507446289,397.07952880859375,11.669930458068848,75.61043548583984,229.4586181640625,19.480730056762695,390.5428466796875,444.3299865722656,76.46434020996094,160.47242736816406,150.41476440429688,111.89177703857422,72.16439819335938,36.08000183105469,88.74286651611328,54.89933395385742,72.66532897949219,56.042762756347656,119.43792724609375
2022-04-07,157.7172393798828,110.4662094116211,678.0889282226562,600.2125244140625,149.77337646484375,65.50006866455078,32.27000045776367,137.24000549316406,44.44631576538086,98.30574035644531,98.590576171875,418.7070007324219,579.79833984375,127.02470397949219,78.03703308105469,37.3424072265625,120.2554702758789,168.6601104736328,482.029541015625,92.42546081542969,174.00491333007812,213.8800048828125,49.61699295043945,218.35958862304688,37.270050048828125,187.01539611816406,105.95600128173828,103.72000122070312,102.11466217041016,135.35374450683594,217.02999877929688,43.24080276489258,221.21401977539062,341.86712646484375,187.2499237060547,151.85670471191406,352.4200134277344,76.86213684082031,142.2920684814453,177.97000122070312,43.109100341796875,114.31999969482422,56.12179946899414,128.83599853515625,44.508365631103516,291.5379638671875,99.02469635009766,605.1764526367188,51.81281280517578,123.1212158203125,200.17626953125,157.7845001220703,273.45648193359375,161.844482421875,200.92257690429688,233.9847869873047,74.11062622070312,24.16400909423828,102.74500274658203,284.0408630371094,209.64183044433594,36.21500015258789,35.5538330078125,86.33650207519531,197.7572021484375,441.6305847167969,42.369998931884766,143.46253967285156,102.72000122070312,24.35525131225586,120.86325073242188,64.39700317382812,159.9612274169922,42.521385192871094,499.48779296875,48.87934112548828,77.61297607421875,401.05145263671875,11.34386920928955,75.39274597167969,232.1049041748047,19.251358032226562,388.843017578125,452.7200012207031,75.67009735107422,159.07730102539062,149.28297424316406,112.43885040283203,71.67533874511719,34.61000061035156,90.09062957763672,54.62455368041992,72.66532897949219,56.34474182128906,119.07456970214844
2022-04-08,154.617919921875,109.76156616210938,666.508056640625,586.4188842773438,151.2255096435547,66.13121032714844,32.04999923706055,134.2899932861328,43.941673278808594,98.72514343261719,98.71344757080078,415.11822509765625,572.1605834960938,124.71634674072266,77.14984893798828,38.78251266479492,122.53392028808594,166.6515350341797,470.8254699707031,91.89459228515625,175.25473022460938,208.33999633789062,49.89273452758789,217.6363067626953,37.87646484375,184.95034790039062,103.12000274658203,101.0,101.45059967041016,132.9192352294922,218.2100067138672,43.97545623779297,220.59884643554688,344.52734375,190.9646453857422,152.36715698242188,341.8299865722656,77.64140319824219,144.70188903808594,175.1999969482422,44.0030632019043,110.9000015258789,54.62813949584961,128.83599853515625,44.51643371582031,287.2815246582031,98.3219223022461,601.8649291992188,51.30467224121094,123.13075256347656,204.69403076171875,154.4604949951172,281.00762939453125,162.16500854492188,201.97415161132812,234.5835418701172,75.6703872680664,23.076982498168945,101.37166595458984,290.5870056152344,210.44680786132812,35.5880012512207,35.80656051635742,89.00538635253906,194.80307006835938,434.96075439453125,42.599998474121094,144.58233642578125,101.94999694824219,24.852798461914062,119.71420288085938,60.31800079345703,161.18218994140625,43.03778076171875,507.8692626953125,48.566192626953125,77.0418701171875,399.2153015136719,11.412116050720215,73.94149017333984,229.4586181640625,19.26508140563965,397.23785400390625,445.3399963378906,77.23966979980469,157.6491241455078,149.12380981445312,110.61858367919922,70.65673065185547,33.59000015258789,92.69918823242188,54.795528411865234,73.47826385498047,56.69112777709961,121.2546157836914
2022-04-11,152.69090270996094,108.5928955078125,659.5179443359375,573.7581176757812,146.7913818359375,64.39341735839844,32.040000915527344,135.08999633789062,43.5211296081543,97.76656341552734,97.87963104248047,417.57366943359375,557.5048217773438,123.50279998779297,75.79666900634766,37.670536041259766,122.0410385131836,162.39930725097656,461.5617980957031,93.45972442626953,169.4065399169922,208.52999877929688,48.90382385253906,211.4563446044922,38.81976318359375,187.33657836914062,102.28399658203125,97.37000274658203,100.59950256347656,128.73956298828125,216.60000610351562,43.69023132324219,214.7745819091797,339.7350158691406,189.0518341064453,151.9007568359375,325.30999755859375,76.71160125732422,140.980712890625,175.02999877929688,44.54486846923828,109.05000305175781,54.03346252441406,127.64405822753906,43.51588821411133,275.9535217285156,96.4415283203125,578.9412841796875,51.56781768798828,121.43388366699219,201.1587371826172,151.1219940185547,277.0423889160156,160.13482666015625,201.06216430664062,231.85386657714844,73.06497192382812,21.877166748046875,101.81666564941406,290.0173645019531,208.28396606445312,34.79999923706055,35.73435592651367,84.62635040283203,193.10372924804688,433.5347595214844,42.220001220703125,144.0314483642578,101.70999908447266,24.44497299194336,116.75289916992188,61.737998962402344,159.58682250976562,42.797386169433594,499.9437255859375,47.313560485839844,75.91870880126953,391.9865417480469,11.586520195007324,73.17957305908203,228.5369873046875,18.198610305786133,397.43731689453125,434.44000244140625,77.13566589355469,157.5418243408203,146.5418701171875,109.22602844238281,70.54898834228516,33.31999969482422,90.82100677490234,54.75278854370117,73.44329833984375,56.67335891723633,120.80955505371094
2022-04-12,153.6322021484375,108.25773620605469,649.0598754882812,570.168212890625,144.61322021484375,65.30986785888672,31.989999771118164,135.5,43.455711364746094,98.7850341796875,97.05460357666016,420.5419616699219,554.3486328125,124.16889190673828,75.17829895019531,37.85282897949219,122.97100067138672,164.27069091796875,450.13348388671875,93.908203125,167.46987915039062,210.94000244140625,48.567848205566406,211.5478515625,38.54061508178711,187.57525634765625,102.04199981689453,95.0999984741211,98.59798431396484,127.32913208007812,223.50999450683594,43.50873565673828,212.47264099121094,338.19952392578125,188.63604736328125,152.51675415039062,328.98333740234375,75.82609558105469,143.91847229003906,176.27999877929688,43.72313690185547,106.58000183105469,54.44853210449219,127.82968139648438,42.85423278808594,272.8580017089844,94.73208618164062,564.3805541992188,51.25022506713867,118.33403778076172,202.9395294189453,150.78750610351562,276.65399169921875,160.188232421875,201.6670684814453,227.66665649414062,74.58990478515625,21.464920043945312,101.9816665649414,289.1312255859375,205.03485107421875,34.40999984741211,35.35525894165039,86.37105560302734,192.47142028808594,434.6042175292969,41.470001220703125,143.59796142578125,98.76000213623047,24.909894943237305,116.80892181396484,59.10599899291992,157.98329162597656,42.42345428466797,496.4739990234375,46.365142822265625,75.5093994140625,383.9653015136719,11.647181510925293,72.372314453125,227.36900329589844,17.80652618408203,398.5959777832031,426.7699890136719,75.70792388916016,155.10655212402344,146.1881866455078,107.67433166503906,70.48043823242188,33.45000076293945,90.98624420166016,54.954288482666016,73.36463165283203,57.3394775390625,119.48333740234375
2022-04-13,155.50595092773438,108.3952407836914,648.0728759765625,588.175537109375,138.5550079345703,65.15423583984375,32.630001068115234,142.8699951171875,43.93233108520508,98.51972198486328,96.94928741455078,422.0170593261719,563.6263427734375,128.1925811767578,74.87361907958984,38.80073928833008,123.33368682861328,166.95529174804688,458.71453857421875,94.61299133300781,171.3336639404297,214.41000366210938,49.83251190185547,214.0015411376953,38.71388626098633,189.34654235839844,105.21399688720703,97.73999786376953,99.06562805175781,129.22506713867188,239.86000061035156,43.34451675415039,213.31600952148438,347.3342590332031,189.9020233154297,152.2527313232422,340.7900085449219,76.26884460449219,146.18356323242188,182.8699951171875,43.83148956298828,114.88999938964844,55.14371109008789,129.30494689941406,42.846160888671875,278.2365417480469,94.99799346923828,570.1732177734375,52.88355255126953,119.28199768066406,205.11509704589844,155.54100036621094,280.3843688964844,160.864990234375,203.12814331054688,227.6489715576172,75.64424133300781,22.162647247314453,104.83499908447266,291.11138916015625,206.8485107421875,35.042999267578125,35.03934097290039,86.5697021484375,193.37049865722656,435.7674865722656,43.90999984741211,144.0043487548828,104.55999755859375,25.456378936767578,119.09766387939453,60.47800064086914,157.47052001953125,43.03778076171875,499.5343017578125,46.66040802001953,75.9091796875,382.9988708496094,11.760924339294434,73.39726257324219,229.3400115966797,17.994726181030273,405.7752685546875,431.6700134277344,79.2630844116211,155.91558837890625,145.89642333984375,104.61071014404297,70.89180755615234,34.79999923706055,91.28186798095703,55.4122428894043,73.5394515991211,57.490455627441406,115.6319808959961
2022-04-14,154.2183074951172,108.75613403320312,623.109375,573.8828735351562,141.48387145996094,65.69892120361328,32.68000030517578,136.0399932861328,42.680049896240234,98.29719543457031,95.68543243408203,420.64093017578125,562.958984375,124.91706848144531,74.21045684814453,39.420536041259766,123.30579376220703,161.94859313964844,453.53662109375,95.43673706054688,172.8314971923828,198.6300048828125,49.78813552856445,209.8449249267578,38.627254486083984,188.82342529296875,101.46600341796875,93.05999755859375,97.1669921875,126.21675872802734,235.22000122070312,44.01866912841797,208.54345703125,349.9553527832031,185.99322509765625,151.28466796875,328.3333435058594,76.95954895019531,146.115478515625,181.94000244140625,41.85392379760742,110.30999755859375,53.404361724853516,127.46820068359375,42.862300872802734,270.70074462890625,90.68637084960938,562.3640747070312,51.32281494140625,118.04965209960938,208.08010864257812,151.7064971923828,275.05523681640625,160.188232421875,212.00636291503906,226.21485900878906,76.53305053710938,21.219369888305664,104.46333312988281,290.81304931640625,206.38299560546875,34.112998962402344,33.91107940673828,87.55433654785156,187.1362762451172,438.2816467285156,40.029998779296875,143.20062255859375,99.52999877929688,25.521625518798828,124.67469024658203,57.95100021362305,156.8355712890625,42.10295104980469,497.5064392089844,45.783565521240234,75.62362670898438,374.57177734375,11.738173484802246,72.1092758178711,228.5917510986328,17.4752140045166,414.7589111328125,420.44000244140625,78.2419204711914,155.21389770507812,143.86268615722656,101.76591491699219,68.68804931640625,35.540000915527344,90.1514892578125,55.461082458496094,74.09013366699219,57.74803161621094,114.56013488769531
2022-04-18,156.7936248779297,108.42102813720703,615.7118530273438,581.2836303710938,138.9123992919922,65.56059265136719,31.790000915527344,131.11000061035156,43.586551666259766,97.77510833740234,94.86038970947266,420.4429626464844,555.0733032226562,127.11595916748047,73.22469329833984,39.81245803833008,128.318359375,161.73304748535156,457.36883544921875,95.46420288085938,175.99887084960938,192.38999938964844,49.40778350830078,208.01382446289062,39.108524322509766,186.54733276367188,99.50599670410156,93.88999938964844,97.47563934326172,126.91899871826172,224.99000549316406,45.21140670776367,209.12884521484375,348.957763671875,183.44284057617188,149.98214721679688,334.7633361816406,76.2156982421875,148.07395935058594,179.85000610351562,42.594383239746094,105.73999786376953,54.58161163330078,124.83031463623047,41.82947540283203,271.3681945800781,89.94561767578125,565.556884765625,52.175777435302734,116.2390365600586,210.00128173828125,152.78500366210938,271.1623229980469,158.19371032714844,213.969970703125,224.77191162109375,77.16045379638672,21.743410110473633,102.96499633789062,298.2632141113281,206.7515411376953,33.7859992980957,35.066410064697266,89.36811828613281,184.76504516601562,436.7618408203125,40.0099983215332,141.8369903564453,96.31999969482422,25.48900032043457,122.96512603759766,58.099998474121094,155.42742919921875,41.14140701293945,496.8181457519531,45.72988510131836,74.45286560058594,377.4419860839844,11.88224983215332,72.19998931884766,229.0936279296875,17.3458251953125,416.373291015625,425.4700012207031,70.85740661621094,154.50393676757812,144.12794494628906,100.04511260986328,69.68708801269531,34.61000061035156,89.92542266845703,55.198524475097656,75.59364318847656,57.2328987121582,116.68565368652344
2022-04-19,159.01377868652344,110.9818115234375,635.2425537109375,592.389404296875,136.28860473632812,65.94099426269531,33.79999923706055,137.27999877929688,44.79209518432617,97.97195434570312,96.73863220214844,413.66107177734375,566.6871948242188,128.6943817138672,73.33222198486328,39.5845947265625,131.67556762695312,164.01593017578125,472.9999694824219,95.69303131103516,178.565185546875,197.42999267578125,49.96881103515625,210.21116638183594,40.504234313964844,191.6409912109375,102.87999725341797,96.93000030517578,98.42962646484375,129.46807861328125,228.66000366210938,45.73862075805664,215.61793518066406,355.87237548828125,188.37869262695312,152.16473388671875,342.7166748046875,75.96776580810547,146.31982421875,185.97999572753906,43.190364837646484,111.18000030517578,55.61647415161133,128.86529541015625,40.490020751953125,275.9922790527344,88.7964859008789,567.5536499023438,51.622257232666016,116.5329360961914,215.84365844726562,158.11549377441406,278.01788330078125,163.0198516845703,216.05458068847656,229.07420349121094,76.47207641601562,22.157657623291016,104.76000213623047,303.7514953613281,209.20538330078125,34.861000061035156,35.71630096435547,87.71844482421875,189.09246826171875,435.664306640625,39.79999923706055,143.959228515625,102.02999877929688,25.619508743286133,128.0283660888672,60.5629997253418,157.80422973632812,41.41740036010742,500.185546875,46.374088287353516,75.72832489013672,382.0711364746094,12.246221542358398,73.66938018798828,233.05389404296875,17.510501861572266,415.7750549316406,436.3999938964844,72.71063995361328,157.41799926757812,149.92843627929688,103.1087417602539,71.23460388183594,36.310001373291016,90.30802154541016,56.11442947387695,77.71773529052734,57.79243469238281,119.10183715820312
2022-04-20,159.3334503173828,118.86181640625,632.91552734375,608.4769897460938,136.59371948242188,66.13984680175781,33.209999084472656,131.6199951171875,44.9603157043457,98.79360961914062,99.1786117553711,408.2373046875,575.4885864257812,128.04656982421875,73.04545593261719,38.901004791259766,131.91737365722656,163.84938049316406,469.9575500488281,96.07745361328125,179.79588317871094,185.97999572753906,50.59638595581055,212.9761199951172,40.15770721435547,191.98977661132812,101.04399871826172,94.0199966430664,99.9635009765625,127.20118713378906,222.49000549316406,45.894195556640625,198.8594512939453,357.2611389160156,193.6671142578125,154.4265594482422,325.73333740234375,76.56105041503906,146.91592407226562,183.5500030517578,43.93082046508789,103.69999694824219,55.62577438354492,121.70394134521484,40.14305877685547,277.01763916015625,84.91223907470703,584.3582763671875,48.77301025390625,117.40504455566406,218.71221923828125,153.9980010986328,284.6476745605469,163.74110412597656,218.7720184326172,236.882080078125,76.6463394165039,21.44295883178711,104.36166381835938,308.3716735839844,211.23243713378906,22.618999481201172,35.79753112792969,88.6771469116211,183.9944305419922,434.716796875,37.310001373291016,147.7882080078125,92.73999786376953,25.611351013183594,126.92601776123047,52.5,161.10890197753906,41.86256408691406,507.9156799316406,47.43882369995117,76.42315673828125,383.9073791503906,12.170394897460938,72.71696472167969,233.4645538330078,17.461490631103516,415.3667297363281,428.1099853515625,72.2851333618164,157.203369140625,152.67835998535156,94.39532470703125,71.69493865966797,35.70000076293945,92.72527313232422,55.80912780761719,79.2037353515625,58.58289337158203,119.51968383789062
2022-04-21,157.388671875,120.17659759521484,617.0337524414062,595.1057739257812,138.18019104003906,66.10526275634766,31.68000030517578,121.81999969482422,44.3902473449707,98.66519165039062,99.25761413574219,395.34808349609375,564.2462768554688,124.18714141845703,68.26896667480469,37.050750732421875,130.17832946777344,163.0557403564453,454.0631408691406,93.1119155883789,177.200927734375,175.13999938964844,50.67246627807617,210.74217224121094,39.1855354309082,189.85130310058594,98.33399963378906,89.8499984741211,99.45844268798828,123.92012023925781,209.85000610351562,45.487979888916016,186.60562133789062,356.4299011230469,190.22500610351562,153.87208557128906,336.260009765625,76.35739135742188,140.14620971679688,181.02000427246094,43.14521408081055,100.94999694824219,55.16139221191406,118.86090850830078,39.626644134521484,271.6487731933594,81.66426849365234,573.761474609375,46.00542449951172,114.42842102050781,217.70339965820312,148.29600524902344,280.3302001953125,163.2691650390625,216.4361572265625,236.13845825195312,75.83595275878906,20.14632225036621,98.66666412353516,302.25958251953125,209.93276977539062,21.82200050354004,35.120574951171875,85.22232055664062,175.1024627685547,416.001708984375,34.75,147.6729278564453,87.41999816894531,25.130117416381836,126.54303741455078,48.099998474121094,159.86355590820312,41.08799743652344,499.9437255859375,47.224090576171875,75.65219116210938,377.7029113769531,11.904995918273926,71.61947631835938,232.91702270507812,17.28113555908203,402.99273681640625,417.4800109863281,69.27837371826172,155.85775756835938,151.00718688964844,88.92457580566406,69.46183013916016,34.11000061035156,91.92990112304688,56.00450897216797,77.71773529052734,58.80495071411133,118.59317016601562
2022-04-22,153.907470703125,118.80167388916016,600.2647094726562,583.2321166992188,135.1031036376953,65.62975311279297,30.829999923706055,118.4000015258789,43.49309539794922,97.80934143066406,94.61463165283203,400.9696960449219,545.1372680664062,121.17618560791016,66.27053833007812,37.96220016479492,125.80741119384766,158.519287109375,432.2595520019531,91.97696685791016,172.23995971679688,173.8000030517578,49.718406677246094,204.64459228515625,38.348114013671875,188.33700561523438,94.27999877929688,88.13999938964844,97.12957763671875,118.63997650146484,205.6199951171875,44.27796173095703,182.6764373779297,343.4613037109375,182.8305206298828,151.5046844482422,335.01666259765625,74.90514373779297,137.05508422851562,176.9199981689453,41.84489440917969,100.16999816894531,54.62348175048828,115.54889678955078,38.83588790893555,265.0899963378906,82.13912200927734,554.83154296875,47.22134780883789,111.14849090576172,212.01016235351562,144.35000610351562,271.0719299316406,161.64857482910156,202.26016235351562,231.84500122070312,74.18034362792969,19.479534149169922,95.26333618164062,289.1222229003906,201.90211486816406,21.552000045776367,33.90205383300781,82.92485046386719,169.37208557128906,419.7071838378906,34.72999954223633,146.43783569335938,86.33000183105469,24.37156105041504,120.57367706298828,45.99700164794922,158.02398681640625,39.36077880859375,484.5948486328125,45.95356369018555,72.5396728515625,366.90814208984375,11.472779273986816,70.67617797851562,228.28147888183594,16.781227111816406,383.24957275390625,408.6700134277344,66.48909759521484,154.49566650390625,149.1945343017578,85.57249450683594,67.98285675048828,33.15999984741211,88.8708267211914,54.38642501831055,74.07266235351562,57.95230484008789,115.18687438964844
2022-04-25,154.4403076171875,119.53206634521484,605.0999145507812,575.7546997070312,136.2450408935547,64.81705474853516,32.439998626708984,121.68000030517578,43.97904968261719,97.37284851074219,96.08916473388672,398.3612976074219,541.8095703125,124.59773254394531,66.35120391845703,35.2642822265625,126.9048080444336,159.58729553222656,435.80902099609375,91.1715316772461,175.63633728027344,186.94000244140625,49.7437744140625,207.8856658935547,38.328857421875,188.51133728027344,94.4540023803711,90.69000244140625,97.01734161376953,122.2463607788086,214.5800018310547,44.191532135009766,185.53402709960938,346.8061218261719,185.91079711914062,152.90402221679688,332.67333984375,75.65785217285156,134.1087646484375,175.91000366210938,41.38437271118164,102.44000244140625,54.710025787353516,117.19023895263672,39.4975471496582,271.5617370605469,81.52181243896484,537.9080810546875,48.74578857421875,110.76931762695312,211.99261474609375,146.07400512695312,275.43463134765625,165.6287841796875,202.6342010498047,229.73812866210938,71.67948150634766,19.865829467773438,99.95500183105469,290.6141357421875,203.62847900390625,20.990999221801758,33.658348083496094,79.16771697998047,172.47439575195312,416.536376953125,35.599998474121094,147.618408203125,89.94999694824219,23.43356704711914,119.51803588867188,45.92100143432617,156.990234375,39.50322723388672,487.692626953125,46.47251510620117,73.27259826660156,368.4156799316406,11.59490966796875,70.73059844970703,230.75439453125,17.169389724731445,366.098876953125,413.95001220703125,66.47962951660156,156.5511932373047,148.31031799316406,87.31318664550781,68.67826843261719,33.90999984741211,88.9494857788086,54.88100814819336,74.3436508178711,58.56513214111328,115.15054321289062
2022-04-26,149.5826873779297,117.03145599365234,585.8770141601562,537.9450073242188,136.1404266357422,63.75361633300781,31.329999923706055,119.3499984741211,42.539878845214844,97.14176940917969,93.71939086914062,401.2395324707031,528.0308837890625,121.8057632446289,65.93000793457031,36.039031982421875,122.97100067138672,153.63021850585938,410.86553955078125,90.78710174560547,170.43687438964844,178.75999450683594,49.22395324707031,203.50927734375,36.615516662597656,183.5553741455078,91.19999694824219,85.16000366210938,93.33231353759766,118.53284454345703,201.39999389648438,43.413658142089844,179.54104614257812,336.5466003417969,185.1778106689453,152.51675415039062,292.1400146484375,74.80774688720703,133.29129028320312,167.0399932861328,40.25562286376953,98.36000061035156,52.1219367980957,113.10641479492188,39.56209182739258,261.40423583984375,79.76488494873047,510.5066223144531,48.28301239013672,108.38043975830078,207.466064453125,139.39100646972656,270.9363708496094,164.44451904296875,196.6496124267578,225.57748413085938,71.70562744140625,18.753856658935547,96.79833221435547,283.1094970703125,195.0449676513672,19.84000015258789,32.90016174316406,78.8740463256836,168.03829956054688,415.11981201171875,34.84000015258789,145.11195373535156,84.38999938964844,23.123620986938477,112.58648681640625,42.808998107910156,153.5308837890625,38.51498031616211,477.9344482421875,45.541988372802734,70.9215316772461,362.88787841796875,11.228515625,68.59905242919922,226.8306121826172,16.514606475830078,362.5472106933594,399.1199951171875,64.80606079101562,151.11105346679688,146.4534454345703,83.2548828125,65.70077514648438,32.45000076293945,88.65232849121094,49.20850372314453,72.0009994506836,57.774681091308594,111.7442626953125
2022-04-27,150.42636108398438,116.0604019165039,582.22802734375,534.5374145507812,137.39566040039062,63.52884292602539,30.68000030517578,120.44000244140625,42.25951385498047,96.79084014892578,93.5877456665039,400.24114990234375,528.3360595703125,123.26563262939453,65.66116333007812,36.4127197265625,115.64276123046875,153.4049072265625,407.8426818847656,90.46675872802734,169.4637451171875,174.9499969482422,48.88798141479492,208.74624633789062,37.21229553222656,182.87620544433594,93.25800323486328,84.91000366210938,93.08914184570312,114.0838851928711,201.05999755859375,42.86915588378906,173.5877685546875,353.6229553222656,185.15927124023438,153.8809051513672,293.836669921875,74.74576568603516,133.04434204101562,154.4600067138672,40.25562286376953,97.62000274658203,52.07262420654297,112.55928802490234,40.1349983215332,273.9801025390625,83.87705993652344,514.500244140625,52.103179931640625,110.6270980834961,202.61495971679688,138.16700744628906,272.4178466796875,162.14724731445312,200.0720672607422,223.83358764648438,73.75336456298828,18.38153648376465,96.47000122070312,283.2090148925781,207.66326904296875,18.854000091552734,32.719627380371094,80.37688446044922,172.58306884765625,412.5494689941406,37.41999816894531,144.72146606445312,82.70999908447266,23.327539443969727,113.25908660888672,41.619998931884766,153.62857055664062,38.00349044799805,477.9623107910156,44.11936569213867,71.15950012207031,367.85528564453125,11.335379600524902,67.79178619384766,225.51661682128906,16.751819610595703,366.1179504394531,397.8999938964844,64.84388732910156,153.8765106201172,148.2572784423828,82.17068481445312,65.10330963134766,32.22999954223633,88.14539337158203,47.75527572631836,71.86116027832031,58.22763442993164,110.2909164428711
2022-04-28,156.16314697265625,116.64476776123047,589.4264526367188,566.8468627929688,136.2537384033203,65.34443664550781,32.81999969482422,128.47000122070312,43.77346420288086,97.39852905273438,94.04414367675781,397.2998962402344,536.7598266601562,135.2089385986328,65.8582992553711,36.558563232421875,120.32058715820312,160.33197021484375,433.5174560546875,89.7711181640625,173.61380004882812,185.7100067138672,49.512386322021484,210.284423828125,37.298919677734375,189.8421173095703,100.80400085449219,89.63999938964844,96.06334686279297,118.43912506103516,207.05999755859375,43.23217010498047,204.12811279296875,370.5035705566406,190.32705688476562,156.21307373046875,292.5033264160156,78.43833923339844,137.77040100097656,154.22000122070312,40.788394927978516,102.55999755859375,53.8780517578125,112.63745880126953,40.75629425048828,280.1810302734375,86.33677673339844,552.4691162109375,52.45707321166992,113.0444107055664,207.3695526123047,144.59649658203125,281.5947265625,163.3582000732422,198.65074157714844,223.240478515625,75.98409271240234,19.746049880981445,98.12333679199219,287.89251708984375,214.0160369873047,19.95199966430664,33.22509765625,84.25495910644531,183.51031494140625,417.615234375,37.95000076293945,148.3994598388672,85.37000274658203,23.93927574157715,118.68663024902344,44.327999114990234,156.33909606933594,38.99955749511719,487.83203125,45.30040740966797,72.47303771972656,373.5666809082031,11.15981388092041,69.46072387695312,231.94979858398438,17.1144962310791,365.4436950683594,410.5299987792969,65.35447692871094,156.98046875,152.97901916503906,91.60026550292969,68.73703002929688,33.560001373291016,88.14539337158203,47.462181091308594,73.52740478515625,58.78717803955078,112.0349349975586
2022-04-29,151.19004821777344,113.61133575439453,565.6218872070312,541.151123046875,128.03372192382812,63.451019287109375,31.479999542236328,120.77999877929688,40.736228942871094,94.28314208984375,91.59540557861328,388.6741027832031,507.83990478515625,127.45354461669922,63.64481735229492,35.55595397949219,115.89388275146484,154.46299743652344,408.3302001953125,86.86968231201172,166.67800903320312,171.44000244140625,48.49177932739258,199.7555389404297,36.490379333496094,182.3990020751953,95.62000274658203,85.5199966430664,94.27696228027344,114.03031921386719,198.75999450683594,42.097007751464844,198.90908813476562,355.3931579589844,183.45213317871094,151.11744689941406,290.2533264160156,78.53573608398438,133.41049194335938,148.83999633789062,39.39777755737305,99.56999969482422,51.59333801269531,109.06166076660156,39.5943717956543,268.4660949707031,92.20588684082031,546.5675659179688,55.95058059692383,109.78341674804688,200.5797882080078,124.28150177001953,271.3339538574219,160.68692016601562,196.87403869628906,213.36117553710938,74.28489685058594,18.5132999420166,93.54666900634766,276.21087646484375,206.71273803710938,19.035999298095703,32.20514678955078,82.50162506103516,173.8279571533203,412.2023620605469,43.09000015258789,145.80215454101562,81.0,23.425413131713867,116.4913101196289,42.68199920654297,150.7552490234375,37.74324417114258,473.0692443847656,43.82410430908203,69.86499786376953,363.8542175292969,10.808684349060059,67.70109558105469,227.35987854003906,16.869443893432617,358.5397033691406,395.95001220703125,62.71644973754883,148.5767059326172,141.73171997070312,87.46238708496094,66.78794860839844,32.599998474121094,84.01998901367188,45.52047348022461,71.050048828125,57.383888244628906,108.41973876953125
2022-05-02,154.52023315429688,114.32456970214844,565.7305908203125,548.1774291992188,128.8966522216797,63.29539489746094,30.389999389648438,120.19999694824219,42.01652908325195,93.0335464477539,90.52461242675781,387.49578857421875,505.1942138671875,132.54473876953125,62.61424255371094,35.6471061706543,117.7724380493164,154.7667694091797,416.3846435546875,86.2381362915039,163.73008728027344,177.75999450683594,48.17164611816406,200.79928588867188,37.010162353515625,180.81121826171875,96.9000015258789,89.83999633789062,95.78276062011719,116.20297241210938,203.64999389648438,42.53360366821289,209.48605346679688,351.1485290527344,188.47146606445312,147.64117431640625,300.9800109863281,77.61479949951172,136.0332489013672,148.61000061035156,39.433895111083984,104.79000091552734,53.63701248168945,110.88863372802734,39.00534439086914,275.1893615722656,96.1186294555664,539.2526245117188,57.50224304199219,107.5746841430664,201.57102966308594,124.5,277.2682800292969,159.06631469726562,198.30474853515625,209.7581787109375,75.29571533203125,19.49750328063965,95.32499694824219,280.6684265136719,205.1609344482422,19.945999145507812,32.6203498840332,82.84710693359375,175.4383544921875,411.470703125,44.65999984741211,143.83148193359375,85.83000183105469,23.53960609436035,117.78048706054688,45.29800033569336,147.18191528320312,38.317562103271484,466.185546875,44.6114616394043,70.43609619140625,354.9826354980469,10.89264965057373,68.36322784423828,225.06036376953125,16.879247665405273,362.034423828125,407.2900085449219,64.19147491455078,147.42098999023438,135.40069580078125,91.04324340820312,69.14839935302734,31.5,84.34336853027344,46.131072998046875,72.25786590576172,56.34474182128906,109.40982055664062
2022-05-03,153.2236785888672,113.8777084350586,571.3988647460938,551.54833984375,130.40467834472656,63.21760559082031,29.469999313354492,114.88999938964844,42.10999298095703,92.74256134033203,90.4982681274414,391.0575866699219,504.3634033203125,131.6232147216797,63.41182327270508,36.59502410888672,119.64168548583984,156.25604248046875,420.11932373046875,87.31816864013672,164.1975555419922,176.4199981689453,48.33963394165039,202.83177185058594,38.44436264038086,183.04139709472656,96.37200164794922,91.12999725341797,93.52872467041016,117.16756439208984,199.39999389648438,43.747344970703125,210.3790283203125,349.926025390625,187.07054138183594,147.84356689453125,303.0833435058594,77.12779235839844,138.36647033691406,153.5800018310547,39.87635803222656,103.52999877929688,54.085575103759766,110.93748474121094,39.771881103515625,272.58709716796875,95.33037567138672,540.04345703125,56.41335678100586,108.52264404296875,203.9922332763672,124.25350189208984,275.45269775390625,158.75465393066406,199.75411987304688,213.35227966308594,76.84674835205078,19.566373825073242,92.98999786376953,284.50201416015625,202.28036499023438,19.98699951171875,33.51393127441406,85.44688415527344,176.21890258789062,423.31884765625,43.90999984741211,141.86077880859375,83.94000244140625,25.431907653808594,114.77244567871094,46.52000045776367,149.5343017578125,38.68547821044922,464.7623291015625,44.66514587402344,69.76030731201172,347.5509338378906,11.114015579223633,67.41990661621094,224.3577423095703,16.92433738708496,369.8310852050781,407.5799865722656,65.67594146728516,147.04122924804688,134.7198486328125,90.22760772705078,69.7948226928711,30.760000228881836,83.8888931274414,47.41944122314453,73.83599090576172,56.025001525878906,111.75334167480469
2022-05-04,156.5005645751953,118.07122039794922,602.3381958007812,572.7721557617188,132.13938903808594,64.47122955322266,28.100000381469727,119.0,43.49309539794922,94.58269500732422,92.88561248779297,400.92474365234375,519.9789428710938,135.9936065673828,65.47296905517578,38.82807922363281,124.89607238769531,162.6638641357422,436.7744445800781,89.47824096679688,169.64505004882812,186.0,49.0084228515625,209.5519561767578,39.6283073425293,192.2650909423828,99.89199829101562,99.41999816894531,95.92305755615234,121.57685852050781,200.38999938964844,45.60726547241211,221.6704559326172,360.4201354980469,192.2012176513672,153.0096435546875,317.5400085449219,78.38520812988281,142.70932006835938,156.97000122070312,41.51981735229492,108.9800033569336,56.17856979370117,113.51675415039062,40.0704345703125,280.5195617675781,96.3085708618164,556.5120239257812,57.329833984375,104.14305877685547,208.2819061279297,125.92849731445312,284.8013000488281,160.45538330078125,208.1418914794922,217.4509735107422,79.90528106689453,20.29705047607422,92.211669921875,293.0462646484375,208.0609130859375,20.400999069213867,34.858821868896484,89.70497131347656,183.25338745117188,433.9382019042969,45.349998474121094,142.90518188476562,88.51000213623047,25.978389739990234,117.76178741455078,48.54899978637695,150.12847900390625,40.2020378112793,472.2041015625,46.15040969848633,71.58782958984375,352.08331298828125,11.434610366821289,74.05033111572266,232.06842041015625,17.353668212890625,376.3930969238281,423.3500061035156,67.47244262695312,151.73016357421875,134.6490936279297,92.22691345214844,72.10631561279297,21.559999465942383,87.90065002441406,49.110816955566406,76.89522552490234,57.75692367553711,115.4502944946289
2022-05-05,151.21670532226562,116.79945373535156,573.8888549804688,545.256591796875,132.65367126464844,64.03028106689453,26.829999923706055,111.87000274658203,42.00957489013672,94.18898010253906,91.76216125488281,398.5950927734375,494.0865478515625,129.2327117919922,64.37965393066406,38.35413360595703,121.20406341552734,153.600830078125,399.6614074707031,88.16024017333984,163.14813232421875,166.17999267578125,48.58851623535156,200.10345458984375,38.45399475097656,190.20010375976562,93.86599731445312,93.87000274658203,93.36036682128906,115.79583740234375,180.97999572753906,44.80392074584961,206.6582489013672,345.6031799316406,181.77284240722656,149.95579528808594,291.09332275390625,77.93360137939453,141.57676696777344,150.47000122070312,40.639122009277344,100.83999633789062,53.975772857666016,110.01911926269531,39.094093322753906,268.30157470703125,89.87913513183594,544.1851806640625,53.89077377319336,96.34131622314453,202.43072509765625,116.40699768066406,270.16864013671875,157.39230346679688,201.9141845703125,213.76840209960938,78.6940689086914,18.80974769592285,88.27333068847656,283.06439208984375,199.06033325195312,18.832000732421875,33.88399887084961,88.84124755859375,170.23165893554688,437.77496337890625,40.279998779296875,140.2715606689453,80.93000030517578,25.464529037475586,110.8208999633789,41.308998107910156,147.8086700439453,39.573875427246094,460.2042236328125,44.387779235839844,69.29389190673828,335.2484436035156,11.091114044189453,70.27706909179688,227.14089965820312,16.64987564086914,363.7532958984375,400.510009765625,66.0447006225586,148.4198455810547,128.1942901611328,84.9756851196289,69.82421112060547,22.030000686645508,85.41844177246094,47.987300872802734,74.88511657714844,57.295074462890625,112.56175994873047
2022-05-06,149.71461486816406,118.3032455444336,569.1895141601562,532.5281982421875,133.2202606201172,64.55767822265625,26.06999969482422,110.0,41.72699737548828,95.27596282958984,90.79670715332031,404.2436828613281,480.75341796875,128.2655792236328,64.9442367553711,39.220008850097656,118.1444091796875,154.326904296875,385.86346435546875,87.22664642333984,159.46556091308594,155.27000427246094,47.57691192626953,198.62025451660156,38.09785079956055,192.9258575439453,91.3479995727539,95.33999633789062,89.91851806640625,114.71817779541016,164.80999755859375,45.074607849121094,202.18338012695312,339.490478515625,178.40493774414062,149.9733428955078,288.54998779296875,78.27008819580078,145.34909057617188,148.89999389648438,40.44845199584961,96.37999725341797,53.98599624633789,107.75249481201172,39.57016372680664,265.76715087890625,85.52003479003906,540.3992919921875,50.46078109741211,94.61603546142578,197.5620880126953,114.77249908447266,265.8331298828125,157.0450439453125,200.71726989746094,216.06112670898438,79.89656829833984,18.641061782836914,84.1449966430664,282.96484375,196.7131805419922,18.097000122070312,33.802764892578125,93.01298522949219,167.66287231445312,439.688720703125,38.189998626708984,141.6700897216797,74.56999969482422,25.986547470092773,106.95340728759766,37.749000549316406,148.6307830810547,39.268768310546875,464.7623291015625,44.13726043701172,68.99884033203125,334.1467590332031,10.846850395202637,69.40631103515625,228.838134765625,16.400901794433594,358.4542236328125,391.010009765625,63.7470703125,148.52719116210938,124.56900024414062,81.2456283569336,68.9035415649414,20.510000228881836,88.00553131103516,47.767486572265625,74.25918579101562,57.49934005737305,112.380126953125
2022-05-09,147.47047424316406,116.92906188964844,548.3095092773438,495.47344970703125,131.5902099609375,64.17725372314453,23.049999237060547,97.52999877929688,40.56843566894531,94.83090209960938,87.40006256103516,394.71844482421875,476.4269104003906,123.10136413574219,63.36699676513672,34.671844482421875,114.59191131591797,149.2049102783203,357.87762451171875,83.9773941040039,153.61740112304688,143.2899932861328,48.13362503051758,192.07403564453125,36.827274322509766,191.14541625976562,85.17400360107422,86.36000061035156,89.76887512207031,112.16315460205078,143.69000244140625,43.5639762878418,194.68222045898438,320.78094482421875,181.91201782226562,151.10865783691406,262.3699951171875,77.60595703125,135.6074676513672,133.30999755859375,39.91276931762695,92.33999633789062,52.387176513671875,104.5186538696289,39.24740982055664,255.94825744628906,80.5721206665039,511.4458312988281,46.313941955566406,91.94279479980469,196.67608642578125,108.78900146484375,268.28997802734375,157.8998565673828,192.89990234375,204.57070922851562,73.59651947021484,16.91919708251953,76.58499908447266,279.2850036621094,187.18887329101562,17.309999465942383,32.827945709228516,83.95264434814453,161.6360626220703,425.8799133300781,34.95000076293945,141.31590270996094,68.62999725341797,24.208436965942383,103.88932800292969,34.00400161743164,142.75392150878906,38.77522277832031,452.4832763671875,43.80620574951172,68.09458923339844,317.7273864746094,10.205658912658691,66.6579818725586,225.83599853515625,15.848063468933105,346.17529296875,376.9100036621094,60.63631057739258,149.77369689941406,117.04428100585938,79.10706329345703,66.53327941894531,18.610000610351562,86.40606689453125,44.55570983886719,71.54376220703125,57.383888244628906,110.69059753417969
2022-05-10,150.4209747314453,112.31068420410156,552.5379638671875,505.8244934082031,132.5752410888672,63.28675079345703,23.670000076293945,98.30999755859375,41.4538459777832,93.21330261230469,88.04076385498047,394.9793395996094,478.93878173828125,124.82582092285156,62.721771240234375,34.535118103027344,112.55523681640625,151.60894775390625,361.9536437988281,83.92247009277344,154.39015197753906,143.75999450683594,47.456031799316406,194.40870666503906,37.25080490112305,190.95262145996094,86.46399688720703,88.7300033569336,90.5638656616211,113.65143585205078,151.8800048828125,42.56853103637695,196.11102294921875,318.179443359375,178.25650024414062,150.923828125,266.67999267578125,77.7564926147461,136.91033935546875,132.9499969482422,39.11378860473633,90.68000030517578,54.10606002807617,105.2025375366211,39.93326950073242,260.7077331542969,80.31571197509766,520.1841430664062,46.86745834350586,91.4498519897461,192.21092224121094,108.85900115966797,262.9879150390625,157.68614196777344,189.81411743164062,198.958251953125,74.08447265625,17.563024520874023,80.67333221435547,275.8221435546875,187.75140380859375,17.766000747680664,32.2773551940918,84.64362335205078,165.14344787597656,422.1180725097656,35.560001373291016,140.57127380371094,70.29000091552734,24.37972068786621,102.28253936767578,33.53900146484375,138.61080932617188,38.550872802734375,453.9623718261719,44.33409881591797,69.03691101074219,316.9736022949219,10.190390586853027,65.17952728271484,224.18434143066406,16.075469970703125,346.38421630859375,393.0299987792969,61.06180191040039,150.2524871826172,110.8901138305664,78.33121490478516,67.49315643310547,19.0,85.79425811767578,44.76332092285156,70.7591323852539,56.850990295410156,107.9928207397461
2022-05-11,147.2469482421875,113.71967315673828,543.5921020507812,503.8238220214844,132.46189880371094,63.96111297607422,22.56999969482422,97.87000274658203,40.34238052368164,94.06917572021484,88.33918762207031,396.13067626953125,467.1147766113281,120.71087646484375,62.90996170043945,34.972618103027344,111.21610260009766,143.7493438720703,347.3073425292969,83.29090118408203,152.0623321533203,132.8800048828125,46.95978927612305,190.9204559326172,35.87435531616211,190.16336059570312,84.0719985961914,87.91999816894531,89.40409851074219,113.03299713134766,137.39999389648438,41.616737365722656,187.27040100097656,318.7076721191406,174.21133422851562,150.19338989257812,244.6666717529297,78.9784927368164,138.93695068359375,129.38999938964844,38.65074920654297,84.80000305175781,52.77710723876953,102.78936767578125,39.90098571777344,252.04971313476562,77.61857604980469,514.0258178710938,45.21598434448242,89.6297607421875,187.28089904785156,105.37200164794922,255.5813446044922,156.83135986328125,191.8900146484375,198.9317169189453,75.62682342529297,16.599777221679688,77.77833557128906,272.6484375,190.7968292236328,16.636999130249023,32.105857849121094,85.54188537597656,159.33404541015625,418.8440856933594,33.84000015258789,138.5915069580078,67.5999984741211,24.648880004882812,100.81590270996094,31.858999252319336,138.94454956054688,38.07526779174805,452.2321472167969,43.528831481933594,67.60913848876953,314.8667907714844,9.793461799621582,63.54686737060547,223.04371643066406,15.695149421691895,345.700439453125,379.3299865722656,61.57237243652344,146.49636840820312,109.41344451904297,74.77024841308594,65.58324432373047,17.719999313354492,85.64567565917969,44.232093811035156,69.5512924194336,57.117435455322266,107.31156158447266
2022-05-12,148.3287811279297,115.5896224975586,543.637451171875,504.8482666015625,134.49288940429688,64.04757690429688,23.290000915527344,98.83000183105469,40.35179901123047,94.00438690185547,88.742919921875,390.8957824707031,464.3450622558594,120.22730255126953,61.39546585083008,35.574180603027344,106.1570053100586,139.88331604003906,345.0841369628906,83.73023986816406,146.2236785888672,140.60000610351562,46.91524124145508,189.9591064453125,34.22838592529297,191.08114624023438,86.58799743652344,87.05999755859375,90.6948013305664,112.23950958251953,139.80999755859375,40.656219482421875,189.75096130371094,314.1792907714844,177.85757446289062,149.9645538330078,242.6666717529297,80.43074035644531,140.2568817138672,123.13999938964844,37.96070861816406,84.97000122070312,53.19217300415039,101.91007995605469,40.99104690551758,247.0194091796875,77.01075744628906,519.7592163085938,44.16339111328125,90.53033447265625,190.5968475341797,106.93049621582031,261.66021728515625,158.3806915283203,189.8515167236328,199.62217712402344,75.97014617919922,16.145605087280273,79.75166320800781,270.7135925292969,188.48898315429688,17.430999755859375,31.654552459716797,86.02555084228516,158.49424743652344,422.8779602050781,34.22999954223633,138.02845764160156,69.83999633789062,24.416349411010742,100.7972183227539,35.35100173950195,140.0433807373047,38.4162712097168,445.3948974609375,43.20673370361328,67.32359313964844,318.5874938964844,9.495763778686523,63.84829330444336,222.82472229003906,16.447954177856445,344.703369140625,388.489990234375,61.600830078125,147.47874450683594,109.58145141601562,73.89492797851562,66.31781005859375,18.59000015258789,85.8729248046875,44.74500274658203,69.28679656982422,57.295074462890625,107.2207260131836
2022-05-13,151.76210021972656,116.1984634399414,557.1558837890625,529.93798828125,133.80429077148438,64.2657241821289,24.389999389648438,108.86000061035156,41.067649841308594,94.39303588867188,90.11209869384766,391.4175109863281,474.93701171875,123.11048126220703,62.55149841308594,37.132781982421875,108.87753295898438,144.3478546142578,362.5094909667969,84.13296508789062,151.45175170898438,158.36000061035156,47.09656524658203,191.15846252441406,36.779151916503906,193.9170379638672,90.52999877929688,95.12000274658203,92.32220458984375,115.56671905517578,156.2899932861328,41.599273681640625,197.07347106933594,325.4852600097656,179.9915008544922,152.88641357421875,256.5299987792969,80.05883026123047,142.9477081298828,127.19999694824219,38.71430587768555,94.83999633789062,54.74353790283203,104.86058807373047,40.60871124267578,252.60113525390625,83.56365203857422,535.1996459960938,46.77671432495117,93.15618896484375,192.75482177734375,113.05500030517578,267.38665771484375,157.4724884033203,191.06712341308594,205.96055603027344,78.22371673583984,17.673818588256836,81.83499908447266,277.5671081542969,193.60031127929688,18.763999938964844,31.74481964111328,88.88446807861328,164.90635681152344,424.80108642578125,37.720001220703125,139.5087127685547,79.16999816894531,25.141996383666992,105.57084655761719,40.24800109863281,143.65740966796875,38.99955749511719,451.5344543457031,44.34304428100586,67.74237823486328,325.5360412597656,10.304889678955078,69.0548095703125,223.60035705566406,17.05764389038086,348.22650146484375,405.45001220703125,62.22678756713867,148.2364044189453,113.48971557617188,78.41078186035156,70.44125366210938,20.0,85.1999282836914,45.82576370239258,71.0059814453125,58.36974334716797,108.17448425292969
2022-05-16,150.6534423828125,117.44220733642578,542.0076293945312,517.0162353515625,135.52151489257812,64.78927612304688,23.59000015258789,97.19000244140625,40.57786178588867,95.0234603881836,91.11266326904297,393.55810546875,472.3200988769531,122.1798324584961,62.83827209472656,38.408817291259766,106.5496597290039,142.80734252929688,350.64227294921875,84.64553833007812,149.23838806152344,144.50999450683594,47.147457122802734,190.98451232910156,35.71071243286133,192.4761505126953,86.58599853515625,94.23999786376953,91.22792053222656,113.85772705078125,146.38999938964844,41.442108154296875,198.482421875,322.4826965332031,180.6687469482422,154.4265594482422,241.4566650390625,81.7501449584961,147.3246307373047,124.05000305175781,38.32388687133789,88.91999816894531,54.22517395019531,102.76006317138672,41.21881866455078,252.96871948242188,82.12963104248047,533.1831665039062,46.75856399536133,92.24613189697266,192.3337860107422,110.81050109863281,267.3505554199219,158.56768798828125,193.7415313720703,203.80052185058594,80.06353759765625,17.232624053955078,78.02999877929688,274.3573303222656,192.22044372558594,18.650999069213867,31.419879913330078,91.53059387207031,162.14984130859375,429.7261657714844,37.84000015258789,140.87091064453125,74.48999786376953,25.579029083251953,105.18782043457031,35.994998931884766,143.00625610351562,38.80213928222656,455.0879211425781,43.84199523925781,66.35272216796875,324.0960388183594,9.961394309997559,66.15010833740234,222.6878204345703,16.93021583557129,355.5958251953125,402.8599853515625,60.737754821777344,149.67684936523438,110.74862670898438,77.237060546875,69.02107238769531,19.139999389648438,86.1351318359375,45.56931686401367,70.44174194335938,58.58289337158203,107.42056274414062
2022-05-17,156.4470977783203,120.34716796875,553.8870239257812,542.8018798828125,134.9200439453125,64.70201873779297,24.200000762939453,95.05000305175781,41.82118606567383,94.43621063232422,93.26300048828125,396.6612854003906,468.4424133300781,127.45354461669922,64.54096984863281,39.1470947265625,112.57036590576172,146.4378662109375,362.6167297363281,86.90628814697266,154.4092254638672,145.80999755859375,41.78408432006836,196.8074493408203,36.67326736450195,203.28758239746094,86.56999969482422,102.47000122070312,92.64955139160156,115.75119018554688,147.27000427246094,44.57688522338867,201.0423126220703,331.4120788574219,180.0193328857422,153.5376739501953,253.8699951171875,82.35230255126953,148.19320678710938,132.0500030517578,39.685791015625,90.94000244140625,56.596431732177734,106.14045715332031,41.76384735107422,258.11517333984375,87.36244201660156,548.2283325195312,48.70041275024414,93.96196746826172,189.62954711914062,115.36849975585938,271.8306884765625,159.2266082763672,199.25851440429688,206.26150512695312,81.08470916748047,18.14396858215332,78.87833404541016,282.9739990234375,198.2355499267578,19.055999755859375,32.484962463378906,92.8493423461914,161.7645263671875,430.851806640625,40.15999984741211,140.4713134765625,75.25,25.95834732055664,108.27059936523438,37.263999938964844,143.90975952148438,40.013580322265625,458.16693115234375,45.273563385009766,68.41819763183594,327.8844299316406,10.327790260314941,67.33757781982422,220.48870849609375,17.190954208374023,364.911865234375,409.6499938964844,61.83793640136719,152.48272705078125,111.32339477539062,79.32588958740234,72.94862365722656,19.719999313354492,86.8605728149414,46.65007400512695,73.11305236816406,58.42302703857422,110.98126983642578
2022-05-18,152.26280212402344,115.62442779541016,535.9047241210938,510.589111328125,132.87158203125,64.4140625,22.459999084472656,88.06999969482422,39.89025115966797,94.04759216308594,90.90202331542969,390.66192626953125,410.1151123046875,119.02294158935547,63.62688064575195,37.488243103027344,106.94230651855469,138.17601013183594,344.5185241699219,84.76453399658203,148.923583984375,137.75999450683594,38.94652557373047,190.89297485351562,34.48827362060547,186.83184814453125,82.44999694824219,96.27999877929688,87.2061767578125,111.48571014404297,138.5,43.06624984741211,190.7431640625,328.5171813964844,170.54656982421875,144.02403259277344,236.60333251953125,81.5553207397461,144.28683471679688,125.5199966430664,38.233097076416016,84.69000244140625,53.09910583496094,101.90030670166016,40.999183654785156,246.36325073242188,82.9178695678711,535.9410400390625,46.45912551879883,90.16061401367188,142.35427856445312,107.11250305175781,257.5865478515625,156.27040100097656,194.44281005859375,204.16351318359375,79.7994613647461,16.90721893310547,73.0999984741211,277.33203125,194.33885192871094,17.7189998626709,31.483057022094727,90.6456527709961,155.4413604736328,426.71478271484375,38.59000015258789,131.71685791015625,72.76000213623047,25.65324592590332,102.17045593261719,36.0620002746582,142.81903076171875,38.84701156616211,438.4925231933594,43.26935577392578,65.01063537597656,319.0320739746094,9.755295753479004,65.10883331298828,210.83441162109375,17.069406509399414,350.1068420410156,397.8800048828125,60.0074577331543,143.39906311035156,105.69088745117188,76.7695541381836,69.58914947509766,18.149999618530273,82.17578887939453,45.9173583984375,71.13822937011719,54.35527038574219,109.08282470703125
2022-05-19,149.8666229248047,112.77165222167969,537.0093994140625,508.3663024902344,132.25270080566406,63.98650360107422,23.239999771118164,96.5250015258789,39.56999969482422,94.09075927734375,90.18232727050781,382.8276062011719,403.93572998046875,119.1324462890625,63.14296340942383,37.233036041259766,105.95133209228516,134.7711639404297,353.3140563964844,83.09795379638672,146.9201202392578,146.82000732421875,37.87765884399414,189.38232421875,34.76741027832031,182.68350219726562,85.35199737548828,96.66999816894531,91.79850769042969,109.84370422363281,142.63999938964844,43.46792221069336,189.800537109375,324.9180603027344,174.29481506347656,141.8678741455078,236.47332763671875,81.54646301269531,143.25660705566406,127.13999938964844,38.13322448730469,90.94000244140625,50.83209228515625,100.76699829101562,41.20254898071289,245.4518280029297,83.27875518798828,544.4127197265625,49.10117721557617,90.90950775146484,135.14895629882812,107.31900024414062,259.9169006347656,154.88131713867188,193.33937072753906,206.4828338623047,80.2308120727539,17.092880249023438,72.72833251953125,278.6611633300781,191.79286193847656,18.347999572753906,31.094938278198242,90.7584457397461,153.73211669921875,420.7391052246094,42.04999923706055,128.68368530273438,78.18000030517578,25.587278366088867,99.43334197998047,39.132999420166016,145.1958465576172,38.87393569946289,445.1623229980469,37.32832336425781,63.811302185058594,320.9164733886719,9.80872917175293,65.7025375366211,208.96377563476562,17.39091682434082,346.2607727050781,394.3800048828125,59.42890930175781,139.36923217773438,105.85889434814453,80.8477554321289,67.97307586669922,19.290000915527344,81.40665435791016,46.24708938598633,70.49462890625,53.28947448730469,107.46598815917969
2022-05-20,151.82467651367188,111.74534606933594,543.6736450195312,514.9766845703125,131.63377380371094,64.05630493164062,23.350000381469727,94.79000091552734,39.23091506958008,94.85073852539062,89.98924255371094,381.5054016113281,397.7276306152344,120.07220458984375,63.82406234741211,37.479129791259766,106.29723358154297,135.00662231445312,358.6284484863281,82.94143676757812,146.195068359375,141.49000549316406,37.91901397705078,191.02113342285156,34.074378967285156,184.38134765625,86.60600280761719,93.5,93.80104064941406,108.42286682128906,148.74000549316406,43.44172286987305,192.03302001953125,328.791015625,171.35372924804688,142.7567596435547,221.3000030517578,82.83931732177734,144.08079528808594,120.69999694824219,37.83360290527344,89.73999786376953,50.5510368347168,100.06356048583984,42.68307876586914,244.88946533203125,82.42403411865234,548.77197265625,48.53369140625,92.5400161743164,136.84901428222656,107.59100341796875,259.4020080566406,157.5881805419922,184.9796905517578,216.24703979492188,80.86463165283203,16.663660049438477,79.77999877929688,277.395263671875,193.40599060058594,18.635000228881836,30.562395095825195,91.11414337158203,157.7334747314453,415.88909912109375,40.900001525878906,128.765380859375,76.75,25.793428421020508,100.890625,36.3849983215332,148.30520629882812,39.27775192260742,451.8414306640625,38.419898986816406,65.3247299194336,330.91888427734375,9.541563987731934,67.0361328125,213.44418334960938,17.632049560546875,297.5342712402344,399.0899963378906,60.01694869995117,142.408203125,105.85889434814453,80.11168670654297,67.48334503173828,19.06999969482422,82.97116088867188,45.94789123535156,69.97447967529297,54.15986633300781,106.58486938476562
2022-05-23,151.93199157714844,114.08496856689453,553.697021484375,536.01708984375,129.0361328125,64.70201873779297,23.780000686645508,93.93000030517578,39.560585021972656,95.69706726074219,91.50763702392578,389.4926452636719,410.19158935546875,120.54663848876953,65.01592254638672,39.93095779418945,111.06520080566406,140.4229736328125,362.1291198730469,84.55274963378906,151.7283935546875,138.85000610351562,39.000606536865234,194.97633361816406,34.65190505981445,187.85975646972656,86.02400207519531,95.06999969482422,96.11164855957031,110.7571792602539,149.27000427246094,46.07879638671875,194.7020721435547,340.771728515625,172.8011016845703,145.74020385742188,224.96665954589844,83.0872573852539,147.42909240722656,124.06999969482422,39.78566360473633,89.33000183105469,48.98478698730469,103.39511108398438,43.016605377197266,252.73367309570312,82.84190368652344,548.831298828125,49.61284255981445,93.00450897216797,135.5629119873047,107.55699920654297,258.3543395996094,160.8053741455078,190.8988037109375,220.79718017578125,82.65164184570312,16.867290496826172,83.37833404541016,286.2650451660156,201.69493103027344,18.743999481201172,32.376644134521484,94.5844955444336,158.39547729492188,428.49713134765625,40.45000076293945,131.72593688964844,78.2699966430664,26.47784423828125,101.47917175292969,36.8489990234375,150.7552490234375,40.094356536865234,457.7484436035156,38.786739349365234,66.66682434082031,338.746826171875,9.793461799621582,67.06355285644531,217.17630004882812,17.598722457885742,318.4740905761719,406.760009765625,61.904327392578125,145.19744873046875,106.53092193603516,80.74828338623047,68.15914916992188,20.209999084472656,83.53052520751953,46.07611846923828,72.56645202636719,55.829612731933594,113.17945861816406
2022-05-24,150.0811767578125,116.3724136352539,559.8902587890625,528.111328125,129.97756958007812,66.04579162597656,21.549999237060547,85.80999755859375,39.24974822998047,97.57112121582031,92.67494201660156,398.2623596191406,418.0518798828125,117.27111053466797,66.915771484375,40.01298141479492,109.22344970703125,137.72462463378906,350.0376892089844,85.8233871459961,148.47520446777344,129.6300048828125,39.48731231689453,194.7657470703125,33.8914909362793,188.37368774414062,83.93000030517578,91.16000366210938,95.02373504638672,105.06343841552734,139.8699951171875,46.00020980834961,179.8684844970703,333.2019348144531,171.28880310058594,147.69395446777344,209.3866729736328,83.8045425415039,148.21896362304688,119.4000015258789,39.30445861816406,94.33999633789062,48.78376388549805,99.25264739990234,43.4477424621582,251.73500061035156,78.32135009765625,542.5146484375,46.12422180175781,93.24148559570312,132.08360290527344,104.0999984741211,260.06146240234375,162.56187438964844,192.3014678955078,228.8529052734375,83.10060119628906,16.124643325805664,79.52333068847656,283.8600158691406,196.9042510986328,18.034000396728516,32.178070068359375,94.98359680175781,155.04612731933594,441.9402160644531,36.959999084472656,134.06893920898438,71.7300033569336,26.45310401916504,100.22737884521484,32.48400115966797,155.96469116210938,39.78924560546875,462.8459777832031,39.16253662109375,65.70545959472656,339.0851135253906,9.480499267578125,66.42415618896484,223.1258544921875,17.453649520874023,320.05999755859375,398.4100036621094,60.642906188964844,144.9643096923828,106.1772232055664,78.23174285888672,65.2502212524414,16.719999313354492,84.29967498779297,45.50214767456055,72.25786590576172,56.8598747253418,114.77811431884766
2022-05-25,152.00347900390625,116.88555908203125,567.3603515625,529.7060546875,132.46189880371094,66.04579162597656,22.040000915527344,88.7300033569336,39.74897384643555,97.06159210205078,92.6310806274414,402.5437316894531,420.34417724609375,119.73458862304688,67.02330780029297,41.0611572265625,112.39275360107422,137.88160705566406,378.7841491699219,86.14564514160156,153.13082885742188,132.77000427246094,39.24553680419922,195.8369598388672,34.632652282714844,187.510986328125,90.45800018310547,92.6500015258789,93.69513702392578,104.9776382446289,146.63999938964844,46.01766586303711,182.39865112304688,337.182373046875,174.93502807617188,148.7060546875,219.60000610351562,83.01643371582031,150.59713745117188,122.05999755859375,40.05804443359375,102.33999633789062,49.4752197265625,100.88423156738281,43.69178771972656,254.54696655273438,78.16939544677734,528.1318359375,46.69170379638672,92.44520568847656,137.7826690673828,106.7750015258789,265.16473388671875,160.9667205810547,195.723876953125,230.41976928710938,84.77317810058594,16.94415283203125,84.25166320800781,284.718994140625,198.08006286621094,18.783000946044922,32.34956741333008,96.47584533691406,157.7334747314453,438.6756286621094,38.310001373291016,131.8712615966797,77.69999694824219,26.69223976135254,101.07746887207031,33.31100082397461,154.8006591796875,40.13024139404297,463.33905029296875,39.368324279785156,66.46693420410156,335.98291015625,9.701863288879395,66.2049331665039,222.66043090820312,17.30858039855957,325.70086669921875,402.5,62.40699768066406,144.75616455078125,106.13300323486328,79.69392395019531,66.47451782226562,16.649999618530273,84.91148376464844,45.50825500488281,72.49592590332031,56.904273986816406,115.57748413085938
2022-05-26,155.68714904785156,119.05992889404297,590.7574462890625,541.294189453125,131.250244140625,65.69676208496094,23.100000381469727,89.62999725341797,40.95462417602539,97.78703308105469,87.27718353271484,402.948486328125,444.1067199707031,123.02836608886719,67.24735260009766,42.55595016479492,116.3099365234375,141.08041381835938,396.3069763183594,87.47154998779297,157.76739501953125,126.80000305175781,40.08218002319336,199.84707641601562,36.01872253417969,194.8348388671875,90.9739990234375,98.75,94.80230712890625,107.41412353515625,155.83999633789062,47.23141098022461,190.13792419433594,342.1996765136719,181.41099548339844,149.70936584472656,235.91000366210938,81.74127960205078,151.61021423339844,127.7300033569336,41.40178298950195,107.0,51.2462158203125,103.18016815185547,43.91956329345703,257.82427978515625,89.7271957397461,533.90478515625,49.04535675048828,94.3506088256836,143.75486755371094,111.07749938964844,273.51068115234375,160.82330322265625,199.16500854492188,225.46243286132812,85.07247161865234,17.818559646606445,83.6816635131836,292.6123046875,202.65699768066406,19.139999389648438,33.09872817993164,98.16765594482422,160.509765625,438.4973449707031,41.93000030517578,133.0246124267578,80.80999755859375,26.93961524963379,105.50545501708984,35.13199996948242,152.64361572265625,40.9737663269043,467.1902160644531,40.25410842895508,68.20880889892578,341.46624755859375,10.014826774597168,68.04090881347656,226.3834991455078,17.74967384338379,330.01226806640625,408.6000061035156,65.27127075195312,148.51953125,108.1932373046875,79.99232482910156,69.14839935302734,17.68000030517578,85.47960662841797,47.02254867553711,74.93801879882812,57.108558654785156,117.57583618164062
2022-05-27,159.12039184570312,121.12994384765625,603.515380859375,563.82275390625,130.7533721923828,66.37736511230469,23.670000076293945,98.06999969482422,41.96247482299805,98.79747009277344,86.96119689941406,405.2601623535156,449.6175842285156,127.51742553710938,69.78438568115234,43.94136047363281,118.2264633178711,146.83038330078125,411.9673767089844,89.04603576660156,161.8029327392578,129.91000366210938,40.87110900878906,205.68832397460938,37.12565612792969,201.60801696777344,95.25800323486328,102.26000213623047,97.38248443603516,111.8804702758789,166.82000732421875,46.821006774902344,193.6106414794922,349.916259765625,185.21490478515625,151.17025756835938,253.2100067138672,82.42314147949219,153.0611572265625,132.22999572753906,41.66508865356445,110.41999816894531,54.28194808959961,106.8048095703125,43.8544807434082,264.9413146972656,88.71101379394531,565.7743530273438,49.938446044921875,97.35564422607422,147.22540283203125,115.14649963378906,278.6140441894531,162.28402709960938,203.0456085205078,231.0128936767578,85.90876007080078,18.776817321777344,84.46666717529297,297.08782958984375,206.86463928222656,19.518999099731445,33.414649963378906,99.42564392089844,163.1180877685547,443.2618713378906,48.29999923706055,135.05882263183594,86.23999786376953,26.84891128540039,108.35466766357422,36.90399932861328,157.4135284423828,41.70960998535156,471.7298278808594,40.817779541015625,69.27485656738281,349.3811340332031,10.404120445251465,70.0687026977539,229.83277893066406,18.086868286132812,342.5666198730469,428.2200012207031,66.94998168945312,151.97479248046875,112.52591705322266,84.7568588256836,71.81246948242188,17.770000457763672,85.6980972290039,48.09111404418945,76.21636199951172,57.44605255126953,119.23809814453125
2022-05-31,158.03857421875,120.75595092773438,605.8242797851562,556.9702758789062,128.46083068847656,66.0196304321289,23.200000762939453,95.38999938964844,41.840023040771484,97.17386627197266,87.90033721923828,398.33624267578125,445.2814636230469,130.67433166503906,68.2162094116211,42.04319763183594,119.53530883789062,146.04537963867188,404.1469421386719,87.58201599121094,161.05880737304688,127.6500015258789,40.9188232421875,204.11355590820312,37.23154830932617,206.11431884765625,93.49400329589844,101.86000061035156,96.12126922607422,113.1103744506836,159.99000549316406,46.637638092041016,192.1322479248047,350.00433349609375,181.19761657714844,147.6323699951172,252.75332641601562,81.49335479736328,149.9532470703125,131.39999389648438,41.556129455566406,107.44999694824219,53.98879623413086,107.8990478515625,43.146759033203125,263.6129455566406,91.21820068359375,561.04931640625,52.2083740234375,97.06178283691406,142.59210205078125,120.20950317382812,273.45648193359375,160.88604736328125,201.83937072753906,226.7371826171875,84.50907897949219,18.63806915283203,83.79666900634766,297.3334655761719,206.17466735839844,19.743999481201172,33.57712173461914,97.48224639892578,158.31640625,440.634765625,50.349998474121094,134.2959747314453,83.91000366210938,26.69223976135254,111.02642059326172,37.512001037597656,154.3692626953125,41.82626724243164,462.12042236328125,40.30778503417969,68.45628356933594,338.5695495605469,10.442289352416992,71.70374298095703,230.1430206298828,18.44170379638672,339.76519775390625,416.4800109863281,66.48526000976562,151.74168395996094,112.72042846679688,84.7568588256836,72.32179260253906,17.68000030517578,84.5618896484375,47.80412292480469,75.94306945800781,56.29145431518555,120.1100845336914
2022-06-01,155.94642639160156,121.26908874511719,598.0645141601562,544.7636108398438,127.28411865234375,65.92363739013672,22.940000534057617,97.5,41.54803466796875,96.43980407714844,85.82022094726562,397.60308837890625,436.46600341796875,128.4271697998047,68.64879608154297,42.70183563232422,116.82413482666016,145.9178466796875,398.20849609375,87.29658508300781,158.13949584960938,126.1500015258789,39.90721893310547,200.79928588867188,36.83689880371094,200.69027709960938,95.0260009765625,101.22000122070312,95.63027954101562,113.20757293701172,161.4499969482422,45.746986389160156,187.17115783691406,349.2119445800781,177.8760986328125,146.52346801757812,246.7899932861328,80.70523834228516,151.37840270996094,130.64999389648438,41.00229263305664,107.6500015258789,53.382957458496094,106.67780303955078,42.60173034667969,264.146240234375,88.6825180053711,549.8295288085938,51.90137481689453,96.68258666992188,137.87075805664062,121.68399810791016,270.12982177734375,159.25506591796875,203.44773864746094,223.57679748535156,86.12882995605469,18.286705017089844,83.62166595458984,292.7850646972656,203.99798583984375,19.291000366210938,33.09872817993164,100.42340087890625,173.95640563964844,437.13201904296875,49.0,132.2617645263672,82.12000274658203,26.956106185913086,110.86760711669922,36.15299987792969,153.09947204589844,40.96479034423828,458.18560791015625,40.468849182128906,68.15167236328125,321.6449890136719,10.34305477142334,69.67594146728516,227.46937561035156,18.439743041992188,334.41864013671875,418.1600036621094,65.98258209228516,150.059814453125,111.28800201416016,82.04137420654297,72.03775024414062,17.059999465942383,84.37834167480469,47.33395004272461,74.93801879882812,56.01612091064453,118.00276947021484
2022-06-02,158.0028076171875,121.89531707763672,621.5881958007812,561.077880859375,127.92042541503906,66.27267456054688,24.739999771118164,110.08000183105469,42.23563003540039,96.54341125488281,86.4521484375,399.24127197265625,465.7108459472656,134.09544372558594,70.7667465209961,42.354225158691406,118.14232635498047,148.37091064453125,416.2383728027344,88.61325073242188,161.36407470703125,138.24000549316406,40.562538146972656,204.8185272216797,37.4144287109375,203.30592346191406,100.95999908447266,108.58999633789062,98.31635284423828,116.78719329833984,174.02000427246094,45.78190231323242,197.31158447265625,355.0997009277344,181.96766662597656,147.71099853515625,258.3333435058594,79.69576263427734,151.10366821289062,140.5,41.156646728515625,112.23999786376953,53.673309326171875,108.31915283203125,42.853904724121094,266.2406921386719,92.59526062011719,563.5502319335938,53.95733642578125,97.54522705078125,141.73770141601562,125.51100158691406,278.0194091796875,158.75318908691406,205.7200164794922,232.25221252441406,85.97917938232422,19.556394577026367,86.22333526611328,294.96826171875,208.97329711914062,20.509000778198242,33.31660842895508,99.73797607421875,186.1383514404297,435.8326416015625,52.66999816894531,133.6875457763672,87.62999725341797,27.06330680847168,115.28623962402344,39.887001037597656,152.38319396972656,41.70063400268555,457.915771484375,40.96989059448242,69.61751556396484,332.3306579589844,10.60258674621582,72.54410552978516,228.47311401367188,18.39661407470703,342.8990173339844,441.2799987792969,67.97431182861328,153.25701904296875,114.54193878173828,87.85031127929688,73.82032775878906,18.3700008392334,84.9814224243164,47.627044677734375,75.11434173583984,56.60231018066406,119.90118408203125
2022-06-03,154.07774353027344,122.79115295410156,612.58740234375,544.7542114257812,128.2864990234375,65.67057800292969,24.149999618530273,105.44000244140625,40.869850158691406,95.99935150146484,83.80154418945312,400.67132568359375,454.8609924316406,129.52781677246094,70.91997528076172,43.42451477050781,115.97338104248047,142.65036010742188,398.7740783691406,88.69613647460938,159.16026306152344,129.82000732421875,39.865867614746094,202.04440307617188,36.20161437988281,200.71780395507812,98.49600219726562,106.30000305175781,96.68930053710938,113.63109588623047,162.10000610351562,44.82139205932617,189.2945098876953,349.9553527832031,181.3367919921875,146.08926391601562,234.51666259765625,79.61605834960938,152.47732543945312,139.25,40.69358825683594,109.41999816894531,52.42440414428711,106.16975402832031,43.276920318603516,261.81915283203125,88.52107238769531,551.6879272460938,52.58049392700195,95.6872329711914,141.85218811035156,122.3499984741211,277.3013916015625,158.0990447998047,208.43177795410156,236.12071228027344,87.22920227050781,18.685977935791016,85.43000030517578,289.9012756347656,206.64112854003906,19.898000717163086,32.85362243652344,102.47956085205078,182.69027709960938,450.4272766113281,50.900001525878906,132.48878479003906,83.77999877929688,27.195241928100586,113.26810455322266,35.36600112915039,148.98890686035156,40.910945892333984,451.7297668457031,40.48673629760742,68.33253479003906,325.4425964355469,10.304889678955078,72.20613861083984,227.88592529296875,18.161359786987305,342.8230895996094,429.760009765625,66.45681762695312,154.43934631347656,112.8088607788086,86.06983947753906,68.5019760131836,17.399999618530273,82.94495391845703,46.99813461303711,74.16219329833984,55.927310943603516,118.22982025146484
2022-06-06,149.99180603027344,124.26974487304688,615.8705444335938,552.5245971679688,127.72863006591797,65.7491226196289,24.729999542236328,103.16000366210938,40.822757720947266,95.9561538696289,83.81031036376953,401.3230895996094,451.2508239746094,128.81239318847656,72.27185821533203,43.1958122253418,117.49724578857422,143.3960723876953,398.79351806640625,89.50640869140625,159.34152221679688,128.07000732421875,39.72271728515625,200.97320556640625,36.41338348388672,204.5265655517578,98.50800323486328,105.6500015258789,97.10327911376953,116.05767059326172,168.97000122070312,44.88250732421875,192.73751831054688,352.2243957519531,182.5614776611328,146.70068359375,238.27999877929688,79.55406951904297,151.81626892089844,139.24000549316406,40.96597671508789,111.01000213623047,52.22990036010742,105.3490982055664,43.32572555541992,260.5876770019531,94.02931213378906,546.5279541015625,56.0132942199707,95.61139678955078,140.6454315185547,124.79000091552734,276.2197570800781,158.08108520507812,209.11434936523438,236.67845153808594,87.00914001464844,18.751859664916992,85.66999816894531,291.5660400390625,206.92291259765625,19.714000701904297,32.81731033325195,101.83753967285156,180.6747589111328,450.88861083984375,53.75,131.97113037109375,84.26000213623047,27.294193267822266,112.5938491821289,36.0620002746582,150.40521240234375,41.23400115966797,455.9809265136719,40.558319091796875,69.45570373535156,328.0680236816406,10.274357795715332,72.14218139648438,227.6197967529297,18.094707489013672,344.6368408203125,429.4599914550781,64.55046844482422,155.78811645507812,113.06529235839844,86.34834289550781,69.00147247314453,17.15999984741211,83.66162872314453,47.016441345214844,74.82339477539062,55.83848190307617,117.83924865722656
2022-06-07,151.8604278564453,124.18275451660156,619.7643432617188,557.6661987304688,130.0037384033203,66.04579162597656,25.299999237060547,108.05999755859375,41.0017204284668,97.01839447021484,84.67044830322266,412.98956298828125,450.591796875,130.142333984375,71.90235900878906,44.76008224487305,119.8812255859375,145.9178466796875,406.2825012207031,92.54489135742188,160.9347686767578,131.25999450683594,39.24553680419922,203.50927734375,36.93316650390625,203.1682586669922,101.28600311279297,105.27999877929688,98.19119262695312,116.27488708496094,176.67999267578125,45.49374771118164,194.1265869140625,356.01910400390625,181.52232360839844,147.60462951660156,238.8866729736328,80.12081146240234,154.70953369140625,140.82000732421875,41.283756256103516,115.04000091552734,53.3243293762207,105.31001281738281,43.8951530456543,264.22381591796875,99.07218170166016,554.2186279296875,57.4366569519043,96.46456909179688,137.39508056640625,123.0,274.292724609375,159.81961059570312,212.35916137695312,235.6072998046875,90.99691772460938,18.891605377197266,87.83333587646484,292.4757080078125,208.4388427734375,19.861000061035156,32.998870849609375,106.46179962158203,184.90338134765625,463.3176574707031,59.189998626708984,133.44235229492188,87.73999786376953,28.193004608154297,113.94236755371094,38.07400131225586,151.36573791503906,41.5839729309082,462.4181823730469,40.77305603027344,69.18920135498047,333.7062683105469,10.488086700439453,72.58975982666016,228.41806030273438,18.161359786987305,349.318603515625,433.4200134277344,64.00985717773438,154.45596313476562,114.66571807861328,88.1188735961914,69.30510711669922,17.209999084472656,83.83642578125,47.627044677734375,75.22896575927734,56.175987243652344,118.1480941772461
2022-06-08,147.8549346923828,122.48675537109375,604.0789184570312,548.4170532226562,130.099609375,65.12085723876953,25.829999923706055,107.3499984741211,38.8353157043457,95.42070770263672,84.29305267333984,401.3230895996094,446.9720153808594,127.45494079589844,70.73973083496094,45.345550537109375,117.02044677734375,145.18194580078125,404.1469421386719,91.3663330078125,158.3302764892578,135.57000732421875,38.90516662597656,201.41268920898438,36.27861404418945,199.31361389160156,101.08399963378906,101.9000015258789,96.14053344726562,116.28330993652344,178.83999633789062,44.89124298095703,195.10890197753906,354.36627197265625,178.55340576171875,146.8690948486328,241.86666870117188,79.23529815673828,155.5080108642578,139.6300048828125,40.52108383178711,115.45999908447266,52.61424255371094,104.870361328125,43.496551513671875,262.19732666015625,113.6025161743164,545.7174682617188,61.83696746826172,96.10433959960938,138.02926635742188,121.18000030517578,270.4388122558594,158.86972045898438,214.8839111328125,234.11123657226562,92.07086944580078,18.618045806884766,87.4800033569336,286.2624816894531,207.4670867919922,20.283000946044922,32.581275939941406,105.7243423461914,186.91891479492188,444.8531188964844,64.94999694824219,131.7804412841797,90.0999984741211,28.135282516479492,114.62601470947266,39.14699935913086,150.1366424560547,40.68661117553711,459.09722900390625,40.19147491455078,67.94227600097656,328.1164245605469,10.327790260314941,71.67633056640625,225.36260986328125,18.086868286132812,337.14410400390625,428.8399963378906,62.34061813354492,149.40206909179688,110.32418060302734,87.04462432861328,67.18950653076172,17.6299991607666,82.05342864990234,47.114139556884766,73.35108947753906,55.85624313354492,116.26781463623047
2022-06-09,144.4663848876953,119.99058532714844,601.744384765625,524.2260131835938,126.76976013183594,63.602569580078125,25.440000534057617,103.63999938964844,37.68616485595703,93.03715515136719,81.80039978027344,391.6476745605469,450.8497009277344,125.3912124633789,69.7032699584961,44.037410736083984,111.57001495361328,139.9618377685547,390.5830383300781,89.6629409790039,153.57923889160156,133.22999572753906,38.49797821044922,198.4229736328125,35.27757263183594,199.15757751464844,98.44400024414062,98.80000305175781,93.18488311767578,113.98222351074219,173.5500030517578,43.63383483886719,182.56732177734375,341.32916259765625,180.251220703125,144.25482177734375,239.7066650390625,77.92474365234375,152.4086456298828,133.72999572753906,38.74153518676758,110.4000015258789,51.76365280151367,100.9233169555664,42.12178039550781,256.74798583984375,104.3714828491211,533.6179809570312,57.12035369873047,94.32217407226562,136.13552856445312,116.1500015258789,272.5566101074219,155.67044067382812,209.15176391601562,230.3401336669922,90.08139038085938,18.019010543823242,86.0250015258789,276.7471008300781,200.28591918945312,19.277000427246094,31.32850456237793,102.86131286621094,184.8638916015625,435.8797912597656,58.70000076293945,129.4010772705078,87.36000061035156,27.64052391052246,111.06736755371094,37.138999938964844,146.21331787109375,39.5200309753418,455.2832946777344,39.6009521484375,65.88632202148438,325.92694091796875,10.136959075927734,72.07823181152344,222.19700622558594,17.551671981811523,327.94207763671875,426.4200134277344,60.93692398071289,146.99586486816406,108.02521514892578,83.66270446777344,64.66255950927734,16.940000534057617,81.05703735351562,45.66090393066406,71.5525894165039,54.888160705566406,113.8243637084961
2022-06-10,141.06883239746094,118.45111083984375,563.2787475585938,504.046142578125,124.8259048461914,62.948123931884766,23.719999313354492,96.19999694824219,36.904380798339844,93.07169342041016,81.39666748046875,389.3578186035156,442.5022277832031,122.17184448242188,68.41447448730469,43.18666076660156,105.25015258789062,134.55523681640625,371.734130859375,87.92271423339844,147.32081604003906,122.41999816894531,38.71429443359375,194.66981506347656,33.698978424072266,189.7687225341797,94.62999725341797,94.81999969482422,90.66246795654297,110.52013397216797,169.32000732421875,41.660396575927734,174.2029571533203,327.39239501953125,172.8753204345703,144.0244140625,232.22999572753906,77.19862365722656,150.58856201171875,127.0,36.38999557495117,109.06999969482422,50.37236404418945,97.11305236816406,40.64937973022461,245.30636596679688,104.31449890136719,520.82666015625,57.222686767578125,92.69168853759766,131.8369598388672,109.6500015258789,262.9035949707031,154.63092041015625,201.21286010742188,222.20474243164062,88.43521881103516,16.94673728942871,82.53666687011719,261.100341796875,193.87240600585938,18.29400062561035,30.112035751342773,101.36038970947266,176.30780029296875,436.7271728515625,59.95000076293945,128.91073608398438,65.93000030517578,26.76645278930664,107.44317626953125,34.84299850463867,140.53179931640625,38.39833450317383,450.818115234375,38.91200637817383,63.906494140625,322.37158203125,9.732394218444824,69.11875915527344,217.81103515625,17.263486862182617,318.3506164550781,393.8399963378906,59.01160430908203,144.08177185058594,103.666015625,78.87828063964844,61.33246994018555,15.770000457763672,81.4328842163086,43.49327087402344,68.23767852783203,54.54178237915039,108.5923080444336
2022-06-13,137.2689666748047,117.51177978515625,545.9974365234375,477.0330810546875,121.53089904785156,59.990081787109375,21.56999969482422,86.13999938964844,35.57627487182617,89.32361602783203,79.1410140991211,383.6920166015625,431.93896484375,118.0076904296875,65.26007843017578,40.5429573059082,100.04280853271484,129.4038543701172,354.9328308105469,84.66323852539062,139.5645751953125,113.30000305175781,37.98582458496094,188.35928344726562,31.071205139160156,184.45477294921875,88.0739974975586,86.98999786376953,87.43724822998047,106.00621032714844,154.52000427246094,39.89652633666992,162.9810028076172,312.71234130859375,168.1714324951172,141.56077575683594,215.73666381835938,75.26820373535156,143.6601104736328,115.86000061035156,35.40034103393555,103.31999969482422,48.17140197753906,93.50794219970703,38.973628997802734,234.90225219726562,93.5639419555664,506.0287170410156,54.82251739501953,91.78163146972656,127.55596923828125,103.66999816894531,257.3773193359375,153.07159423828125,193.4516143798828,212.48475646972656,84.3770523071289,15.621865272521973,79.62166595458984,257.7344665527344,186.8272705078125,16.9689998626709,29.06805419921875,96.96171569824219,164.03692626953125,433.7706298828125,54.40999984741211,125.45976257324219,59.119998931884766,25.74394989013672,103.4256362915039,31.29400062561035,135.15145874023438,37.21379852294922,436.9297790527344,38.68832015991211,60.96530532836914,312.29620361328125,9.014869689941406,66.09532165527344,218.81121826171875,16.453832626342773,308.54071044921875,371.6499938964844,57.13370132446289,143.80702209472656,95.87602996826172,73.32795715332031,57.63019561767578,14.289999961853027,79.44010925292969,41.35004425048828,66.28047943115234,54.479610443115234,105.3586196899414
2022-06-14,137.7606658935547,118.04234313964844,539.1670532226562,474.70391845703125,119.96186065673828,58.271080017089844,21.09000015258789,87.11000061035156,35.72697448730469,87.17323303222656,77.6577377319336,376.6685485839844,434.3744201660156,119.4752197265625,64.4218978881836,39.536705017089844,99.64081573486328,130.26730346679688,355.70318603515625,84.0831527709961,137.95230102539062,113.87000274658203,38.00172805786133,187.7797088623047,31.95676040649414,211.0427703857422,88.94999694824219,86.98999786376953,87.00401306152344,106.32110595703125,159.25999450683594,40.13229751586914,162.45513916015625,315.0596008300781,165.0911407470703,138.3527374267578,220.88999938964844,75.4378433227539,143.8489990234375,122.16000366210938,33.983970642089844,106.86000061035156,48.408721923828125,92.05223083496094,38.98176574707031,237.06454467773438,99.9364013671875,501.9141845703125,58.15298080444336,89.50708770751953,125.69742584228516,102.30999755859375,253.2960968017578,150.7237091064453,193.27394104003906,207.5805206298828,84.59709930419922,15.810564041137695,80.27166748046875,257.02490234375,188.05169677734375,16.753999710083008,28.5596866607666,96.7274398803711,162.4758758544922,427.9139099121094,60.91999816894531,121.5456771850586,57.279998779296875,25.447097778320312,103.68785095214844,30.354000091552734,129.69020080566406,36.4330940246582,429.534423828125,38.39305877685547,67.31407165527344,307.5201416015625,9.312567710876465,66.04962921142578,219.07728576660156,16.271514892578125,310.1361389160156,370.82000732421875,57.95884323120117,145.00595092773438,97.84783935546875,72.07465362548828,57.49307632446289,14.15999984741211,79.22160339355469,41.55154800415039,66.08649444580078,52.985660552978516,103.60551452636719
2022-06-15,139.4058380126953,119.20779418945312,547.0736083984375,488.38916015625,120.3715591430664,58.08784103393555,22.030000686645508,89.3499984741211,36.40515899658203,86.5168685913086,78.42131042480469,374.7950439453125,438.1851806640625,120.1814956665039,66.86431121826172,37.98158645629883,101.12727355957031,132.88714599609375,369.1207580566406,84.96709442138672,139.497802734375,122.54000091552734,37.97627258300781,190.55784606933594,32.90006637573242,213.6400604248047,93.19000244140625,89.30000305175781,89.82487487792969,109.4915771484375,164.35000610351562,41.5468864440918,168.03138732910156,318.23809814453125,166.08389282226562,139.83270263671875,233.0,75.55389404296875,141.0243682861328,133.72000122070312,34.65583038330078,112.93000030517578,49.01735305786133,93.67402648925781,39.461708068847656,244.1137237548828,102.59554290771484,509.1445007324219,59.83682632446289,91.01075744628906,129.87265014648438,107.66999816894531,254.25953674316406,152.33676147460938,192.62875366210938,213.6975555419922,83.53193664550781,16.50045394897461,81.16999816894531,263.87493896484375,190.6170654296875,18.01099967956543,29.095291137695312,94.85345458984375,166.52667236328125,431.6709289550781,60.189998626708984,120.33784484863281,60.470001220703125,25.579029083251953,106.23509216308594,32.60300064086914,131.60369873046875,37.5727424621582,431.9344787597656,39.189369201660156,66.34319305419922,311.30804443359375,9.365999221801758,67.76689910888672,219.2057342529297,16.534210205078125,313.9347839355469,376.9200134277344,58.33821487426758,146.4380340576172,102.49665069580078,75.4267349243164,57.904441833496094,15.15999984741211,79.92955017089844,42.19267654418945,67.02103424072266,53.3792724609375,104.831787109375
2022-06-16,135.33773803710938,117.99881744384766,534.1878662109375,452.45562744140625,121.2955551147461,57.83479690551758,20.469999313354492,81.98999786376953,35.17124557495117,85.96417236328125,76.70984649658203,366.36871337890625,431.470947265625,110.81681060791016,63.872127532958984,35.20064926147461,95.46183013916016,127.61796569824219,350.6813049316406,82.42581176757812,131.1786651611328,114.37999725341797,38.3707389831543,183.9253387451172,30.2434139251709,206.7843017578125,85.61599731445312,82.05000305175781,89.30497741699219,105.76765441894531,157.2100067138672,40.944374084472656,159.61741638183594,301.9932556152344,159.21824645996094,139.15919494628906,213.10000610351562,75.78600311279297,133.4863739013672,133.36000061035156,34.1837158203125,106.08999633789062,46.269195556640625,92.11084747314453,38.62382888793945,237.5299530029297,96.3465576171875,499.3820495605469,57.68783187866211,90.26841735839844,125.86474609375,103.66000366210938,248.5605010986328,152.41738891601562,182.1463623046875,208.54139709472656,80.45087432861328,15.575940132141113,77.71833038330078,259.2445983886719,183.70797729492188,17.334999084472656,28.913728713989258,88.8584213256836,157.93106079101562,422.7916564941406,58.7599983215332,121.07344818115234,56.810001373291016,24.391611099243164,100.3165054321289,30.523000717163086,127.2839584350586,36.98047637939453,425.7823486328125,38.75989532470703,65.40087127685547,306.1637878417969,8.587408065795898,64.80738830566406,215.80157470703125,16.008817672729492,301.5798034667969,365.0799865722656,57.72173309326172,143.36570739746094,99.5577621459961,70.85120391845703,53.878944396972656,13.880000114440918,78.53112030029297,39.86627960205078,65.1960678100586,52.84253692626953,103.03327941894531
2022-06-17,134.2916717529297,117.43350219726562,530.9869995117188,457.4813232421875,120.53719329833984,57.05819320678711,21.809999465942383,85.62999725341797,34.82273864746094,84.47874450683594,77.42952728271484,365.6627197265625,426.6286315917969,110.97274017333984,63.81806564331055,33.5174674987793,100.27652740478516,129.08985900878906,360.5104675292969,81.83651733398438,137.5515594482422,119.37999725341797,37.62953186035156,184.23809814453125,30.686185836791992,210.99685668945312,88.75800323486328,81.56999969482422,89.53604125976562,106.98714447021484,163.89999389648438,40.62128829956055,162.46507263183594,303.8612365722656,160.01612854003906,139.18577575683594,216.75999450683594,75.54497528076172,127.39070129394531,136.8000030517578,34.93729782104492,110.0,46.4059944152832,92.16946411132812,37.85102844238281,240.1285858154297,97.09680938720703,495.43560791015625,60.68339920043945,85.96675872802734,122.70252227783203,106.22000122070312,246.0790252685547,151.86180114746094,180.1359100341797,210.31356811523438,75.81169128417969,15.8544921875,79.22666931152344,254.5232391357422,184.64085388183594,17.551000595092773,28.977279663085938,81.32776641845703,161.3001708984375,417.99896240234375,59.0,120.20162963867188,60.54999923706055,22.89084243774414,100.52252197265625,31.68899917602539,128.23660278320312,36.908695220947266,422.02020263671875,38.82252883911133,64.45855712890625,309.9420471191406,8.57214069366455,65.64773559570312,215.05838012695312,16.46755599975586,306.4705505371094,360.7900085449219,56.89659881591797,142.4331817626953,98.28423309326172,72.51232147216797,54.603729248046875,14.890000343322754,77.49102783203125,40.2998046875,64.27037811279297,53.164581298828125,102.66991424560547
2022-06-21,137.2063446044922,119.89491271972656,560.4243774414062,477.77728271484375,125.06124114990234,58.59394073486328,21.760000228881836,90.30999755859375,35.538597106933594,85.67915344238281,77.85958862304688,379.1937255859375,442.31121826171875,114.09122467041016,65.54847717285156,35.511680603027344,99.52861022949219,133.31887817382812,368.038330078125,85.55635833740234,138.10487365722656,122.54000091552734,38.86380386352539,190.2726287841797,31.417722702026367,211.56590270996094,91.05400085449219,83.79000091552734,90.58544158935547,111.10283660888672,164.63999938964844,41.878692626953125,155.8271484375,310.4237365722656,159.93264770507812,142.42039489746094,237.0366668701172,78.58927154541016,132.72225952148438,136.75,35.40034103393555,113.81999969482422,47.27115249633789,91.14363098144531,39.13632583618164,246.03359985351562,101.03804779052734,507.93768310546875,59.21352767944336,89.27864837646484,127.45912170410156,108.68000030517578,244.6884002685547,155.0431365966797,183.62380981445312,219.8242950439453,80.53011322021484,16.53938865661621,83.22666931152344,259.08990478515625,188.8970947265625,17.090999603271484,29.82154083251953,86.13420104980469,164.8273162841797,436.6800842285156,63.04999923706055,123.84327697753906,59.54999923706055,24.012298583984375,101.77741241455078,32.82500076293945,133.0080108642578,37.9765625,448.4022521972656,39.493587493896484,64.42049407958984,310.0292053222656,8.747705459594727,66.64337158203125,219.83885192871094,16.634193420410156,312.690673828125,362.989990234375,59.163360595703125,145.2890167236328,100.06539154052734,71.98513793945312,55.63214111328125,14.670000076293945,79.60615539550781,40.147159576416016,65.79557800292969,54.300697326660156,105.21328735351562
2022-06-22,136.43748474121094,119.22515869140625,555.6275634765625,469.2239990234375,128.6264190673828,59.06513595581055,21.5,91.08999633789062,35.20892333984375,86.49958801269531,78.33354187011719,376.0168762207031,439.3026428222656,112.04586791992188,67.31492614746094,34.322471618652344,98.75265502929688,132.8086700439453,371.3634948730469,85.22490692138672,137.75192260742188,127.36000061035156,38.39300537109375,190.78781127929688,31.600610733032227,210.18923950195312,91.7300033569336,83.75,90.49879455566406,111.1216812133789,165.7100067138672,41.215065002441406,154.63650512695312,309.2012634277344,161.06455993652344,143.59017944335938,236.086669921875,79.59809112548828,126.9528579711914,137.16000366210938,35.04624557495117,115.16999816894531,46.55144119262695,91.34879302978516,39.917259216308594,245.4420928955078,99.86043548583984,513.5557250976562,57.138954162597656,89.42142486572266,124.0325698852539,108.94999694824219,244.4884033203125,157.48963928222656,175.6381072998047,224.4193572998047,77.34342956542969,16.33371925354004,82.38666534423828,258.8443603515625,188.34320068359375,17.888999938964844,29.594585418701172,80.73779296875,165.4398651123047,431.82147216796875,60.36000061035156,125.77763366699219,62.04999923706055,23.1629581451416,98.25621032714844,33.854000091552734,138.0258331298828,37.89580535888672,457.1402893066406,38.98358917236328,63.32585906982422,315.0184631347656,8.76297378540039,66.95394897460938,223.02279663085938,16.418548583984375,301.9216613769531,365.3299865722656,59.220252990722656,146.66278076171875,102.8261947631836,72.58194732666016,55.18159103393555,14.829999923706055,79.78971862792969,39.40833282470703,65.5927963256836,54.703250885009766,104.62287902832031
2022-06-23,135.13209533691406,120.40803527832031,569.69873046875,469.2239990234375,130.27395629882812,60.452545166015625,22.3700008392334,100.5999984741211,35.2371826171875,89.30632019042969,78.4219741821289,371.6453552246094,453.6672668457031,110.14724731445312,69.57709503173828,31.998931884765625,97.42510986328125,135.6738739013672,390.778076171875,84.48831176757812,135.1378936767578,143.11000061035156,39.32508087158203,193.7130889892578,31.754623413085938,209.37242126464844,97.10600280761719,82.43000030517578,90.7298583984375,111.76689910888672,174.89999389648438,40.47283935546875,157.51393127441406,309.7978515625,163.59739685058594,145.4246063232422,235.07000732421875,82.13351440429688,122.2823715209961,133.97000122070312,34.41069412231445,117.66999816894531,46.59647750854492,92.1303939819336,40.74700927734375,250.998046875,106.47030639648438,534.7025146484375,57.58550262451172,92.01004791259766,129.3177032470703,112.44000244140625,250.3419952392578,161.00257873535156,167.0727081298828,230.0296173095703,75.0106201171875,16.19894027709961,83.84500122070312,260.3271484375,191.0835418701172,18.17099952697754,29.122526168823242,76.25237274169922,170.97262573242188,429.5899353027344,64.2300033569336,129.22857666015625,65.69999694824219,22.561004638671875,101.14058685302734,36.382999420166016,140.90834045410156,37.68940734863281,466.59716796875,38.41096115112305,64.37288665771484,323.32098388671875,8.824041366577148,68.68944549560547,223.49996948242188,16.418548583984375,282.5298767089844,376.6400146484375,58.83140182495117,148.7276611328125,105.30199432373047,73.41748046875,55.06407165527344,15.880000114440918,80.73365783691406,39.121341705322266,65.21371459960938,55.35629653930664,103.47834777832031
2022-06-24,139.43263244628906,123.5565414428711,590.7374267578125,497.9862365722656,132.79306030273438,60.93246078491211,23.030000686645508,107.4800033569336,36.36748504638672,90.2735824584961,79.7928466796875,379.2661437988281,462.6163635253906,114.74244689941406,70.31611633300781,32.07211685180664,102.92229461669922,139.00021362304688,407.22833251953125,86.73493194580078,139.4310302734375,151.52999877929688,39.35688400268555,201.26548767089844,33.51608657836914,224.37109375,100.81800079345703,87.08000183105469,94.74454498291016,117.5727310180664,184.99000549316406,41.791378021240234,168.8350830078125,323.23583984375,169.63731384277344,147.22357177734375,245.7066650390625,83.14230346679688,124.2913589477539,141.52999877929688,37.007389068603516,122.63999938964844,47.77035140991211,95.53032684326172,41.967220306396484,259.5696105957031,111.703125,538.8665771484375,59.548431396484375,93.18062591552734,132.49755859375,116.45999908447266,257.2318420410156,163.3594207763672,173.4500274658203,233.00396728515625,76.49830627441406,17.098487854003906,85.11833190917969,275.40985107421875,199.70286560058594,19.084999084472656,29.331323623657227,78.87248229980469,183.68812561035156,436.61419677734375,65.95999908447266,131.09024047851562,68.75,23.278400421142578,105.73875427246094,38.52299880981445,143.70877075195312,39.12519454956055,462.7042541503906,39.457794189453125,67.2950439453125,330.9936828613281,9.167534828186035,71.3475112915039,227.4637908935547,16.789064407348633,295.2171325683594,387.7200012207031,61.107635498046875,152.61595153808594,109.1760025024414,77.26689910888672,57.23841857910156,16.34000015258789,82.61280822753906,40.95926284790039,68.60796356201172,56.39399719238281,106.56671905517578
2022-06-27,139.13760375976562,124.20015716552734,580.8336181640625,491.00830078125,133.49050903320312,61.40366744995117,22.860000610351562,105.19999694824219,36.38631820678711,90.85221099853516,80.01395416259766,379.4561462402344,460.1139831542969,116.65023803710938,70.19895935058594,32.83138656616211,102.46417999267578,139.00021362304688,394.6492919921875,87.29658508300781,137.6565399169922,148.14999389648438,39.484127044677734,200.82394409179688,33.33320617675781,221.81597900390625,99.33999633789062,86.16000366210938,93.6758804321289,115.67283630371094,181.92999267578125,41.76518249511719,168.17027282714844,321.6025695800781,170.9176788330078,147.41851806640625,244.9199981689453,84.28504180908203,126.69527435302734,138.72000122070312,36.5352668762207,119.81999969482422,47.45319747924805,94.3872299194336,42.203128814697266,256.84490966796875,112.75729370117188,537.7093505859375,61.04621505737305,93.9134292602539,131.78408813476562,113.22000122070312,256.9500732421875,163.20704650878906,175.41372680664062,230.93795776367188,78.37336730957031,16.841903686523438,83.64666748046875,273.6177978515625,197.80795288085938,18.913999557495117,29.367631912231445,80.63861083984375,179.13348388671875,439.5519714355469,64.73999786376953,130.09130859375,66.19000244140625,23.665964126586914,103.48181915283203,37.32099914550781,142.45230102539062,38.6406135559082,472.0583801269531,39.16253662109375,67.0190200805664,329.8408508300781,9.190434455871582,70.95474243164062,226.66554260253906,16.555774688720703,299.45263671875,381.07000732421875,60.84208679199219,151.3753662109375,107.05643463134766,75.5361557006836,57.571434020996094,15.890000343322754,82.63027954101562,40.781982421875,68.27294158935547,56.277706146240234,105.7128677368164
2022-06-28,137.8322296142578,123.38258361816406,573.7205200195312,473.9693603515625,132.92388916015625,61.62180709838867,22.079999923706055,97.31999969482422,35.585689544677734,91.28401184082031,78.89073181152344,380.7776184082031,447.56414794921875,120.70429992675781,68.89214324951172,33.81934356689453,101.4544906616211,134.85940551757812,376.67791748046875,86.34822845458984,135.65306091308594,143.75999450683594,38.92744064331055,196.91436767578125,32.7171745300293,221.4654541015625,94.68800354003906,80.77999877929688,91.91404724121094,111.65482330322266,174.19000244140625,41.223793029785156,159.4288787841797,311.29425048828125,162.10366821289062,145.34481811523438,232.663330078125,82.0353012084961,128.7300567626953,138.6999969482422,36.48078918457031,113.12999725341797,46.77195358276367,93.7131118774414,41.2106819152832,248.6903839111328,110.88639831542969,529.9252319335938,60.0414924621582,92.07666778564453,127.30056762695312,107.4000015258789,245.55184936523438,158.5650177001953,175.27342224121094,225.23863220214844,80.54772186279297,15.956327438354492,81.98500061035156,272.44415283203125,192.52169799804688,17.959999084472656,29.28592872619629,83.2528305053711,169.4017333984375,437.52752685546875,62.959999084472656,127.97533416748047,61.66999816894531,23.971065521240234,96.25214385986328,35.0260009765625,138.45285034179688,38.46113967895508,474.6535949707031,38.52727127075195,65.27713775634766,322.3133850097656,9.014869689941406,69.73072814941406,222.81179809570312,16.30876350402832,293.5932922363281,365.6300048828125,60.86104965209961,149.8017120361328,105.94320678710938,71.43805694580078,56.67033767700195,14.609999656677246,81.45909118652344,40.27457809448242,68.90772247314453,55.71411895751953,105.20419311523438
2022-06-29,136.5984344482422,122.38240814208984,563.5433349609375,468.3735046386719,134.36219787597656,61.665443420410156,21.469999313354492,98.37000274658203,35.12415313720703,91.55174255371094,79.96971893310547,379.1304016113281,448.7388610839844,119.44770812988281,68.49560546875,33.09666061401367,98.73394775390625,136.6158447265625,379.9640197753906,85.90626525878906,133.05810546875,143.02999877929688,38.78428268432617,195.19415283203125,32.1973991394043,215.67259216308594,95.55799865722656,77.98999786376953,90.43140411376953,111.34236907958984,175.94000244140625,41.127750396728516,162.6634979248047,315.4997253417969,163.38404846191406,147.75526428222656,228.49000549316406,82.58882141113281,126.18875122070312,138.4499969482422,36.054054260253906,111.87000274658203,46.01751708984375,93.4493179321289,41.4384651184082,252.35556030273438,110.193115234375,530.0735473632812,60.32987976074219,91.75310516357422,124.99270629882812,108.91999816894531,248.93313598632812,158.6098175048828,171.57049560546875,225.4434814453125,77.57229614257812,15.517034530639648,81.96666717529297,275.8919677734375,193.86273193359375,17.836000442504883,28.922807693481445,79.96537017822266,168.56192016601562,434.8345642089844,63.06999969482422,129.1377410888672,61.040000915527344,23.723690032958984,96.69229125976562,33.04999923706055,137.40162658691406,38.05732345581055,481.4405212402344,38.3662109375,65.87679290771484,324.2994079589844,8.79350757598877,69.81295776367188,227.3170166015625,16.351892471313477,286.5591735839844,368.5,60.339412689208984,150.80917358398438,105.36431884765625,71.08992004394531,54.86817169189453,14.029999732971191,81.59017944335938,38.93574905395508,68.93415069580078,56.11668014526367,104.73187255859375
2022-06-30,137.37625122070312,122.79984283447266,555.4086303710938,459.926513671875,133.5079345703125,62.223880767822266,20.459999084472656,95.23999786376953,35.2371826171875,92.58808135986328,79.37718200683594,389.1496276855469,457.75494384765625,117.16386413574219,69.81141662597656,32.71245193481445,97.40642547607422,134.1529541015625,375.8489990234375,88.49358367919922,132.74209594726562,139.05999755859375,38.67612838745117,193.21632385253906,30.570682525634766,209.1233673095703,95.10399627685547,76.47000122070312,87.34097290039062,108.48187255859375,168.55999755859375,40.15849685668945,159.9944610595703,308.54595947265625,162.05728149414062,147.69326782226562,224.47332763671875,81.39252471923828,124.2999496459961,136.72000122070312,35.56377410888672,107.97000122070312,45.58588790893555,92.22808837890625,42.65054702758789,249.02975463867188,107.96133422851562,537.3532104492188,59.74379348754883,89.4975814819336,124.40254211425781,106.20999908447266,249.29672241210938,159.07583618164062,167.15687561035156,227.60745239257812,75.38914489746094,15.134649276733398,82.32333374023438,270.1972351074219,191.32647705078125,17.48699951171875,28.260107040405273,78.52273559570312,163.0587921142578,450.6156311035156,61.79999923706055,130.5816650390625,57.380001068115234,23.377357482910156,95.70896911621094,31.239999771118164,138.2803955078125,37.42917251586914,479.4987487792969,38.15147399902344,66.50502014160156,326.5372619628906,8.495809555053711,69.77641296386719,226.5279083251953,16.030384063720703,285.4344787597656,366.05999755859375,59.92210388183594,151.98313903808594,104.77655792236328,69.46858978271484,54.14339065551758,13.279999732971191,80.98712921142578,38.923526763916016,67.05628967285156,56.277706146240234,102.28842163085938
2022-07-01,132.80746459960938,122.73898315429688,562.3942260742188,434.74981689453125,134.06578063964844,63.820701599121094,21.34000015258789,101.05000305175781,34.22932815551758,94.66938781738281,80.81878662109375,392.3717041015625,463.9439392089844,113.30242156982422,72.6053237915039,32.61184310913086,99.86518096923828,136.3214874267578,378.6476135253906,89.33145904541016,134.4465789794922,144.52999877929688,39.0101432800293,196.15084838867188,30.984575271606445,206.26388549804688,96.87200164794922,73.66999816894531,87.32171630859375,108.19273376464844,179.25,40.92691421508789,158.78395080566406,311.24530029296875,164.5530242919922,150.11256408691406,227.26333618164062,82.50847625732422,125.78521728515625,139.83999633789062,36.24472427368164,110.97000122070312,44.8380241394043,93.92804718017578,42.55291748046875,251.69618225097656,110.16461944580078,542.2887573242188,61.35321044921875,90.63008117675781,125.41556549072266,109.55999755859375,253.66868591308594,160.87709045410156,166.7173309326172,230.10977172851562,77.07054138183594,14.499672889709473,84.70833587646484,272.207763671875,193.55174255371094,17.9950008392334,28.650466918945312,79.54570770263672,166.1808624267578,457.9599609375,64.81999969482422,132.68856811523438,61.220001220703125,23.319629669189453,94.75374603271484,31.40999984741211,141.5489044189453,38.06629943847656,483.0182800292969,38.11569595336914,67.45686340332031,332.611572265625,8.640841484069824,72.39794158935547,232.10667419433594,16.012739181518555,287.4932556152344,368.4800109863281,60.62394332885742,154.0230255126953,106.89613342285156,71.02029418945312,52.546905517578125,13.479999542236328,82.10587310791016,38.84405517578125,67.66461944580078,57.59271240234375,103.59645080566406
2022-07-05,133.3081817626953,119.69485473632812,566.0601196289062,417.90411376953125,134.17913818359375,61.79631805419922,22.520000457763672,108.37999725341797,34.55899429321289,91.83671569824219,80.03164672851562,375.83587646484375,466.3316650390625,115.41201782226562,71.29849243164062,30.489547729492188,99.71560668945312,138.902099609375,390.2612609863281,85.55635833740234,133.7284393310547,154.89999389648438,39.52548599243164,195.4608917236328,31.157840728759766,211.79840087890625,99.18599700927734,75.19999694824219,85.83907318115234,112.95960998535156,187.02000427246094,40.69987487792969,166.88040161132812,312.242919921875,166.8910675048828,149.7758331298828,233.06666564941406,82.70487213134766,122.47982788085938,137.6999969482422,36.408145904541016,120.41999816894531,44.69351577758789,94.94412231445312,42.00789260864258,254.8668975830078,114.08686065673828,539.123779296875,60.2182502746582,91.38191986083984,128.3487548828125,113.5,257.8954162597656,159.64039611816406,162.4813690185547,227.91912841796875,74.65847778320312,14.939962387084961,86.8566665649414,270.36102294921875,194.87332153320312,18.58799934387207,28.35996437072754,74.00251007080078,170.13282775878906,437.2356262207031,66.62000274658203,131.40811157226562,65.31999969482422,22.387836456298828,97.6943130493164,34.0,140.8673095703125,37.76120376586914,471.66632080078125,37.88096237182617,68.52291870117188,333.5706481933594,8.549242973327637,72.63543701171875,231.49192810058594,15.86962890625,278.4385070800781,376.489990234375,60.121273040771484,153.72329711914062,108.1429443359375,74.00434875488281,55.563568115234375,14.0,80.87349700927734,37.92094421386719,67.10037994384766,56.60869598388672,103.202392578125
2022-07-06,134.83705139160156,120.09493255615234,560.6067504882812,414.50213623046875,132.958740234375,62.363502502441406,21.5,108.02999877929688,34.84157180786133,92.90760040283203,79.2621841430664,385.4659729003906,470.52447509765625,116.5401611328125,71.71307373046875,29.940689086914062,99.13595581054688,140.2365264892578,394.8346252441406,86.47712707519531,132.29202270507812,154.0,39.805423736572266,199.85801696777344,30.099029541015625,210.05503845214844,98.66200256347656,75.3499984741211,86.51300048828125,114.27530670166016,185.9199981689453,40.29821014404297,168.44810485839844,313.1329650878906,166.13027954101562,151.27346801757812,231.73333740234375,83.14230346679688,120.86577606201172,136.30999755859375,35.86338424682617,117.05999755859375,45.28561019897461,93.86942291259766,42.910850524902344,258.1248474121094,113.12767028808594,549.9740600585938,57.455257415771484,90.88703918457031,127.55596923828125,114.33000183105469,257.7590026855469,159.78379821777344,161.12550354003906,229.95843505859375,73.31161499023438,15.105696678161621,85.82666778564453,267.2316589355469,195.4368896484375,18.4060001373291,28.12393569946289,72.86589050292969,170.65647888183594,453.7228088378906,61.689998626708984,132.6340789794922,64.08999633789062,22.03325843811035,97.61005401611328,33.040000915527344,141.0643768310547,37.31251525878906,481.0484313964844,38.54000473022461,68.20880889892578,338.1239318847656,8.442376136779785,72.0325698852539,230.7303466796875,15.748082160949707,275.5885925292969,382.8299865722656,60.1686897277832,154.17288208007812,108.16966247558594,72.85050964355469,56.1904182434082,13.220000267028809,81.45035552978516,37.63972854614258,66.51850891113281,56.72498321533203,102.53343200683594
2022-07-07,138.30612182617188,122.48675537109375,568.7777709960938,436.7503967285156,132.4967803955078,62.20643997192383,22.739999771118164,107.69999694824219,35.92477798461914,92.25990295410156,79.15605926513672,382.1171875,472.7212219238281,123.2724380493164,72.44307708740234,31.4500675201416,101.75366973876953,143.6021270751953,400.6170654296875,86.49554443359375,135.04991149902344,159.07000732421875,39.865867614746094,199.1773223876953,31.43698501586914,213.40345764160156,99.41000366210938,79.30000305175781,87.33133697509766,118.33448028564453,190.1999969482422,40.97930145263672,170.84927368164062,317.4330139160156,168.4590606689453,150.97219848632812,244.5433349609375,83.03520202636719,123.21817779541016,139.97000122070312,36.42631530761719,120.73999786376953,46.78040313720703,95.1883773803711,43.45587921142578,260.2483215332031,116.2331771850586,547.7189331054688,58.729774475097656,92.01004791259766,132.09242248535156,116.33000183105469,260.5858459472656,159.96299743652344,168.5782012939453,229.02334594726562,75.65323638916016,15.832528114318848,86.20833587646484,271.6346435546875,197.06947326660156,18.927000045776367,28.922807693481445,75.49759674072266,174.51954650878906,451.3783264160156,62.22999954223633,132.5886688232422,67.44999694824219,22.907339096069336,101.26234436035156,35.33000183105469,140.9576416015625,37.94963455200195,480.198974609375,39.01847839355469,68.37062072753906,340.8462219238281,8.892736434936523,72.37967681884766,232.0883331298828,16.371496200561523,289.7235412597656,390.8900146484375,60.92743682861328,155.0221405029297,109.15819549560547,74.64093780517578,57.63998794555664,13.760000228881836,81.92232513427734,38.51393508911133,67.87621307373047,56.277706146240234,105.12677764892578
2022-07-08,139.05715942382812,122.17363739013672,565.0023193359375,437.7652282714844,133.23768615722656,62.11917495727539,22.34000015258789,108.29000091552734,35.78349304199219,91.46537780761719,79.13838195800781,380.4517822265625,479.0152282714844,124.74915313720703,72.32593536376953,31.395183563232422,101.53862762451172,144.27919006347656,397.3450012207031,87.58201599121094,135.7489471435547,159.67999267578125,39.89131164550781,199.86721801757812,31.10009002685547,212.61013793945312,98.83000183105469,79.3499984741211,87.2157974243164,119.18995666503906,190.3800048828125,40.88324737548828,169.54946899414062,316.4436950683594,168.5147247314453,152.31919860839844,250.76333618164062,82.8298568725586,122.57426452636719,139.07000732421875,36.48078918457031,119.80000305175781,46.794471740722656,93.65449523925781,43.25251007080078,259.5308532714844,114.81813049316406,547.6695556640625,57.68783187866211,91.23916625976562,130.35714721679688,115.54000091552734,260.3858642578125,159.76588439941406,167.47479248046875,227.09092712402344,75.77647399902344,15.812560081481934,87.37000274658203,269.6969909667969,197.8177032470703,18.697999954223633,28.85926628112793,75.5937728881836,173.39321899414062,452.366943359375,60.79999923706055,131.69869995117188,66.44999694824219,22.956811904907227,101.07504272460938,35.56999969482422,140.7605438232422,37.5906982421875,484.1664733886719,39.17195510864258,68.40869140625,341.4759216308594,8.869837760925293,72.41620635986328,232.36358642578125,16.189178466796875,290.3622131347656,389.44000244140625,61.0412483215332,154.3643798828125,108.27652740478516,73.03950500488281,58.037445068359375,13.399999618530273,82.31563568115234,38.66675567626953,67.64700317382812,56.483455657958984,104.7968978881836
2022-07-11,137.29576110839844,122.63462829589844,551.7244262695312,424.3408203125,133.56893920898438,62.625274658203125,21.190000534057617,104.01000213623047,35.03937530517578,93.23579406738281,78.66963195800781,379.2933044433594,476.4937744140625,121.29129028320312,72.71348571777344,30.526140213012695,100.1923828125,142.14991760253906,393.19384765625,87.20452880859375,134.61900329589844,155.39999389648438,39.90721893310547,197.67788696289062,29.714008331298828,206.7988739013672,98.08000183105469,76.94999694824219,85.03035736083984,115.57364654541016,185.3699951171875,40.33313751220703,161.61175537109375,317.5504455566406,167.10447692871094,151.06967163085938,234.3433380126953,84.18684387207031,121.49248504638672,136.99000549316406,36.12668991088867,108.37999725341797,45.30907440185547,91.4855728149414,43.02474594116211,256.47650146484375,104.05807495117188,551.9423217773438,55.4365119934082,89.97340393066406,128.94773864746094,111.75,260.3132019042969,159.82858276367188,163.65963745117188,229.7446746826172,75.38914489746094,15.12766170501709,85.98500061035156,266.7040710449219,199.2655792236328,17.733999252319336,28.5596866607666,74.79814910888672,172.26690673828125,447.7344055175781,54.70000076293945,132.625,63.11000061035156,22.643461227416992,98.43415832519531,32.31999969482422,141.466796875,37.42917251586914,482.59814453125,39.045562744140625,68.42782592773438,340.63299560546875,8.617939949035645,71.15569305419922,232.40028381347656,16.07351303100586,284.4241943359375,384.1600036621094,59.6944694519043,153.73162841796875,108.45463562011719,70.09524536132812,56.732242584228516,12.359999656677246,82.77886199951172,37.84757614135742,66.8447036743164,56.30453872680664,103.42232513427734
2022-07-12,138.10047912597656,121.05165100097656,550.1650390625,419.9241027832031,132.89772033691406,62.808528900146484,21.56999969482422,97.31999969482422,35.048789978027344,92.98534393310547,78.4396743774414,374.6954650878906,468.5378723144531,121.94252014160156,72.0555648803711,29.940689086914062,100.07085418701172,143.121337890625,376.8921813964844,87.01116943359375,133.27833557128906,145.42999267578125,39.78633117675781,195.2861328125,30.349294662475586,205.68270874023438,85.58799743652344,76.36000061035156,83.13373565673828,113.91426849365234,174.38999938964844,40.28074264526367,161.99871826171875,316.247802734375,167.93020629882812,150.21006774902344,233.07000732421875,83.56190490722656,119.26886749267578,147.14999389648438,35.95417785644531,107.98999786376953,45.16925048828125,91.44649505615234,42.333282470703125,245.96571350097656,103.71619415283203,525.1380615234375,55.96678161621094,88.83136749267578,127.3357925415039,109.22000122070312,259.1587829589844,157.58819580078125,163.1640167236328,227.51837158203125,74.38558197021484,15.057774543762207,82.09666442871094,266.11279296875,199.03237915039062,17.44499969482422,28.468904495239258,72.96207427978516,164.33331298828125,441.4916687011719,56.209999084472656,131.45352172851562,62.79999923706055,22.165193557739258,97.16989135742188,32.380001068115234,140.3827362060547,37.48301315307617,480.2362976074219,38.6934814453125,67.31874084472656,335.2466125488281,8.824041366577148,71.02781677246094,230.74867248535156,16.08527374267578,282.0889892578125,375.5400085449219,59.04005432128906,149.34378051757812,107.6798324584961,71.05013275146484,58.07668685913086,12.609999656677246,83.01484680175781,38.52615737915039,66.95052337646484,56.06299591064453,103.52311706542969
2022-07-13,137.948486328125,119.31214904785156,543.863525390625,432.02435302734375,132.6274871826172,62.127899169921875,21.5,97.33999633789062,35.048789978027344,92.61397552490234,77.74983978271484,369.27398681640625,470.11383056640625,124.4098129272461,72.33495330810547,29.53818130493164,98.65916442871094,142.75830078125,374.3917541503906,84.53433227539062,133.48902893066406,149.60000610351562,39.881778717041016,194.16384887695312,30.532180786132812,199.36410522460938,84.55400085449219,77.5199966430664,82.74862670898438,111.27345275878906,174.97000122070312,39.73063278198242,162.21702575683594,316.747314453125,169.20126342773438,150.7417755126953,237.0399932861328,83.71368408203125,118.47044372558594,143.9499969482422,35.47296905517578,101.01000213623047,45.20302963256836,90.80168151855469,42.129920959472656,245.04457092285156,103.61172485351562,517.4428100585938,57.39944076538086,89.92582702636719,128.11093139648438,110.4000015258789,261.0311279296875,157.2207794189453,162.5842742919922,227.9012908935547,74.68489837646484,15.139641761779785,82.23500061035156,263.94769287109375,198.3813018798828,17.6560001373291,27.996843338012695,72.66480255126953,161.5274200439453,438.0266418457031,56.349998474121094,132.31622314453125,61.70000076293945,22.272390365600586,98.43415832519531,32.150001525878906,140.35812377929688,37.03432846069336,467.93206787109375,38.549034118652344,66.9554443359375,331.3424072265625,8.785874366760254,71.17396545410156,231.84060668945312,15.98137092590332,282.87054443359375,371.94000244140625,58.37615966796875,148.13653564453125,107.54623413085938,70.98051452636719,57.762657165527344,12.510000228881836,81.6775894165039,37.90871810913086,66.10414123535156,55.8035774230957,102.55177307128906
2022-07-14,141.13140869140625,120.94728088378906,536.7959594726562,441.582763671875,132.36355590820312,62.70381164550781,20.649999618530273,93.77999877929688,35.519752502441406,92.363525390625,77.39606475830078,362.3139343261719,488.9481506347656,130.15151977539062,72.21778869628906,28.659996032714844,96.71459197998047,145.6823272705078,371.0317687988281,82.94143676757812,130.69287109375,146.1999969482422,40.661155700683594,194.28346252441406,30.407047271728516,197.6668243408203,84.19400024414062,78.5999984741211,82.23837280273438,110.53254699707031,172.75,38.5430793762207,156.8193817138672,318.3733215332031,169.4703369140625,151.52159118652344,238.31333923339844,83.81188201904297,116.7104263305664,147.14999389648438,35.17335510253906,97.3499984741211,45.47609329223633,89.72698211669922,41.80452346801758,246.36325073242188,98.54035949707031,519.8958129882812,56.78544616699219,89.09783172607422,128.85964965820312,110.62999725341797,263.1218566894531,157.43588256835938,158.90936279296875,228.4267120361328,73.18838500976562,15.347307205200195,81.66666412353516,256.1607360839844,200.09156799316406,17.47800064086914,27.352293014526367,71.35330200195312,159.10679626464844,432.1793212890625,54.70000076293945,131.9257354736328,60.22999954223633,21.456043243408203,96.66416931152344,30.670000076293945,140.4484405517578,36.289512634277344,469.0429992675781,38.21500015258789,66.40087890625,334.3941650390625,8.694272994995117,71.42970275878906,231.7763671875,15.899033546447754,280.53533935546875,372.9599914550781,57.44668197631836,148.43626403808594,105.20403289794922,69.18013763427734,58.2435188293457,12.09000015258789,81.13571166992188,37.346290588378906,65.84848022460938,55.624656677246094,98.96873474121094
2022-07-15,143.5364990234375,121.69526672363281,547.5021362304688,459.684814453125,135.16148376464844,63.11391830444336,21.670000076293945,93.5999984741211,36.37690353393555,92.77806854248047,78.81998443603516,360.567138671875,499.46368408203125,132.4169921875,70.93798828125,29.54732894897461,101.10858917236328,147.35040283203125,383.8171691894531,84.00030517578125,136.4384307861328,147.9499969482422,41.05878829956055,196.97877502441406,31.639114379882812,200.93223571777344,87.1240005493164,81.11000061035156,84.72228240966797,111.8487319946289,177.89999389648438,43.6425666809082,163.41758728027344,325.7588806152344,171.641357421875,151.6456756591797,240.06666564941406,84.77608489990234,118.17852783203125,147.74000549316406,37.34332275390625,99.8499984741211,46.397544860839844,93.00967407226562,42.097373962402344,248.923095703125,97.28675079345703,532.9913940429688,56.059810638427734,91.20110321044922,129.19436645507812,113.55000305175781,265.7850036621094,159.72105407714844,162.12606811523438,229.04115295410156,74.4207992553711,15.736681938171387,84.82666778564453,267.33172607421875,204.10487365722656,18.910999298095703,29.27685546875,72.47242736816406,165.37071228027344,434.26025390625,54.709999084472656,131.7440948486328,63.43000030517578,21.983779907226562,98.0501937866211,31.270000457763672,142.40301513671875,38.95469284057617,494.547607421875,38.883056640625,67.63424682617188,338.5404968261719,9.068305015563965,72.7267837524414,233.9876708984375,16.104877471923828,283.74737548828125,379.8599853515625,58.97366714477539,152.02476501464844,107.76889038085938,73.51695251464844,60.38288116455078,12.9399995803833,83.35574340820312,38.4283447265625,68.81073760986328,55.91092300415039,103.50479888916016
2022-07-18,142.75865173339844,120.1384048461914,544.912353515625,457.60693359375,131.59811401367188,62.55546569824219,22.579999923706055,91.04000091552734,36.461669921875,91.05082702636719,77.74099731445312,350.5206604003906,493.1123352050781,129.95887756347656,69.85648345947266,30.306594848632812,103.2962417602539,144.30862426757812,379.2167663574219,82.68362426757812,136.29476928710938,146.47000122070312,40.963348388671875,194.38462829589844,31.39847755432129,201.07058715820312,85.3479995727539,81.43000030517578,84.80891418457031,109.01499938964844,177.25,43.72114944458008,165.92788696289062,324.23089599609375,172.37429809570312,149.11117553710938,240.54666137695312,82.43704223632812,119.83553314208984,147.72000122070312,37.39779281616211,98.91999816894531,46.078521728515625,93.49817657470703,41.283897399902344,246.52810668945312,97.9515380859375,515.0789184570312,57.72504425048828,90.29698944091797,131.56385803222656,113.76000213623047,266.3666687011719,156.136474609375,162.22891235351562,221.96151733398438,75.79407501220703,16.075136184692383,84.3066635131836,274.054443359375,201.35484313964844,19.091999053955078,29.28592872619629,74.37846374511719,165.8745880126953,423.0177001953125,55.119998931884766,130.14576721191406,62.060001373291016,22.536266326904297,97.33846282958984,32.540000915527344,139.71755981445312,38.38037109375,484.8572692871094,38.45875549316406,67.12751007080078,334.57818603515625,9.129369735717773,73.2839584350586,231.61119079589844,16.116641998291016,283.9856872558594,375.2300109863281,58.0821418762207,149.9349365234375,106.15692901611328,73.73577117919922,59.32301712036133,13.40999984741211,82.41178894042969,38.92963790893555,69.52485656738281,55.15053939819336,102.44181060791016
2022-07-19,147.20223999023438,113.83274841308594,573.0093994140625,481.65289306640625,131.74766540527344,62.60780334472656,22.670000076293945,92.95999908447266,37.883975982666016,91.14583587646484,79.89014434814453,353.3264465332031,496.8658447265625,135.16864013671875,71.13627624511719,31.3037052154541,105.66151428222656,148.16482543945312,394.4635925292969,86.38505554199219,141.513671875,146.4600067138672,41.21466064453125,201.4126739501953,33.111820220947266,207.9426727294922,87.18800354003906,85.87999725341797,88.90061950683594,113.68665313720703,180.5500030517578,45.51994705200195,174.41128540039062,333.408935546875,176.1439208984375,150.70632934570312,245.52999877929688,82.45489501953125,124.15399169921875,156.1300048828125,38.95036315917969,102.08000183105469,47.761905670166016,97.31822204589844,41.78825759887695,251.64773559570312,99.48055267333984,531.01318359375,58.4041633605957,92.13377380371094,135.08726501464844,118.20999908447266,272.52935791015625,153.86021423339844,169.00848388671875,229.0055389404297,77.70433044433594,16.96470832824707,85.5999984741211,289.32818603515625,207.62257385253906,20.163000106811523,30.275442123413086,77.35992431640625,171.7235107421875,430.67279052734375,54.95000076293945,130.8087158203125,64.06999969482422,23.13821792602539,102.2550277709961,34.369998931884766,142.50975036621094,39.10724639892578,498.0016784667969,39.74974060058594,69.0683822631836,345.9904479980469,9.61026382446289,75.40311431884766,235.3548583984375,16.667522430419922,296.98638916015625,387.8299865722656,59.941070556640625,154.7057342529297,111.4202651977539,77.32657623291016,61.236671447753906,13.65999984741211,84.59684753417969,40.80031204223633,71.98457336425781,55.93775939941406,104.98015594482422
2022-07-20,147.8191375732422,112.35416412353516,578.8364868164062,497.1745300292969,129.94400024414062,61.90102005004883,24.1200008392334,100.87999725341797,38.2042236328125,88.94361114501953,78.91728210449219,357.70703125,500.6575622558594,139.14932250976562,70.58650970458984,31.230518341064453,107.28821563720703,150.1665496826172,410.6676330566406,87.31501007080078,142.6149444580078,156.89999389648438,41.55821990966797,198.7449493408203,33.45833206176758,209.99969482421875,91.37000274658203,89.43000030517578,88.89099884033203,113.76598358154297,184.3000030517578,45.799381256103516,181.6643829345703,334.28070068359375,178.24325561523438,149.11117553710938,247.5,80.03553771972656,125.79381561279297,158.3800048828125,38.78693771362305,107.08999633789062,48.021827697753906,100.97216033935547,41.34083557128906,254.3045196533203,98.73029327392578,532.7738647460938,58.25531768798828,93.68502807617188,137.8531494140625,122.7699966430664,274.7745056152344,152.98199462890625,169.46043395996094,222.39788818359375,78.55821990966797,17.778396606445312,84.03333282470703,292.4211730957031,207.3407745361328,21.643999099731445,30.284521102905273,79.30963897705078,180.2598114013672,429.42987060546875,53.43000030517578,128.54745483398438,67.66000366210938,23.204187393188477,104.05308532714844,38.4900016784668,140.0460205078125,38.703426361083984,484.9506530761719,39.84001922607422,69.40303039550781,347.4048767089844,9.71712875366211,76.06077575683594,233.59310913085938,16.86748504638672,300.5797119140625,401.489990234375,59.59014892578125,155.57164001464844,110.93936157226562,79.81327819824219,62.1198844909668,14.699999809265137,83.16344451904297,41.50334167480469,72.12564086914062,55.0163459777832,104.96183776855469
2022-07-21,148.90101623535156,110.58857727050781,583.0130615234375,524.0908203125,129.9967803955078,61.82249069213867,24.229999542236328,101.2300033569336,38.25132369995117,89.4186019897461,79.82823181152344,357.68896484375,505.68133544921875,142.95571899414062,71.08220672607422,30.76398468017578,106.83011627197266,152.4331512451172,424.58612060546875,87.37025451660156,143.81195068359375,157.72999572753906,42.16582489013672,200.62159729003906,33.814483642578125,209.99969482421875,92.05799865722656,91.08999633789062,86.92698669433594,114.10321807861328,189.0,45.9216194152832,181.7437744140625,339.81500244140625,180.60394287109375,149.33273315429688,271.7066650390625,80.47297668457031,124.83222961425781,161.41000366210938,39.295372009277344,110.8499984741211,48.57639694213867,101.78307342529297,41.58489227294922,256.79644775390625,99.8414306640625,568.727294921875,59.548431396484375,94.6652603149414,139.7557830810547,124.62999725341797,277.2286682128906,153.51968383789062,170.42088317871094,227.438232421875,77.24658203125,18.021007537841797,85.72333526611328,297.051513671875,210.08108520507812,22.38800048828125,30.547792434692383,77.75334930419922,183.125,427.2924499511719,55.79999923706055,128.6690216064453,67.4800033569336,22.907339096069336,104.53067016601562,40.400001525878906,142.08270263671875,39.01750946044922,487.74200439453125,40.24626922607422,71.26740264892578,350.33050537109375,9.923227310180664,76.30740356445312,232.5746612548828,17.106653213500977,301.7044982910156,408.9100036621094,59.87467575073242,155.70484924316406,111.92789459228516,82.3099365234375,62.453548431396484,14.170000076293945,81.92390441894531,41.65006637573242,73.19241333007812,54.8911247253418,105.6766128540039
2022-07-22,146.54061889648438,111.5453109741211,577.8424072265625,516.3494873046875,130.63027954101562,62.77360534667969,23.299999237060547,93.79000091552734,36.923213958740234,90.66220092773438,80.23505401611328,357.2726135253906,505.9296569824219,140.9745330810547,72.32593536376953,32.08126449584961,101.83780670166016,151.19680786132812,424.6250915527344,86.744140625,146.5219268798828,142.99000549316406,42.05766296386719,202.69134521484375,33.37171173095703,209.66761779785156,89.35399627685547,88.0999984741211,90.25811004638672,107.47761535644531,183.52999877929688,45.327842712402344,167.95199584960938,336.8372497558594,182.48873901367188,150.3075408935547,272.24334716796875,80.44620513916016,123.79338073730469,158.16000366210938,39.19551086425781,106.55000305175781,48.09220504760742,100.35665893554688,41.67436981201172,252.4525146484375,95.54881286621094,555.4140014648438,57.28780746459961,94.32266998291016,138.94541931152344,122.41999816894531,278.67376708984375,154.24557495117188,168.18927001953125,231.1783905029297,76.65679168701172,17.291179656982422,85.19499969482422,294.67718505859375,207.66143798828125,22.04400062561035,30.34807014465332,77.05388641357422,180.27957153320312,425.45635986328125,54.380001068115234,130.72560119628906,64.44999694824219,22.717674255371094,102.1894760131836,37.349998474121094,141.95953369140625,38.66452407836914,486.76177978515625,40.137935638427734,71.61161804199219,350.640625,9.785828590393066,76.35306549072266,233.0518035888672,17.047840118408203,297.62506103515625,401.8999938964844,59.741905212402344,156.51246643066406,113.014404296875,80.61898040771484,60.14735412597656,13.539999961853027,82.68873596191406,41.686744689941406,72.67224884033203,55.09687042236328,105.1634521484375
2022-07-25,145.91476440429688,111.79752349853516,580.1314697265625,520.9014282226562,132.1699981689453,63.428035736083984,23.350000381469727,90.48999786376953,36.88554000854492,91.52583312988281,80.26158142089844,361.8523254394531,505.37567138671875,140.5618133544922,72.98385620117188,33.08751678466797,103.70758056640625,150.07821655273438,416.2838134765625,87.07560729980469,147.2688446044922,140.25999450683594,41.99721908569336,200.88833618164062,33.227325439453125,210.47012329101562,88.0,87.54000091552734,88.5444107055664,107.32884216308594,182.6199951171875,45.546138763427734,165.35238647460938,337.1605529785156,181.76092529296875,150.52020263671875,268.4333190917969,80.82115173339844,127.47654724121094,156.63999938964844,39.49512481689453,106.0999984741211,48.14757537841797,100.32735443115234,42.1136474609375,250.96900939941406,95.97618103027344,561.2496948242188,58.5902214050293,94.18942260742188,138.72518920898438,121.13999938964844,278.2738952636719,154.55023193359375,171.1929931640625,229.16583251953125,79.20966339111328,16.996654510498047,84.211669921875,294.8499755859375,208.21534729003906,21.85099983215332,30.620412826538086,80.4812240600586,175.16172790527344,426.84051513671875,56.209999084472656,131.61221313476562,63.400001525878906,23.187698364257812,102.33930206298828,36.709999084472656,140.8426513671875,38.93605422973633,494.2862243652344,40.029598236083984,71.5733642578125,342.9775085449219,9.801095962524414,74.44400787353516,229.73936462402344,16.759658813476562,307.8235168457031,391.9599914550781,60.377349853515625,156.4542236328125,113.55764770507812,81.21578979492188,59.02861022949219,13.3100004196167,83.06676483154297,41.790672302246094,72.77803802490234,55.63360595703125,105.58497619628906
2022-07-26,143.8047332763672,111.39744567871094,568.084716796875,506.5975341796875,132.74188232421875,64.1435546875,22.549999237060547,85.72000122070312,36.69715118408203,92.42398071289062,81.27869415283203,359.14617919921875,488.93865966796875,137.5533447265625,72.01951599121094,32.56608581542969,99.43512725830078,148.75355529785156,404.5825500488281,83.0887451171875,143.47677612304688,130.1199951171875,38.803367614746094,200.4559783935547,32.09151840209961,207.42608642578125,84.56400299072266,85.25,86.92698669433594,104.5813980102539,169.1699981689453,44.88250732421875,157.91078186035156,334.2904968261719,175.9759521484375,152.27490234375,258.8599853515625,81.49964141845703,126.48063659667969,155.9199981689453,38.95036315917969,100.33000183105469,47.958030700683594,97.48429107666016,42.54479217529297,244.24948120117188,96.33706665039062,567.0160522460938,58.5809211730957,92.92366790771484,133.72195434570312,114.80999755859375,271.0296630859375,155.64353942871094,170.64688110351562,230.6262664794922,78.90155029296875,16.50644874572754,77.53666687011719,289.78302001953125,206.4856414794922,21.391000747680664,30.00309944152832,79.6418685913086,168.4137420654297,418.6769714355469,55.15999984741211,131.86813354492188,60.209999084472656,23.14647102355957,98.51844024658203,31.549999237060547,143.40489196777344,38.1124382019043,496.265380859375,39.569183349609375,70.77980041503906,345.00225830078125,9.572098731994629,73.35704040527344,235.8961944580078,16.71653175354004,304.47802734375,379.260009765625,58.0157470703125,151.14222717285156,113.62889862060547,76.63030242919922,58.547752380371094,12.529999732971191,83.78758239746094,43.716365814208984,71.22637939453125,56.54607391357422,103.93548583984375
2022-07-27,153.37144470214844,112.3019790649414,586.6701049804688,527.8698120117188,132.9882354736328,63.925418853759766,23.09000015258789,94.05999755859375,37.84629440307617,91.9921646118164,82.44612884521484,360.7119445800781,498.8524475097656,140.71771240234375,72.44307708740234,33.233882904052734,101.84715270996094,153.8461151123047,423.08184814453125,83.11638641357422,145.20046997070312,141.3000030517578,40.26987075805664,215.29403686523438,33.38132858276367,209.97201538085938,89.72000122070312,89.81999969482422,87.90898895263672,112.6749496459961,176.9600067138672,45.71205520629883,168.2595672607422,336.23968505859375,177.20755004882812,152.0621795654297,274.82000732421875,81.44609069824219,128.14620971679688,156.08999633789062,39.685791015625,105.91000366210938,49.52506637573242,101.11872100830078,42.26007080078125,260.5780029296875,97.60964965820312,575.58154296875,58.906524658203125,92.79996490478516,136.17953491210938,120.97000122070312,271.6931457519531,155.21339416503906,174.43212890625,230.00289916992188,80.60934448242188,17.76142120361328,79.68000030517578,295.2320556640625,204.522705078125,22.674999237060547,30.493324279785156,81.54788970947266,178.13560485839844,419.7691345214844,54.9900016784668,133.12037658691406,64.2699966430664,23.715442657470703,101.0094985961914,35.2400016784668,142.51800537109375,38.80934524536133,499.0845031738281,40.3004264831543,72.53903198242188,349.65240478515625,10.068257331848145,75.7776107788086,237.54786682128906,16.989028930664062,310.4446716308594,392.7799987792969,59.28665542602539,153.11550903320312,113.4507827758789,85.96041870117188,60.73616027832031,13.3100004196167,84.27991485595703,43.75916290283203,72.7427749633789,56.367156982421875,105.60330963134766
2022-07-28,157.1355438232422,112.38895416259766,601.8629760742188,541.91259765625,131.75648498535156,66.17668151855469,23.309999465942383,95.72000122070312,37.40359115600586,94.09075927734375,82.66722106933594,367.5362854003906,512.9835205078125,134.32476806640625,76.19232940673828,32.66672134399414,100.69722747802734,154.39561462402344,438.1529235839844,85.06836700439453,145.68881225585938,143.27999877929688,41.27510452270508,220.2982635498047,34.401634216308594,211.98291015625,87.30000305175781,91.66999816894531,88.35185241699219,113.65687561035156,182.08999633789062,45.60726547241211,159.4685516357422,345.2317199707031,178.02870178222656,154.9423370361328,280.8999938964844,80.29443359375,129.11636352539062,159.08999633789062,39.33169937133789,106.22000122070312,50.07118225097656,102.48651885986328,41.579647064208984,268.0151062011719,95.49183654785156,591.1202392578125,57.799468994140625,97.60602569580078,140.42523193359375,122.27999877929688,272.34759521484375,156.1095733642578,176.87088012695312,239.46022033691406,81.55127716064453,17.955108642578125,82.03500366210938,299.38934326171875,205.37786865234375,22.601999282836914,30.248207092285156,82.23861694335938,179.11370849609375,427.9139099121094,50.90999984741211,135.33233642578125,64.38999938964844,23.476306915283203,105.1019515991211,35.90999984741211,148.81690979003906,38.945098876953125,505.5074157714844,41.18516540527344,73.65766143798828,362.8956298828125,10.686552047729492,77.33955383300781,241.7410888671875,17.16546630859375,316.0871276855469,403.5,64.20902252197266,156.72897338867188,117.9125747680664,85.40339660644531,60.912811279296875,13.880000114440918,83.98101043701172,44.71283721923828,73.82408905029297,57.306461334228516,105.20925903320312
2022-07-29,160.9964599609375,113.75446319580078,610.2527465820312,555.1823120117188,126.26622009277344,67.09288024902344,23.450000762939453,102.01000213623047,34.20106506347656,94.93710327148438,81.82704162597656,374.5325927734375,517.8818969726562,133.0498809814453,76.14727783203125,33.87422561645508,102.67919921875,159.4586944580078,445.55657958984375,85.8233871459961,147.48910522460938,149.91000366210938,42.00676345825195,221.80691528320312,34.902164459228516,215.0084228515625,89.33200073242188,94.47000122070312,89.73822021484375,115.69017791748047,183.60000610351562,45.765995025634766,157.86117553710938,346.5443115234375,178.7098388671875,155.0487060546875,297.1499938964844,79.75877380371094,140.6122589111328,159.30999755859375,39.831058502197266,103.86000061035156,50.24665832519531,103.65888977050781,41.407493591308594,272.2135925292969,84.8742446899414,591.8817138671875,55.352783203125,97.06353759765625,143.9134063720703,134.9499969482422,273.5383605957031,156.3963165283203,186.67295837402344,241.17892456054688,85.32776641845703,18.13382339477539,83.18333435058594,303.28289794921875,206.11634826660156,22.489999771118164,30.693044662475586,85.1850814819336,181.81094360351562,450.92633056640625,49.0099983215332,126.96891784667969,63.97999954223633,24.22669219970703,107.62109375,34.83000183105469,148.3651885986328,39.33427810668945,506.301025390625,40.95947265625,74.42253112792969,365.16259765625,11.213247299194336,77.44002532958984,241.6584930419922,16.740053176879883,327.0958557128906,410.1199951171875,65.48941040039062,162.26576232910156,118.05506134033203,86.06983947753906,60.70672607421875,13.859999656677246,84.11286926269531,45.183563232421875,75.02558898925781,57.40486526489258,105.71327209472656
2022-08-01,160.91543579101562,114.84164428710938,612.2681884765625,558.7680053710938,123.37154388427734,66.90965270996094,24.600000381469727,103.44999694824219,34.81331253051758,94.8680191040039,82.32229614257812,379.4833679199219,523.1536254882812,135.2236328125,76.88629913330078,33.29792022705078,102.58570861816406,158.47750854492188,438.02587890625,85.85100555419922,146.82838439941406,150.97999572753906,42.16263198852539,221.9909210205078,35.3930778503418,219.26083374023438,90.75399780273438,96.77999877929688,90.29662322998047,114.53962707519531,183.3000030517578,45.78363037109375,158.68472290039062,343.36090087890625,181.09844970703125,156.8121795654297,297.27667236328125,79.03565216064453,137.80484008789062,169.07000732421875,39.53144836425781,105.38999938964844,50.33017349243164,103.77613830566406,41.489471435546875,269.5665283203125,85.79544830322266,583.1184692382812,54.66436004638672,95.55035400390625,145.8248291015625,135.38999938964844,277.9740295410156,155.84970092773438,183.48094177246094,239.21087646484375,83.17102813720703,18.411378860473633,84.61000061035156,302.0911865234375,205.38755798339844,22.621000289916992,30.602256774902344,83.14790344238281,180.783447265625,447.8473815917969,47.689998626708984,130.6159210205078,65.51000213623047,23.954570770263672,107.04047393798828,36.439998626708984,147.79855346679688,39.180419921875,499.8034362792969,40.87821960449219,74.04010009765625,364.3391418457031,11.709407806396484,77.55878448486328,242.4476318359375,16.87532615661621,322.3397521972656,411.0899963378906,65.17642974853516,162.64044189453125,116.64795684814453,88.09400939941406,61.374053955078125,13.899999618530273,84.4117660522461,46.33898162841797,74.83868408203125,57.71796417236328,104.65943145751953
2022-08-02,159.49346923828125,114.64159393310547,607.498779296875,546.638671875,123.52114868164062,66.25520324707031,29.25,106.37000274658203,33.91849136352539,94.66938781738281,82.43727111816406,388.0816955566406,519.948486328125,134.85678100585938,77.21073913574219,33.563201904296875,99.97736358642578,157.0056610107422,436.5705871582031,86.32059478759766,145.17173767089844,153.3699951171875,42.20717239379883,221.3469696044922,34.777042388916016,215.17449951171875,90.88800048828125,99.29000091552734,87.79347229003906,114.95621490478516,188.13999938964844,44.75190734863281,158.94268798828125,341.8622131347656,175.3694305419922,155.5183563232422,300.586669921875,78.21430969238281,136.6286163330078,163.27999877929688,38.93220520019531,108.16000366210938,49.845985412597656,102.3008804321289,40.735267639160156,266.4733581542969,87.96076202392578,579.6466064453125,55.566749572753906,95.79779815673828,144.00148010253906,134.16000366210938,273.32928466796875,154.96250915527344,172.79371643066406,237.43873596191406,82.81008911132812,18.49624252319336,85.11499786376953,298.27044677734375,200.4316864013672,22.142000198364258,29.9940185546875,82.80693054199219,181.58372497558594,452.9507751464844,48.97999954223633,129.74758911132812,67.01000213623047,24.210201263427734,104.67115783691406,37.7400016784668,146.05751037597656,38.87269973754883,499.8781433105469,40.553218841552734,72.99795532226562,358.23577880859375,11.57200813293457,76.46268463134766,239.52975463867188,16.7204532623291,317.5931091308594,409.9599914550781,64.0667495727539,161.13343811035156,115.21411895751953,89.1533432006836,61.305355072021484,16.15999984741211,83.84036254882812,45.458656311035156,74.34030151367188,56.93073654174805,103.02828979492188
2022-08-03,165.11831665039062,115.1025619506836,629.73193359375,564.2865600585938,124.23381042480469,67.41576385498047,30.190000534057617,112.41999816894531,34.39887237548828,95.70572662353516,82.93254852294922,388.55224609375,523.3448486328125,136.8103790283203,77.9227523803711,32.511207580566406,101.95933532714844,163.01077270507812,454.91363525390625,87.03880310058594,148.83932495117188,162.3699951171875,41.51368713378906,224.75064086914062,35.91285705566406,215.10072326660156,94.29000091552734,98.08999633789062,90.0077896118164,117.81275939941406,195.32000732421875,45.51026153564453,167.48568725585938,346.8773498535156,182.3394317626953,156.7058563232422,307.39666748046875,78.2232437133789,133.38333129882812,166.63999938964844,39.849220275878906,112.97000122070312,51.30324935913086,106.51170349121094,40.87462615966797,273.89105224609375,90.9048080444336,581.5656127929688,56.869171142578125,98.04379272460938,147.9124298095703,139.52000427246094,278.473876953125,156.45907592773438,172.19107055664062,239.39781188964844,80.12515258789062,18.862653732299805,88.17832946777344,303.082763671875,202.5889434814453,22.67300033569336,30.538707733154297,79.84298706054688,187.37335205078125,453.6098327636719,49.650001525878906,132.42572021484375,71.12000274658203,24.482315063476562,107.0217514038086,41.93000030517578,146.59132385253906,39.560546875,504.72320556640625,41.266414642333984,73.9731674194336,356.6664123535156,11.976572036743164,79.71446228027344,240.48402404785156,17.0831298828125,320.73846435546875,424.5400085449219,65.42301940917969,161.04183959960938,116.41641235351562,97.39925384521484,63.052181243896484,16.709999084472656,89.12378692626953,45.690975189208984,75.69307708740234,57.18122100830078,104.109619140625
2022-08-04,166.414306640625,114.4937515258789,634.7203369140625,570.0953979492188,122.22775268554688,68.03527069091797,31.850000381469727,110.48999786376953,33.92791748046875,94.7643814086914,82.43727111816406,387.49334716796875,519.7763061523438,138.50723266601562,79.29265594482422,31.056711196899414,99.93061828613281,162.69676208496094,455.4508056640625,85.42745208740234,150.21823120117188,160.75999450683594,39.94538879394531,224.447021484375,34.873294830322266,217.78497314453125,98.5999984741211,103.91000366210938,91.7407455444336,117.90203857421875,189.24000549316406,45.20163345336914,169.2418975830078,348.777587890625,183.96298217773438,155.8551025390625,308.6333312988281,77.50904083251953,129.7602996826172,166.5,39.09959030151367,112.86000061035156,51.87187194824219,105.63241577148438,40.87462615966797,275.03515625,92.5287857055664,583.5635986328125,58.93443298339844,102.25029754638672,146.71449279785156,142.57000732421875,279.20111083984375,153.94981384277344,172.91612243652344,241.5706787109375,76.75363159179688,19.184131622314453,83.61666870117188,301.90008544921875,207.43797302246094,22.990999221801758,30.320837020874023,78.58395385742188,188.9739227294922,450.11663818359375,51.2599983215332,132.21548461914062,71.19000244140625,24.201955795288086,107.20903778076172,41.02000045776367,146.46817016601562,38.972259521484375,498.2818603515625,40.96849060058594,74.0018539428711,366.102294921875,11.732308387756348,79.35822296142578,239.153564453125,16.84984016418457,326.3334045410156,430.5899963378906,65.44200134277344,161.9576873779297,116.44312286376953,96.46426391601562,63.640987396240234,17.389999389648438,89.55455017089844,45.036842346191406,75.96896362304688,56.957576751708984,102.96412658691406
2022-08-05,165.8653106689453,115.2243423461914,634.6472778320312,559.2933349609375,121.4534912109375,67.42446899414062,32.0099983215332,113.29000091552734,33.671024322509766,94.27212524414062,82.49919891357422,385.93658447265625,517.2792358398438,137.7734832763672,79.29265594482422,31.70620346069336,99.9682388305664,162.47076416015625,458.0782775878906,85.65765380859375,150.8311004638672,165.52999877929688,40.266685485839844,227.39991760253906,34.70965576171875,216.6688232421875,98.97000122070312,102.30999755859375,91.0379409790039,117.25732421875,191.1699981689453,45.554351806640625,165.80882263183594,350.1881103515625,185.7544403076172,154.68533325195312,288.1700134277344,78.0357666015625,131.90664672851562,165.0399932861328,40.0046272277832,113.8499984741211,51.744258880615234,104.17668914794922,40.39095687866211,274.3176574707031,87.90376281738281,583.82080078125,57.59480667114258,99.94718933105469,146.3357391357422,140.8000030517578,281.49163818359375,153.34043884277344,174.56393432617188,242.39002990722656,77.86278533935547,18.95850372314453,83.5616683959961,304.4472961425781,209.77011108398438,22.67799949645996,30.829204559326172,81.1806869506836,187.88711547851562,449.6927795410156,50.25,132.27943420410156,72.33999633789062,24.457576751708984,106.63778686523438,40.810001373291016,146.50921630859375,39.3704833984375,499.50469970703125,40.63446807861328,73.95404815673828,364.8913269042969,11.678874969482422,78.30780792236328,237.8598175048828,16.92237663269043,327.21978759765625,433.42999267578125,65.73600006103516,163.82273864746094,117.01309967041016,94.8130874633789,61.29554748535156,20.280000686645508,89.89740753173828,45.458656311035156,76.65424346923828,56.69815444946289,106.0798110961914
2022-08-08,164.51531982421875,115.33739471435547,634.9573364257812,554.8756713867188,123.47713470458984,67.35466003417969,31.850000381469727,112.9800033569336,33.66151809692383,94.16848754882812,82.7645263671875,383.62860107421875,518.4559936523438,135.5721893310547,78.8780746459961,31.69705581665039,101.36908721923828,161.99911499023438,455.9001159667969,83.9726791381836,150.6108856201172,170.85000610351562,40.59434509277344,228.69699096679688,36.15349578857422,211.2541961669922,98.98999786376953,100.06999969482422,90.8165054321289,117.177978515625,189.52000427246094,45.38681411743164,168.92437744140625,344.94769287109375,188.32969665527344,154.06500244140625,290.42333984375,78.99993896484375,131.7091827392578,165.88999938964844,39.48354721069336,114.73999786376953,51.189701080322266,106.59963989257812,40.63689041137695,271.8062744140625,86.27029418945312,577.57958984375,54.73878479003906,99.26195526123047,147.07566833496094,139.41000366210938,283.5639953613281,152.52493286132812,174.95944213867188,243.11135864257812,78.30294799804688,17.764415740966797,83.51166534423828,304.45635986328125,207.29220581054688,23.349000930786133,30.402536392211914,81.86266326904297,187.47215270996094,442.5932922363281,47.66999816894531,132.78216552734375,74.31999969482422,24.86988067626953,106.759521484375,39.77000045776367,147.1990509033203,38.9903564453125,500.9423828125,40.64350128173828,73.11267852783203,366.3154602050781,12.045269012451172,78.29866790771484,235.63011169433594,16.630273818969727,327.60101318359375,434.3399963378906,64.92034149169922,163.264892578125,116.8616943359375,95.74809265136719,60.304378509521484,19.829999923706055,89.66883087158203,45.9599494934082,76.56525421142578,56.33137893676758,104.7877426147461
2022-08-09,159.93447875976562,114.025146484375,635.17626953125,524.22314453125,123.39794158935547,68.27962493896484,31.059999465942383,109.76000213623047,32.843292236328125,94.83346557617188,82.33999633789062,387.87347412109375,512.6389770507812,130.71099853515625,80.13982391357422,32.008087158203125,100.01524353027344,162.0482635498047,451.31927490234375,84.65403747558594,152.06639099121094,160.5500030517578,40.99516677856445,229.7916717529297,35.24868392944336,207.51840209960938,97.49199676513672,95.54000091552734,90.26774597167969,116.54318237304688,186.77999877929688,45.93353271484375,167.21774291992188,339.44281005859375,182.13417053222656,154.6409912109375,283.3333435058594,79.91947937011719,133.42626953125,164.85000610351562,39.675533294677734,105.29000091552734,49.995182037353516,105.64219665527344,40.80904769897461,273.7261657714844,86.6026840209961,574.5332641601562,53.101463317871094,99.84251403808594,145.44607543945312,137.8300018310547,277.41949462890625,152.50706481933594,175.16656494140625,245.94314575195312,79.74663543701172,17.05855369567871,83.3949966430664,306.2212219238281,204.31861877441406,22.993999481201172,30.79290008544922,83.5063705444336,180.05230712890625,446.05841064453125,47.33000183105469,132.4713897705078,69.98999786376953,25.207963943481445,103.11659240722656,36.75,147.70822143554688,39.08991622924805,501.5585021972656,40.553218841552734,73.39950561523438,365.3175354003906,11.59490966796875,77.49483489990234,238.621337890625,16.373456954956055,327.5724792480469,426.57000732421875,65.47991180419922,163.7311553955078,118.35785675048828,93.97755432128906,58.04724884033203,18.670000076293945,91.15452575683594,45.8071174621582,76.85894775390625,56.40293884277344,105.73158264160156
2022-08-10,164.80332946777344,115.81298828125,661.3490600585938,548.384765625,124.00505828857422,68.31451416015625,32.79999923706055,117.76000213623047,33.65199661254883,95.04936981201172,83.28632354736328,389.1768493652344,516.4660034179688,134.82008361816406,80.91492462158203,31.944047927856445,105.99469757080078,166.29306030273438,466.966552734375,86.01675415039062,155.5520782470703,174.39999389648438,41.081058502197266,232.2478485107422,36.52888107299805,214.41807556152344,103.23999786376953,99.05000305175781,92.49169158935547,119.66754150390625,200.8000030517578,46.90352249145508,176.9513702392578,346.1427307128906,187.94715881347656,155.9171600341797,294.3566589355469,79.62486267089844,133.7782745361328,169.02000427246094,40.525718688964844,112.01000213623047,51.64760971069336,109.84326171875,40.94841384887695,280.3778381347656,87.78031158447266,585.8878173828125,51.631587982177734,100.92744445800781,149.45394897460938,142.69000244140625,283.2094421386719,152.94613647460938,179.58270263671875,247.3769073486328,80.50369262695312,18.067930221557617,86.97333526611328,316.4916076660156,206.10667419433594,24.410999298095703,31.836872100830078,83.91732025146484,186.34584045410156,445.5028076171875,47.2599983215332,133.72361755371094,75.38999938964844,25.397619247436523,105.95414733886719,40.61000061035156,149.30140686035156,39.813968658447266,501.98797607421875,41.54629135131836,74.13571166992188,380.9246826171875,11.949542045593262,79.00198364257812,239.814208984375,16.728296279907227,335.84564208984375,438.3999938964844,66.33351135253906,168.49365234375,119.70264434814453,98.38400268554688,60.25531005859375,19.399999618530273,91.47099304199219,47.15816879272461,79.11060333251953,56.93968963623047,108.48988342285156
2022-08-11,163.84934997558594,116.72891998291016,664.486083984375,544.8583374023438,125.00807189941406,67.97420501708984,32.2400016784668,114.77999877929688,33.8613166809082,94.57435607910156,83.17134857177734,388.1450500488281,509.1756591796875,135.59054565429688,80.59947204589844,33.74616241455078,108.37332916259766,165.5561065673828,467.6307067871094,85.76813507080078,156.07875061035156,167.8800048828125,41.477237701416016,230.18724060058594,37.019775390625,211.45712280273438,99.88999938964844,98.12000274658203,91.69261169433594,118.84429931640625,198.05999755859375,47.617794036865234,176.10801696777344,343.4000549316406,188.64694213867188,155.1195831298828,286.6300048828125,79.39275360107422,137.04071044921875,167.8800048828125,41.366764068603516,108.05999755859375,51.18031311035156,114.98223876953125,39.587554931640625,278.3028259277344,90.09757232666016,586.075927734375,52.97121810913086,101.47941589355469,149.39230346679688,140.63999938964844,282.40057373046875,149.78274536132812,182.67112731933594,243.9573516845703,82.83250427246094,17.91318130493164,86.08499908447266,319.9211730957031,205.478759765625,24.270000457763672,32.59944534301758,87.74683380126953,184.48841857910156,442.8380126953125,49.619998931884766,132.7730255126953,72.33999633789062,26.21528434753418,106.8531723022461,40.41999816894531,146.90342712402344,40.157894134521484,497.4508361816406,41.43794631958008,73.77238464355469,374.1141662597656,12.203950881958008,80.16865539550781,237.90565490722656,16.82435417175293,344.9576110839844,434.8900146484375,69.04508209228516,170.2087860107422,119.54232025146484,98.58293914794922,61.158145904541016,18.899999618530273,91.64682006835938,48.23411560058594,80.27647399902344,56.55501937866211,110.09355163574219
2022-08-12,166.83726501464844,118.02359008789062,685.6249389648438,557.9855346679688,125.46559143066406,68.76644134521484,32.470001220703125,115.72000122070312,34.35606002807617,96.09089660644531,83.86119842529297,393.0233459472656,513.9688720703125,138.7640380859375,81.53678894042969,33.974853515625,108.81523132324219,169.1031951904297,475.3371276855469,87.48074340820312,158.80787658691406,168.67999267578125,42.244022369384766,236.21258544921875,38.0015869140625,212.78536987304688,101.302001953125,100.83000183105469,92.37615966796875,121.65125274658203,200.8699951171875,47.952884674072266,179.0945587158203,347.01446533203125,192.6497802734375,157.14895629882812,300.0299987792969,81.25859832763672,137.23818969726562,169.99000549316406,41.99754333496094,109.5199966430664,52.38140106201172,118.77296447753906,41.07957458496094,283.0442810058594,90.00259399414062,596.62939453125,53.07355499267578,104.3821029663086,151.92913818359375,143.5500030517578,286.2181091308594,148.13380432128906,185.3452911376953,247.3145751953125,83.55247497558594,18.67894744873047,87.8133316040039,321.8678894042969,205.7221221923828,24.93000030517578,32.95348358154297,89.83645629882812,187.6104736328125,451.5665588378906,48.79999923706055,134.06182861328125,74.33999633789062,26.423873901367188,108.69805145263672,40.7599983215332,149.20289611816406,40.63758850097656,507.5705871582031,42.07892608642578,75.6750259399414,379.6846923828125,12.473779678344727,81.1240234375,240.56658935546875,17.016477584838867,350.9051208496094,445.6700134277344,71.35706329345703,171.86972045898438,122.22301483154297,100.56234741210938,63.82743835449219,19.399999618530273,93.5280990600586,48.8637809753418,81.57585906982422,56.984413146972656,111.9171371459961
2022-08-15,166.85525512695312,118.83382415771484,689.2634887695312,556.9973754882812,125.19282531738281,68.98651123046875,32.4900016784668,116.19999694824219,34.574886322021484,96.72715759277344,84.19728088378906,396.4356384277344,522.139404296875,139.53456115722656,82.01445007324219,32.71245193481445,106.85968017578125,170.1742706298828,477.847412109375,88.51197814941406,158.3865203857422,170.44000244140625,42.36544418334961,238.90789794921875,37.924583435058594,215.11917114257812,100.81400299072266,101.01000213623047,92.24137878417969,121.8793716430664,201.82000732421875,47.67951965332031,179.48150634765625,352.578125,194.11471557617188,158.87701416015625,309.32000732421875,80.8836669921875,134.62826538085938,170.47000122070312,41.823848724365234,113.2300033569336,52.44989776611328,121.40107727050781,40.784446716308594,284.5569152832031,89.46126556396484,597.8954467773438,53.93872833251953,104.30597686767578,152.73069763183594,143.17999267578125,285.96356201171875,148.84176635742188,184.5072479248047,250.69850158691406,82.0592041015625,19.00143051147461,87.961669921875,323.7146301269531,210.67706298828125,24.910999298095703,32.9080924987793,88.50151062011719,188.76644897460938,458.4307556152344,51.130001068115234,135.7893829345703,75.8499984741211,25.831480026245117,108.93218231201172,39.84000015258789,151.22311401367188,40.465614318847656,508.4480895996094,42.060874938964844,75.63676452636719,378.88055419921875,12.581710815429688,81.90486907958984,243.5578155517578,17.040000915527344,348.89398193359375,451.0199890136719,72.17528533935547,172.7001495361328,123.23822784423828,100.97016906738281,63.49378204345703,19.290000915527344,93.42261505126953,48.79042434692383,81.89625549316406,57.70008087158203,112.21955108642578
2022-08-16,165.0193328857422,120.26937103271484,690.4033203125,548.9951171875,125.42158508300781,69.60269927978516,32.380001068115234,113.54000091552734,34.43216323852539,97.71202850341797,84.29456329345703,398.3814697265625,529.094970703125,137.60838317871094,81.59085845947266,32.54780197143555,108.5519790649414,170.01702880859375,476.82171630859375,87.51756286621094,158.33868408203125,167.35000610351562,44.5284423828125,239.2114715576172,37.52994155883789,219.74049377441406,99.3479995727539,100.19999694824219,90.69134521484375,121.51239013671875,200.41000366210938,47.77652359008789,178.0725860595703,351.8924560546875,199.78775024414062,159.79869079589844,306.5633239746094,80.87471771240234,134.28482055664062,172.0800018310547,42.10725402832031,109.19000244140625,51.76396942138672,122.08496856689453,40.87462615966797,283.820068359375,87.98924255371094,595.5414428710938,53.29682540893555,105.69544219970703,159.71533203125,144.77999877929688,297.5708923339844,150.16807556152344,185.98561096191406,247.96469116210938,81.29478454589844,18.848674774169922,87.42500305175781,322.9140930175781,211.37799072265625,24.569000244140625,33.26213455200195,87.9130859375,187.3140869140625,457.1407775878906,49.34000015258789,137.0415802001953,73.7699966430664,25.806453704833984,110.56166076660156,39.58000183105469,149.72024536132812,40.7552375793457,509.829833984375,42.22337341308594,76.02877044677734,376.6329345703125,12.66651439666748,82.12532043457031,244.3377685546875,16.881206512451172,352.6398620605469,447.55999755859375,73.43116760253906,173.09442138671875,122.10721588134766,101.53713989257812,62.6694450378418,19.34000015258789,93.56327056884766,49.56069564819336,81.71824645996094,58.17420959472656,113.29169464111328
2022-08-17,159.03451538085938,121.3526382446289,677.7730102539062,539.888671875,124.44498443603516,69.7611312866211,30.719999313354492,110.0199966430664,34.042083740234375,97.64230346679688,83.9408187866211,399.6757507324219,532.2521362304688,136.23255920410156,81.29344940185547,32.383148193359375,106.81266784667969,171.51055908203125,467.171630859375,87.46231842041016,156.9501953125,161.2899932861328,44.57636642456055,239.8094482421875,36.9620361328125,215.31288146972656,97.75199890136719,98.2699966430664,89.48790740966797,119.34022521972656,196.88999938964844,47.406158447265625,173.48855590820312,348.0527038574219,200.95404052734375,159.71006774902344,303.9966735839844,81.27645874023438,135.392333984375,167.1999969482422,42.180389404296875,102.37999725341797,50.538482666015625,119.98443603515625,40.39095687866211,283.07183837890625,85.25411987304688,589.537841796875,52.23628616333008,106.30451965332031,155.41641235351562,142.10000610351562,296.0984191894531,150.17703247070312,184.48843383789062,247.08303833007812,81.95255279541016,18.30554962158203,85.75166320800781,321.7951354980469,208.82748413085938,24.114999771118164,33.053340911865234,89.0196762084961,185.70367431640625,463.74127197265625,47.5099983215332,136.41091918945312,69.58999633789062,26.1068172454834,109.6064453125,37.29999923706055,149.0304412841797,40.556121826171875,508.7842102050781,42.12406539916992,75.77062225341797,375.6253967285156,12.358139991760254,81.1607666015625,244.82412719726562,17.08704948425293,347.5977478027344,437.82000732421875,71.79470825195312,171.94517517089844,122.35655212402344,98.89128112792969,60.47121047973633,17.969999313354492,92.23582458496094,48.85767364501953,81.29996490478516,58.040016174316406,112.33866882324219
2022-08-18,160.60946655273438,122.47992706298828,679.5967407226562,543.7830200195312,124.31298828125,70.17486572265625,30.149999618530273,109.44999694824219,34.44168472290039,98.12167358398438,84.232666015625,397.64837646484375,536.69140625,138.8466033935547,81.32949829101562,33.96571350097656,107.03832244873047,171.11752319335938,466.6442565917969,87.71237182617188,157.6683349609375,161.75,44.43259048461914,240.0393829345703,37.270050048828125,216.65037536621094,97.91999816894531,100.44000244140625,89.01615905761719,119.8758316040039,195.75999450683594,47.220977783203125,173.30003356933594,350.04119873046875,201.98048400878906,159.86956787109375,302.8699951171875,81.59785461425781,137.76608276367188,168.69000244140625,42.180389404296875,103.18000030517578,52.402042388916016,119.84765625,39.82530212402344,281.95440673828125,86.17532348632812,588.5188598632812,51.343196868896484,107.18009948730469,153.38665771484375,142.3000030517578,295.5984191894531,149.45115661621094,185.82550048828125,245.32870483398438,83.89022827148438,18.74284553527832,86.30833435058594,322.50469970703125,209.53811645507812,24.517000198364258,32.93532943725586,92.11112976074219,185.67401123046875,464.0896911621094,46.83000183105469,136.89535522460938,69.75,26.632455825805664,108.64187622070312,36.86000061035156,148.68548583984375,40.42036437988281,508.989501953125,44.570613861083984,75.8375473022461,375.2863464355469,12.45064926147461,81.34449005126953,244.60391235351562,17.032161712646484,350.7430725097656,439.0299987792969,72.07061767578125,174.5204315185547,121.67972564697266,99.32894897460938,61.805850982666016,17.600000381469727,91.11054992675781,48.42362594604492,81.6381607055664,58.34416580200195,111.4681167602539
2022-08-19,158.80047607421875,121.86345672607422,650.9893798828125,528.24365234375,124.80573272705078,70.56217956542969,29.010000228881836,105.7300033569336,33.66151809692383,98.69690704345703,84.02040100097656,398.2637939453125,530.5394287109375,135.3795928955078,80.8518295288086,33.95656204223633,105.4964370727539,168.5333251953125,453.155517578125,86.49916076660156,155.3605499267578,153.94000244140625,43.777618408203125,239.0091094970703,38.21335220336914,213.7539520263672,95.25199890136719,95.94999694824219,88.20745086669922,117.15814208984375,190.52000427246094,46.39207458496094,166.65219116210938,347.0242919921875,197.21249389648438,159.66574096679688,296.6666564941406,82.20494079589844,136.61386108398438,162.9199981689453,41.45818328857422,99.5,51.46181869506836,117.3758773803711,40.29258346557617,278.04815673828125,85.12117004394531,582.1294555664062,50.88734817504883,103.82058715820312,148.05955505371094,138.22999572753906,292.0627136230469,151.72735595703125,184.17770385742188,244.3669891357422,83.62358856201172,17.820327758789062,85.58499908447266,317.7288513183594,207.17262268066406,24.115999221801758,32.209075927734375,92.33948516845703,181.56396484375,462.08416748046875,45.7599983215332,136.85879516601562,65.91999816894531,26.290372848510742,105.9728775024414,34.20000076293945,147.9381561279297,39.72346115112305,511.8835144042969,43.96575927734375,75.20653533935547,368.0592346191406,12.242497444152832,79.84712982177734,244.5671844482422,17.00275421142578,352.3348693847656,425.05999755859375,70.2724380493164,174.83920288085938,119.40876770019531,96.0464859008789,59.38189697265625,16.649999618530273,91.47099304199219,47.51273727416992,80.1073989868164,58.299434661865234,108.70983123779297
2022-08-22,154.29164123535156,119.37985229492188,633.8446655273438,503.83978271484375,123.47713470458984,69.6379165649414,28.0,101.8499984741211,32.19631576538086,97.65974426269531,82.33113098144531,391.2946472167969,521.8716430664062,129.88551330566406,79.79737091064453,33.77360534667969,102.47846221923828,164.65211486816406,435.7403869628906,84.99886322021484,151.0130615234375,151.61000061035156,42.99485397338867,235.84461975097656,37.106414794921875,206.2269744873047,91.94200134277344,92.83999633789062,85.13626098632812,114.13298034667969,185.8800048828125,45.192813873291016,161.7804412841797,338.4338684082031,195.93417358398438,158.1414794921875,289.913330078125,81.38361358642578,135.92942810058594,158.97999572753906,40.598854064941406,97.44000244140625,49.61514663696289,113.27249908447266,40.08763885498047,269.88604736328125,85.50104522705078,569.824951171875,51.464134216308594,102.62146759033203,143.55674743652344,133.22000122070312,283.7821350097656,151.19512939453125,180.56190490722656,240.2171630859375,83.56137084960938,17.006641387939453,84.67500305175781,311.4974060058594,203.07432556152344,22.65399932861328,31.519140243530273,92.42729949951172,174.85543823242188,455.9073181152344,47.93000030517578,136.4931640625,63.060001373291016,26.45724105834961,103.33195495605469,33.18000030517578,145.35946655273438,39.135169982910156,508.3828430175781,43.071998596191406,73.10311126708984,364.69769287109375,11.625746726989746,78.03742980957031,241.27316284179688,16.708688735961914,352.3157653808594,411.3500061035156,69.02605438232422,173.1363525390625,116.61234283447266,93.08234405517578,57.22291564941406,15.520000457763672,89.96772003173828,45.715423583984375,78.72792053222656,57.43170928955078,106.91372680664062
2022-08-23,155.26364135742188,118.66651153564453,635.595703125,509.34246826171875,122.31575012207031,69.35621643066406,27.809999465942383,102.98999786376953,32.30097579956055,96.7707290649414,79.7928466796875,392.0097351074219,518.6185913085938,129.06918334960938,79.29265594482422,36.00566101074219,103.24002075195312,164.31802368164062,439.1003112792969,85.60082244873047,150.6587677001953,153.07000732421875,42.8127326965332,235.2834930419922,37.11604309082031,207.7858428955078,91.99800109863281,92.48999786376953,84.1157455444336,113.83541107177734,192.36000061035156,44.92827606201172,159.8555450439453,333.9084777832031,193.58287048339844,158.07058715820312,296.4533386230469,80.52655792236328,140.3391571044922,160.07000732421875,40.562278747558594,81.31999969482422,49.711795806884766,112.21733856201172,39.35802459716797,268.6131591796875,85.31111145019531,566.7193603515625,53.213096618652344,101.30812072753906,143.5656280517578,133.6199951171875,278.9555969238281,149.8779296875,185.69369506835938,236.19204711914062,87.10790252685547,17.15340232849121,94.9183349609375,309.4596862792969,201.31234741210938,22.454999923706055,31.23772621154785,95.24649047851562,173.88722229003906,454.673828125,50.5099983215332,133.86074829101562,61.040000915527344,27.158098220825195,103.65039825439453,32.470001220703125,142.16482543945312,38.89080047607422,500.19549560546875,42.80116271972656,73.05532836914062,361.1614990234375,11.810771942138672,77.79859161376953,239.0618133544922,16.471479415893555,357.31011962890625,410.4100036621094,69.25440216064453,172.18844604492188,114.40370178222656,92.70436096191406,56.78129577636719,15.350000381469727,88.90400695800781,46.52238082885742,78.58551788330078,57.49430847167969,105.8598861694336
2022-08-24,154.96661376953125,117.33660125732422,638.7418823242188,509.042236328125,121.3391342163086,69.42665100097656,28.709999084472656,105.30000305175781,32.21533966064453,96.68356323242188,78.96147918701172,392.5437316894531,519.7188720703125,129.61033630371094,79.95059204101562,36.508792877197266,103.75711059570312,164.61279296875,454.9331359863281,86.41581726074219,152.38243103027344,159.49000549316406,43.12265396118164,235.62388610839844,37.78020095825195,208.52381896972656,91.50399780273438,92.7300033569336,84.16387939453125,113.76598358154297,194.6199951171875,44.98117446899414,161.98878479003906,332.7526550292969,194.45997619628906,158.85931396484375,297.0966796875,80.35693359375,141.37876892089844,163.60000610351562,40.809112548828125,83.61000061035156,49.81126022338867,113.731689453125,38.88254165649414,267.9815368652344,87.86578369140625,566.8973388671875,55.296966552734375,101.75541687011719,144.59381103515625,133.8000030517578,280.0554504394531,149.38174438476562,182.82180786132812,235.52413940429688,87.6234359741211,17.194337844848633,94.13500213623047,311.0607604980469,201.1858367919922,22.961000442504883,31.337581634521484,97.06446075439453,177.84909057617188,460.332763671875,53.209999084472656,133.28492736816406,60.95000076293945,26.9411678314209,104.33403015136719,33.290000915527344,143.58558654785156,38.899845123291016,500.81170654296875,42.49420928955078,72.82585144042969,363.9807434082031,11.964960098266602,79.04792785644531,239.35543823242188,16.498924255371094,363.5055236816406,405.6499938964844,69.7586669921875,170.31785583496094,116.77263641357422,93.26139068603516,57.22291564941406,15.390000343322754,89.03585815429688,46.91363525390625,78.85250854492188,57.5748405456543,106.11647033691406
2022-08-25,159.574462890625,117.99715423583984,648.0254516601562,522.8958129882812,122.58850860595703,69.64671325683594,29.6200008392334,110.37999725341797,33.1953125,96.48309326171875,81.49095153808594,397.0057373046875,526.9423828125,134.14137268066406,80.56343078613281,36.74662399291992,106.85968017578125,167.0692901611328,455.01141357421875,89.02747344970703,155.3509521484375,196.27999877929688,43.41019058227539,237.52806091308594,38.87751388549805,210.3409881591797,93.20600128173828,97.18000030517578,84.91483306884766,116.74154663085938,202.94000244140625,45.907081604003906,167.4658203125,337.611083984375,196.83924865722656,158.86819458007812,296.07000732421875,80.58904266357422,142.6176300048828,169.3800048828125,41.4947395324707,85.72000122070312,51.6213264465332,114.75752258300781,39.26784896850586,270.9548645019531,94.86503601074219,579.0828247070312,60.385704040527344,101.84107208251953,148.46730041503906,137.27999877929688,281.57342529296875,150.78013610839844,187.26617431640625,238.87245178222656,88.07677459716797,17.88422393798828,95.93000030517578,315.19989013671875,204.25221252441406,23.398000717163086,31.900423049926758,98.43456268310547,171.82232666015625,465.5962219238281,59.83000183105469,133.1752166748047,61.939998626708984,27.258214950561523,106.02906799316406,34.34000015258789,145.70437622070312,39.3704833984375,505.5821533203125,42.674766540527344,73.51423645019531,368.6025695800781,12.281044960021973,80.27889251708984,240.91529846191406,16.714570999145508,369.95819091796875,403.92999267578125,70.40563201904297,171.96197509765625,118.25100708007812,96.20564270019531,60.05903244018555,15.84000015258789,89.80069732666016,47.76950454711914,80.01839447021484,57.85215759277344,108.63652801513672
2022-08-26,152.5366668701172,114.82660675048828,616.87353515625,494.0258483886719,119.96658325195312,68.83686065673828,28.579999923706055,106.7300033569336,31.73963165283203,94.76610565185547,79.09416198730469,390.2086181640625,508.81207275390625,126.9229736328125,79.36475372314453,36.060550689697266,103.2494125366211,160.7708740234375,438.02587890625,86.61028289794922,150.6396026611328,197.7100067138672,42.04594421386719,230.417236328125,37.760948181152344,201.23666381835938,88.93800354003906,91.18000030517578,81.1023178100586,110.39368438720703,194.55999755859375,43.89655303955078,160.5203094482422,325.1613464355469,187.53660583496094,155.1195831298828,288.0899963378906,79.68736267089844,141.56935119628906,164.52999877929688,40.19661331176758,81.41000366210938,48.87479019165039,111.44551849365234,38.382476806640625,260.4994812011719,93.07010650634766,557.5603637695312,59.036766052246094,98.58625030517578,142.36903381347656,130.75,270.9569091796875,148.19989013671875,180.71263122558594,232.59434509277344,86.99235534667969,16.233882904052734,93.44833374023438,306.02105712890625,197.50611877441406,22.327999114990234,30.89275360107422,98.46968078613281,163.2465057373047,458.39617919921875,57.56999969482422,130.058349609375,58.02000045776367,26.97454261779785,101.40282440185547,32.41999816894531,142.41122436523438,38.01288604736328,494.0807189941406,41.42892074584961,71.37258911132812,353.494140625,11.880157470703125,77.21985626220703,235.76779174804688,16.01861572265625,361.5992736816406,381.0199890136719,68.39810943603516,166.87020874023438,114.30575561523438,92.20701599121094,56.55559539794922,14.970000267028809,87.96334838867188,46.01498031616211,77.25942993164062,56.45661926269531,105.08096313476562
2022-08-29,151.1417236328125,114.76495361328125,616.3720092773438,484.2798156738281,119.40348052978516,69.2593994140625,28.739999771118164,105.29000091552734,31.34002685546875,95.17573547363281,78.63424682617188,388.896240234375,508.0849609375,125.73059844970703,78.80778503417969,36.93874740600586,100.78618621826172,158.56991577148438,426.6371765136719,85.3137435913086,147.98707580566406,186.42999267578125,42.454891204833984,228.9453582763672,38.03046798706055,199.91751098632812,87.15599822998047,88.48999786376953,81.4296646118164,109.44148254394531,192.0500030517578,43.535011291503906,157.93063354492188,322.6048278808594,187.6112518310547,154.6321563720703,284.82000732421875,78.19645690917969,142.6262969970703,165.4199981689453,40.15089416503906,81.0,48.24797439575195,110.9179458618164,37.898807525634766,257.7204895019531,91.74053192138672,550.616943359375,57.976226806640625,96.682861328125,140.65834045410156,129.7899932861328,269.3389892578125,147.0541534423828,180.58078002929688,231.28524780273438,88.99227142333984,15.775618553161621,93.16500091552734,303.7650146484375,196.96095275878906,22.457000732421875,30.774738311767578,99.6114273071289,158.2867889404297,459.0386962890625,66.04000091552734,129.5099334716797,58.0,27.091352462768555,101.02822875976562,31.940000534057617,142.44407653808594,37.79566192626953,494.56634521484375,41.266414642333984,70.93279266357422,350.5229187011719,12.003507614135742,77.27497100830078,234.58409118652344,15.946084976196289,362.7716064453125,375.260009765625,68.4457015991211,165.4777374267578,113.36173248291016,92.167236328125,55.94715118408203,14.729999542236328,88.20072174072266,46.491825103759766,75.9600601196289,56.11668014526367,104.82437896728516
2022-08-30,150.06175231933594,114.12203979492188,613.4811401367188,477.6339111328125,119.2626953125,68.29110717773438,28.709999084472656,104.61000061035156,30.693056106567383,93.8509521484375,77.16609954833984,384.7599792480469,501.4643249511719,123.28163146972656,77.61235809326172,35.383609771728516,100.43831634521484,156.1429443359375,423.1209716796875,84.11904907226562,148.10195922851562,184.74000549316406,42.32709884643555,225.91888427734375,37.750694274902344,196.91966247558594,87.36799621582031,86.94000244140625,81.37189483642578,109.01499938964844,193.2949981689453,43.2792854309082,155.936279296875,321.0964050292969,184.01895141601562,153.30287170410156,277.70001220703125,77.56258392333984,139.15225219726562,162.2100067138672,40.35201644897461,81.41999816894531,47.51700973510742,109.84326171875,37.5872802734375,255.5245361328125,89.11937713623047,548.2431030273438,57.222686767578125,95.65505981445312,142.5108642578125,128.72999572753906,266.4122009277344,146.53985595703125,176.02342224121094,225.65716552734375,85.60572814941406,15.443154335021973,93.27999877929688,303.501220703125,196.03614807128906,22.065000534057617,30.947229385375977,97.04692077636719,157.75326538085938,454.42755126953125,66.5,128.12973022460938,58.56999969482422,26.21528434753418,101.0094985961914,31.360000610351562,139.75039672851562,37.7232551574707,488.09686279296875,40.84211349487305,70.88495635986328,345.24078369140625,11.910994529724121,76.62276458740234,232.5929718017578,15.828459739685059,351.4578552246094,375.07000732421875,68.97847747802734,163.61553955078125,111.90117645263672,91.31180572509766,55.2503776550293,14.720000267028809,86.855712890625,45.92939376831055,75.14127349853516,55.59782409667969,104.84272766113281
2022-08-31,148.68479919433594,113.1268310546875,607.7085571289062,474.6500244140625,118.30367279052734,67.8421630859375,28.760000228881836,104.94999694824219,30.36957550048828,93.17986297607422,77.75867462158203,382.755615234375,499.51251220703125,121.99955749511719,77.03275299072266,34.89878463745117,99.48875427246094,154.4822998046875,421.7340087890625,83.11885070800781,145.55471801757812,180.9499969482422,42.34946823120117,224.8333740234375,36.863121032714844,194.456787109375,86.92400360107422,84.87000274658203,82.04582214355469,108.26119232177734,182.61000061035156,43.04119873046875,161.661376953125,317.726806640625,181.14511108398438,152.66482543945312,275.6099853515625,76.20559692382812,136.93441772460938,160.25,39.958919525146484,80.4000015258789,46.833885192871094,109.50131225585938,37.079010009765625,254.06698608398438,90.61041259765625,539.3709106445312,59.06467819213867,95.97862243652344,142.12083435058594,126.7699966430664,263.86883544921875,145.55650329589844,173.92364501953125,226.2360076904297,84.96575927734375,15.069753646850586,92.80166625976562,304.9127502441406,193.4370574951172,22.356000900268555,30.511476516723633,96.12476348876953,154.245849609375,451.649658203125,71.30000305175781,126.08229064941406,58.220001220703125,25.731359481811523,99.68904876708984,31.649999618530273,140.29244995117188,37.58749771118164,484.820068359375,40.37266159057617,70.89454650878906,341.9588928222656,11.749096870422363,77.22903442382812,232.7498321533203,15.555959701538086,348.1314392089844,373.44000244140625,67.50377655029297,163.16256713867188,110.88591766357422,92.9430923461914,55.47608947753906,14.729999542236328,86.28428649902344,44.896240234375,75.8443603515625,55.20421600341797,104.21958923339844
2022-09-01,149.53977966308594,114.19249725341797,606.3040771484375,455.2548522949219,121.81425476074219,69.33860778808594,28.920000076293945,97.13999938964844,30.217350006103516,94.29546356201172,78.29815673828125,385.0333251953125,506.2766418457031,119.83203125,78.1195297241211,33.70956802368164,98.53916931152344,155.20947265625,415.6001892089844,81.52593231201172,144.70248413085938,173.14999389648438,42.966094970703125,226.25924682617188,37.20078659057617,196.4972686767578,86.11199951171875,82.33000183105469,80.85201263427734,109.6497802734375,172.97000122070312,42.988285064697266,164.07244873046875,318.58880615234375,182.65667724609375,154.20823669433594,277.1600036621094,77.80364990234375,134.751220703125,153.66000366210938,39.94978713989258,81.13999938964844,46.16765213012695,109.94095611572266,38.22671127319336,253.02728271484375,88.99591827392578,544.7417602539062,58.71116256713867,97.11112976074219,146.1094970703125,127.81999969482422,268.3974609375,149.16519165039062,171.7861785888672,229.43299865722656,83.43694305419922,13.914613723754883,90.85832977294922,305.67352294921875,194.81935119628906,23.003999710083008,30.584577560424805,94.4384994506836,151.68695068359375,453.8511657714844,71.41999816894531,127.63618469238281,55.70000076293945,25.522769927978516,99.72650909423828,31.270000457763672,141.25326538085938,37.43363952636719,489.17962646484375,40.88724899291992,71.99405670166016,341.7550354003906,11.710550308227539,78.4508056640625,236.61546325683594,15.463820457458496,346.7208251953125,370.5299987792969,68.23637390136719,164.9241485595703,110.69889831542969,92.167236328125,56.241554260253906,14.670000076293945,87.84909057617188,44.6761589050293,76.6898422241211,55.463645935058594,104.93436431884766
2022-09-02,146.6958465576172,112.54556274414062,600.112060546875,452.6099548339844,119.90498352050781,68.54637908935547,29.049999237060547,96.94000244140625,29.703577041625977,93.25828552246094,77.12188720703125,381.35260009765625,496.6519470214844,118.50385284423828,77.0780258178711,34.82560348510742,97.98446655273438,153.09689331054688,410.28668212890625,81.1184310913086,143.43846130371094,171.49000549316406,42.49324035644531,219.37835693359375,37.11395263671875,193.58494567871094,86.9020004272461,80.23999786376953,80.16844940185547,107.79500579833984,172.4499969482422,43.067649841308594,159.07168579101562,315.9538879394531,182.42340087890625,152.25439453125,270.2099914550781,76.98231506347656,136.75245666503906,151.82000732421875,39.65724563598633,80.79000091552734,46.938045501708984,108.64154815673828,37.464317321777344,248.81016540527344,87.1820068359375,537.6204223632812,57.01802062988281,96.3878402709961,145.8967742919922,127.51000213623047,267.0526428222656,146.81956481933594,170.27020263671875,223.38638305664062,84.96575927734375,13.625078201293945,89.86666870117188,303.8219909667969,192.51220703125,22.611000061035156,30.548023223876953,96.83615112304688,151.84506225585938,450.66693115234375,72.19000244140625,125.36934661865234,54.45000076293945,25.97332191467285,99.3085708618164,30.110000610351562,137.77120971679688,37.2164192199707,482.03802490234375,40.25529861450195,71.40126037597656,337.5409240722656,11.687420845031738,76.19100952148438,234.80718994140625,15.140350341796875,345.2434997558594,368.1400146484375,66.92339324951172,164.45437622070312,108.55260467529297,90.64537048339844,55.27983093261719,14.600000381469727,87.41831970214844,44.27878952026367,76.89454650878906,54.703250885009766,104.20124816894531
2022-09-06,146.7858428955078,111.60322570800781,607.8756103515625,455.2548522949219,121.05754852294922,68.46714782714844,28.889999389648438,92.33000183105469,28.885345458984375,93.04911804199219,76.23745727539062,380.63275146484375,496.4510498046875,116.83439636230469,79.1247787475586,34.33393859863281,96.05711364746094,151.8391571044922,409.0169372558594,80.72020721435547,142.29893493652344,169.8000030517578,42.282371520996094,219.06561279296875,37.34549331665039,189.36488342285156,86.09400177001953,78.72000122070312,81.03492736816406,106.60477447509766,171.14999389648438,42.52092742919922,157.30552673339844,317.44268798828125,180.04408264160156,151.2284393310547,274.4200134277344,77.15192413330078,136.1200714111328,152.38999938964844,39.20014953613281,80.0199966430664,46.748497009277344,107.55708312988281,37.513492584228516,246.07969665527344,84.00051879882812,539.202880859375,55.21323776245117,95.08401489257812,144.99269104003906,126.11000061035156,264.89349365234375,147.21652221679688,170.11012268066406,226.351806640625,84.39688110351562,13.443371772766113,88.42333221435547,299.2483215332031,193.368896484375,21.839000701904297,30.209918975830078,95.40458679199219,149.898681640625,453.30316162109375,66.62000274658203,123.97087097167969,53.79999923706055,25.97332191467285,98.75444793701172,29.84000015258789,138.9784393310547,37.234519958496094,483.27972412109375,40.146968841552734,70.58859252929688,346.4351501464844,11.587200164794922,77.64242553710938,234.69650268554688,14.775712966918945,344.1378479003906,368.29998779296875,67.04711151123047,164.37889099121094,110.25360870361328,91.1277847290039,54.20032501220703,13.970000267028809,86.79415130615234,44.11372375488281,75.7642593383789,54.730079650878906,104.22874450683594
2022-09-07,149.23379516601562,112.47511291503906,619.4425048828125,461.80389404296875,122.04304504394531,70.20128631591797,30.030000686645508,95.62000274658203,29.1612606048584,96.09089660644531,77.04229736328125,382.782958984375,506.7264099121094,118.61454010009766,81.72392272949219,34.05823516845703,98.6143798828125,153.24429321289062,425.16229248046875,80.98877716064453,145.79412841796875,177.75999450683594,43.3686637878418,222.35887145996094,38.69614791870117,186.99981689453125,88.83200073242188,79.61000061035156,82.3827896118164,109.58035278320312,171.9600067138672,42.88247299194336,159.1411590576172,321.8897705078125,187.8258819580078,154.56507873535156,283.70001220703125,77.55367279052734,134.37872314453125,155.9499969482422,40.077762603759766,81.0199966430664,47.39877700805664,110.09728240966797,37.81682586669922,250.78262329101562,86.04236602783203,545.701171875,55.706298828125,97.35858154296875,151.3834228515625,129.47999572753906,272.1484680175781,148.0194549560547,170.2984619140625,231.08934020996094,83.67691040039062,13.696039199829102,90.0,302.9788513183594,195.10162353515625,22.895999908447266,30.67596435546875,93.76226043701172,151.43997192382812,460.900146484375,68.41000366210938,125.8446273803711,55.13999938964844,25.589521408081055,101.88192749023438,30.979999542236328,142.63294982910156,38.402061462402344,487.01385498046875,40.64350128173828,71.2196273803711,352.9794616699219,11.895576477050781,81.1240234375,238.41452026367188,14.60515308380127,348.7891845703125,379.7200012207031,68.30297088623047,164.65567016601562,112.77395629882812,94.46495056152344,53.97461700439453,14.6899995803833,88.50841522216797,44.981834411621094,77.3039321899414,55.74095916748047,106.2081298828125
2022-09-08,151.56471252441406,113.14445495605469,635.70458984375,467.6844177246094,123.6355209350586,69.90198516845703,30.68000030517578,97.88999938964844,29.25640106201172,95.17573547363281,77.73213958740234,382.3365173339844,506.22900390625,118.84513092041016,81.7510757446289,35.07832336425781,100.07164764404297,151.77040100097656,428.8250732421875,80.16453552246094,147.01031494140625,179.47999572753906,43.589111328125,223.52296447753906,39.0723991394043,188.15916442871094,90.15399932861328,82.77999877929688,82.1324691772461,108.52897644042969,179.875,44.00237274169922,160.79812622070312,323.3101501464844,190.69970703125,154.04762268066406,289.260009765625,78.04469299316406,135.1063995361328,157.7899932861328,41.34848403930664,80.2300033569336,48.03684997558594,109.74555206298828,38.595619201660156,251.2004852294922,85.01669311523438,560.379150390625,55.73420715332031,98.22460174560547,152.36729431152344,129.82000732421875,274.37158203125,149.21034240722656,172.45474243164062,233.02178955078125,84.36134338378906,13.97167682647705,91.20833587646484,307.3965759277344,195.3839569091797,22.743999481201172,31.662853240966797,95.13232421875,155.01649475097656,462.74273681640625,68.19000244140625,126.0091781616211,57.95000076293945,25.61454963684082,102.11670684814453,31.940000534057617,143.08460998535156,39.66010665893555,492.4564208984375,40.95947265625,71.37258911132812,356.4071044921875,11.926413536071777,82.18043518066406,239.9459991455078,14.54438304901123,351.2101135253906,383.6300048828125,69.60643005371094,164.52145385742188,113.91390228271484,95.65856170654297,54.35734939575195,17.170000076293945,89.89740753173828,45.09797668457031,78.71011352539062,55.57099533081055,108.68231964111328
2022-09-09,153.66165161132812,113.77857971191406,638.9569091796875,485.3648681640625,124.4273910522461,69.99881744384766,31.780000686645508,100.54000091552734,29.931913375854492,95.7684097290039,79.3594741821289,384.04931640625,513.3660278320312,121.79666900634766,81.41600036621094,36.43844985961914,101.83916473388672,154.6297149658203,439.55938720703125,81.53520202636719,151.72169494628906,188.19000244140625,43.72011184692383,225.7033233642578,39.83456039428711,193.90960693359375,94.00599670410156,85.44999694824219,83.82691192626953,110.86976623535156,190.86000061035156,44.68136215209961,167.83290100097656,328.9716796875,191.8846893310547,154.53834533691406,299.67999267578125,77.97325897216797,138.58914184570312,157.52000427246094,41.43989944458008,82.62000274658203,49.0192985534668,112.52998352050781,39.218658447265625,256.9722900390625,87.50489044189453,563.1882934570312,56.19935607910156,98.40544128417969,153.91844177246094,133.27000427246094,274.2525939941406,149.49903869628906,178.42453002929688,232.9505157470703,85.77462768554688,14.368158340454102,94.12833404541016,311.7227783203125,199.7548065185547,23.35700035095215,31.9278507232666,98.33793640136719,160.63821411132812,464.33013916015625,69.76000213623047,127.92866516113281,64.04000091552734,26.44055938720703,104.220458984375,34.810001373291016,143.34744262695312,39.94972610473633,491.0329895019531,41.320587158203125,72.57727813720703,358.6985778808594,11.887866973876953,81.47310638427734,239.42933654785156,14.77767276763916,354.803466796875,394.7799987792969,70.91940307617188,166.66893005371094,115.44567108154297,95.71825408935547,56.36913299560547,18.110000610351562,89.80069732666016,45.263038635253906,79.6178970336914,55.749900817871094,109.20465087890625
2022-09-12,153.51763916015625,115.07318878173828,640.1973266601562,489.17218017578125,125.14884185791016,70.55339813232422,32.5,104.38999938964844,30.02705955505371,96.63997650146484,81.4201889038086,381.41632080078125,516.1790161132812,122.67288208007812,82.2401123046875,36.89794921875,103.22122192382812,160.58419799804688,444.7751159667969,81.31291961669922,155.56166076660156,195.2100067138672,44.113094329833984,225.3799285888672,40.5677604675293,198.3336639404297,95.25800323486328,84.63999938964844,85.63688659667969,110.95903778076172,195.10000610351562,44.857723236083984,167.64442443847656,331.48907470703125,192.58445739746094,155.14498901367188,304.4200134277344,78.70532989501953,140.78099060058594,158.72000122070312,41.62273025512695,84.08000183105469,49.64424133300781,113.71214294433594,39.153076171875,259.1003723144531,89.92662811279297,572.8714599609375,57.48316955566406,99.0621109008789,154.0957489013672,136.4499969482422,272.2125244140625,149.43588256835938,181.16456604003906,236.06729125976562,86.7612533569336,14.486001968383789,94.68000030517578,313.9958190917969,201.14688110351562,23.652999877929688,32.229400634765625,100.46331024169922,163.64170837402344,455.7220458984375,71.55999755859375,128.97064208984375,65.66000366210938,26.80767250061035,105.54470825195312,35.15999984741211,145.21987915039062,40.07644271850586,497.50408935546875,41.88934326171875,73.69589233398438,360.7181701660156,11.980378150939941,81.82217407226562,240.21351623535156,14.824723243713379,356.49993896484375,396.3599853515625,71.28094482421875,167.91038513183594,115.95330047607422,97.13069915771484,56.85981369018555,18.190000534057617,90.58309936523438,46.0455436706543,80.23197937011719,55.91092300415039,110.49675750732422
2022-09-13,146.38082885742188,112.06999969482422,592.5138549804688,456.39801025390625,121.88462829589844,68.86328887939453,31.31999969482422,96.62999725341797,27.867321014404297,94.29546356201172,79.88127899169922,372.9341125488281,488.22308349609375,115.2294921875,80.47415161132812,35.35403060913086,94.99473571777344,151.1611785888672,419.32147216796875,77.53436279296875,148.76271057128906,187.42999267578125,43.202518463134766,217.16665649414062,39.10133743286133,190.4500274658203,90.47599792480469,77.02999877929688,82.6619873046875,104.45244598388672,184.6999969482422,43.208736419677734,151.93768310546875,318.7749328613281,180.6692657470703,149.35491943359375,292.1300048828125,77.02694702148438,138.10397338867188,147.30999755859375,39.51097106933594,78.86000061035156,47.25990676879883,109.18867492675781,37.86601257324219,244.85537719726562,84.9692153930664,553.7127075195312,53.42706298828125,95.03643035888672,147.35043334960938,126.81999969482422,254.2717742919922,145.5474853515625,173.5469970703125,226.75253295898438,84.73465728759766,13.113802909851074,91.4800033569336,300.9898376464844,194.37155151367188,21.812999725341797,31.068889617919922,98.65411376953125,156.2021026611328,443.0888671875,67.81999969482422,126.30162811279297,60.93000030517578,26.507307052612305,99.28978729248047,32.70000076293945,138.89633178710938,39.922576904296875,481.31231689453125,39.821956634521484,72.7015609741211,346.1632385253906,11.363627433776855,80.69227600097656,234.64111328125,14.117010116577148,346.2729187011719,368.3900146484375,69.40662384033203,161.65261840820312,111.3935546875,94.5047378540039,52.62034606933594,16.8799991607666,88.30622100830078,43.306766510009766,77.47303771972656,54.09493637084961,106.6571273803711
2022-09-14,148.7297821044922,112.45750427246094,591.2919921875,463.1795349121094,122.78206634521484,69.91959381103516,33.04999923706055,97.02999877929688,27.76266098022461,95.23675537109375,80.1466293334961,379.5850524902344,486.0225524902344,117.62762451171875,80.49226379394531,36.980655670166016,94.6280746459961,152.60562133789062,426.6763000488281,80.01636505126953,149.67242431640625,197.97999572753906,43.10667419433594,216.63079833984375,39.188167572021484,190.14398193359375,91.49800109863281,77.44999694824219,83.09522247314453,105.00789642333984,184.11000061035156,42.70610427856445,150.2905731201172,319.17657470703125,179.5122528076172,150.48793029785156,302.6099853515625,78.25089263916016,141.4480743408203,149.25999450683594,39.565818786621094,79.58999633789062,47.92612075805664,109.91165161132812,37.83321762084961,245.07887268066406,84.4468765258789,552.3372192382812,53.3991584777832,95.03643035888672,146.58815002441406,128.5500030517578,252.81707763671875,148.5517120361328,173.8671112060547,224.2501983642578,86.8145751953125,13.110809326171875,91.02999877929688,299.9541015625,194.1184539794922,22.41200065612793,30.950098037719727,103.37913513183594,158.35594177246094,458.159912109375,69.87000274658203,126.6032943725586,60.54999923706055,26.765953063964844,100.49193572998047,33.689998626708984,137.9353485107422,39.56959915161133,477.3884582519531,39.68654251098633,68.95365905761719,340.968505859375,11.301953315734863,85.15679168701172,235.9235382080078,14.12289047241211,343.98541259765625,371.5199890136719,69.21635437011719,160.18467712402344,108.5166244506836,97.1406478881836,52.1198616027832,17.110000610351562,88.83368682861328,42.81160354614258,77.58872985839844,54.381202697753906,106.40971374511719
2022-09-15,146.3988494873047,110.51995086669922,580.9652709960938,451.1180725097656,125.3863754272461,68.03582763671875,33.130001068115234,95.36000061035156,27.439178466796875,92.63075256347656,80.1466293334961,376.8153076171875,481.7172546386719,115.27561950683594,77.89311218261719,36.42007064819336,96.62123107910156,149.7167510986328,412.2987365722656,79.28472900390625,149.50962829589844,196.49000549316406,42.643409729003906,213.1477813720703,39.22675704956055,190.01414489746094,87.11000061035156,76.66000366210938,81.26599884033203,103.0539321899414,178.86000061035156,42.71492004394531,148.3855438232422,310.4685363769531,178.25262451171875,147.98992919921875,303.75,78.07089233398438,139.15225219726562,149.77999877929688,40.35201644897461,80.20999908447266,46.93053436279297,108.22144317626953,37.66106033325195,238.4325408935547,84.36140441894531,546.2510375976562,53.63173294067383,93.9951171875,146.2602081298828,126.27999877929688,248.4257354736328,148.93067932128906,171.83328247070312,218.2302703857422,84.29023742675781,12.912067413330078,89.80999755859375,303.95025634765625,190.18563842773438,23.538000106811523,31.53491973876953,101.49087524414062,152.92196655273438,458.3489074707031,68.44000244140625,125.62528228759766,60.279998779296875,26.282032012939453,99.08317565917969,33.849998474121094,133.87594604492188,40.22124481201172,489.6938781738281,39.081668853759766,67.15620422363281,336.987548828125,11.479269981384277,84.71585845947266,233.84771728515625,14.087601661682129,341.9552307128906,309.1300048828125,69.05460357666016,155.18519592285156,104.16089630126953,95.88734436035156,51.70768356323242,16.989999771118164,89.94136810302734,42.126895904541016,78.5499267578125,53.642303466796875,108.01337432861328
2022-09-16,148.7297821044922,112.08758544921875,575.8202514648438,452.66815185546875,126.75016021728516,68.00061798095703,31.93000030517578,91.25,27.819746017456055,92.48259735107422,79.81938171386719,377.4530944824219,482.32952880859375,115.2479476928711,76.78825378417969,35.26211929321289,95.59645080566406,148.07586669921875,413.15826416015625,78.90502166748047,146.5889434814453,184.6699981689453,42.5539436340332,215.8547821044922,38.56107711791992,149.3438720703125,85.16000366210938,76.51000213623047,80.81350708007812,102.78611755371094,171.00999450683594,42.423927307128906,145.15093994140625,308.6760559082031,178.97105407714844,148.96238708496094,303.3500061035156,78.94386291503906,135.5395965576172,144.2899932861328,40.16918182373047,78.68000030517578,47.151981353759766,105.75942993164062,37.73484420776367,237.81063842773438,82.08214569091797,535.662109375,51.510650634765625,92.9251480102539,145.4447479248047,123.52999877929688,252.47860717773438,151.20413208007812,168.9896697998047,218.96939086914062,82.85028076171875,13.180715560913086,87.04499816894531,298.99163818359375,188.1706085205078,24.01300048828125,31.17853546142578,99.35673522949219,149.6912078857422,458.4623718261719,65.66999816894531,126.39306640625,56.58000183105469,25.873201370239258,97.787109375,31.729999542236328,135.218017578125,39.72346115112305,487.9239501953125,39.09070587158203,65.80812072753906,336.02618408203125,11.3482084274292,83.87989807128906,235.17620849609375,14.091525077819824,337.8853454589844,299.5,68.37908172607422,148.23123168945312,101.87548065185547,93.50010681152344,51.86470031738281,16.270000457763672,89.72157287597656,40.58634948730469,77.81123352050781,53.65131378173828,107.28943634033203
2022-09-19,149.62075805664062,112.49273681640625,583.1610717773438,456.40765380859375,125.51836395263672,68.89848327636719,31.489999771118164,93.80000305175781,28.01003646850586,93.09268188476562,79.31526947021484,379.4848327636719,484.65447998046875,116.81595611572266,78.64479064941406,35.81352615356445,96.34859466552734,151.79006958007812,413.8322448730469,78.67350006103516,148.77230834960938,187.6999969482422,42.91816711425781,217.7764129638672,39.931026458740234,151.08750915527344,85.01000213623047,76.7699966430664,81.12158966064453,103.00434112548828,175.38999938964844,42.5385627746582,146.86746215820312,307.59857177734375,182.04087829589844,150.53257751464844,309.07000732421875,77.97189331054688,135.92942810058594,144.8800048828125,40.516571044921875,78.31999969482422,47.090049743652344,106.65826416015625,37.251163482666016,237.5968780517578,83.2502670288086,534.0689086914062,52.85958480834961,92.68633270263672,146.0386199951172,124.66000366210938,256.5498352050781,150.01324462890625,171.47547912597656,220.4031219482422,82.84138488769531,13.364473342895508,87.67500305175781,301.2372741699219,188.0050811767578,24.363000869750977,31.69940948486328,99.1283950805664,150.995361328125,461.1741943359375,65.79000091552734,126.12799835205078,56.47999954223633,25.78141975402832,100.68915557861328,32.939998626708984,135.38372802734375,40.01308059692383,490.2930908203125,39.09070587158203,66.0375747680664,334.68621826171875,11.510106086730957,84.64237213134766,237.11366271972656,14.209151268005371,345.6914367675781,296.05999755859375,70.12970733642578,151.01614379882812,101.09574890136719,94.52462768554688,51.12868118286133,16.239999771118164,89.76554107666016,40.989830017089844,78.95932006835938,54.05680465698242,108.27913665771484
2022-09-20,149.4497528076172,111.23332977294922,571.7501220703125,447.54315185546875,124.73532104492188,67.97420501708984,31.489999771118164,93.56999969482422,27.553346633911133,92.07296752929688,78.23626708984375,383.183837890625,477.909423828125,115.08192443847656,77.60331726074219,35.381591796875,95.30497741699219,154.1679229736328,408.0987854003906,78.85871124267578,146.97198486328125,182.74000549316406,42.66896057128906,215.7623748779297,37.68315887451172,145.98635864257812,82.23999786376953,75.25,79.84111022949219,101.00077056884766,173.8699951171875,41.665565490722656,144.95248413085938,306.8541564941406,177.66477966308594,150.70204162597656,308.7300109863281,77.39592742919922,135.392333984375,145.94000244140625,39.684669494628906,77.08999633789062,46.26618194580078,105.0950698852539,36.701908111572266,235.5854949951172,81.48383331298828,526.63671875,52.84097671508789,90.61324310302734,141.8460693359375,122.19000244140625,250.8318634033203,148.8314208984375,167.5960693359375,211.85418701171875,82.16586303710938,13.158742904663086,87.51000213623047,296.2878723144531,186.9732208251953,24.28499984741211,31.224231719970703,98.42576599121094,148.00177001953125,466.7773132324219,66.0999984741211,125.68009185791016,55.540000915527344,25.86485481262207,96.19049072265625,30.950000762939453,133.66058349609375,39.162322998046875,489.5907897949219,38.44069290161133,65.11971282958984,329.5012512207031,10.091580390930176,83.4022445678711,235.62826538085938,13.9523344039917,338.9241638183594,291.05999755859375,69.78720092773438,147.36720275878906,99.41978454589844,91.14270782470703,49.85292053222656,16.8700008392334,89.08861541748047,40.708614349365234,77.59761810302734,53.9757080078125,106.14395904541016
2022-09-21,146.96585083007812,110.02674865722656,558.6854858398438,440.7229309082031,123.45072937011719,67.01471710205078,30.469999313354492,94.51000213623047,27.087148666381836,90.89633178710938,75.82179260253906,382.837646484375,471.738525390625,114.94356536865234,76.0456314086914,34.536109924316406,93.53746795654297,151.0432891845703,399.17144775390625,78.09002685546875,142.404296875,178.72000122070312,43.05874252319336,212.87989807128906,36.351802825927734,142.13726806640625,80.28600311279297,74.4800033569336,79.2730941772461,99.19561004638672,169.25,40.854305267333984,141.01341247558594,298.26373291015625,175.7519989013672,150.2738494873047,300.79998779296875,76.07299041748047,134.29208374023438,143.2899932861328,38.642494201660156,75.94000244140625,45.62086486816406,102.08592987060547,36.005096435546875,232.18455505371094,77.49510955810547,520.2339477539062,50.1710205078125,89.42862701416016,140.9596710205078,118.54000091552734,248.4531707763672,147.30673217773438,161.90879821777344,208.5147247314453,80.84146118164062,13.243631362915039,85.55999755859375,293.9506530761719,182.05726623535156,23.687000274658203,30.29216194152832,97.56507873535156,145.8577880859375,465.7095947265625,62.4900016784668,124.06226348876953,54.599998474121094,25.464366912841797,93.72047424316406,30.549999237060547,131.2166748046875,38.28439712524414,479.55181884765625,37.546939849853516,63.81941604614258,325.1610107421875,10.060744285583496,81.39042663574219,231.64271545410156,13.705320358276367,333.41510009765625,286.29998779296875,69.36857604980469,145.81536865234375,97.28675842285156,90.69510650634766,49.16596984863281,15.9399995803833,87.70841979980469,39.87109375,76.85894775390625,53.52516174316406,103.08325958251953
2022-09-22,146.35386657714844,110.36141967773438,551.7120361328125,427.276123046875,125.8263168334961,66.84745788574219,28.579999923706055,89.44000244140625,26.70657730102539,91.2362289428711,74.49345397949219,384.5504150390625,466.09375,114.0765609741211,75.65621185302734,35.13345718383789,89.75799560546875,150.0803680419922,387.47998046875,77.28431701660156,136.9651336669922,171.7899932861328,42.61784362792969,212.9260711669922,36.062374114990234,143.333740234375,77.39399719238281,69.5,78.3392333984375,99.75104522705078,161.27999877929688,40.19295120239258,141.70794677734375,292.2495422363281,175.528076171875,150.41661071777344,288.5899963378906,78.75485229492188,134.18809509277344,138.7100067138672,37.95685958862305,74.54000091552734,45.192230224609375,99.80953979492188,36.5379524230957,234.15707397460938,76.6498794555664,514.8899536132812,49.74308395385742,89.85853576660156,135.57945251464844,117.30999755859375,246.23004150390625,149.9230499267578,160.590576171875,207.2947235107422,80.50369262695312,12.544551849365234,83.08999633789062,286.81060791015625,180.85992431640625,23.704999923706055,29.698198318481445,96.66048431396484,148.3475341796875,469.1017761230469,63.459999084472656,124.50099182128906,54.0,25.689640045166016,92.55587768554688,28.56999969482422,130.13967895507812,37.04446792602539,484.590087890625,37.14971160888672,63.13102722167969,313.0140686035156,9.844882011413574,77.80777740478516,228.745849609375,13.601418495178223,329.9076232910156,287.05999755859375,68.55985260009766,140.8074951171875,97.27777862548828,87.1938247680664,48.73417282104492,14.6899995803833,87.76117706298828,39.95667266845703,75.44387817382812,53.399009704589844,101.91030883789062
2022-09-23,145.15689086914062,108.07157897949219,543.3421630859375,422.529052734375,125.87030029296875,66.01122283935547,27.81999969482422,87.27999877929688,26.183292388916016,90.39082336425781,73.69111633300781,376.34161376953125,446.2222595214844,111.7799072265625,74.73246002197266,32.16508483886719,88.16911315917969,147.81057739257812,384.8037414550781,75.96924591064453,134.31256103515625,172.1300048828125,41.553916931152344,212.7505340576172,34.22935104370117,138.5015106201172,75.40799713134766,67.95999908447266,76.50999450683594,98.3624496459961,160.38999938964844,39.028961181640625,139.31671142578125,287.5674133300781,175.53741455078125,150.34521484375,275.3299865722656,78.097900390625,125.42072296142578,131.25999450683594,36.94211959838867,74.44999694824219,44.34726333618164,97.21073913574219,36.13625717163086,231.18374633789062,74.83597564697266,515.384765625,48.663936614990234,89.07515716552734,135.2692108154297,113.77999877929688,247.8767547607422,150.4102020263672,154.6490020751953,203.75936889648438,76.21942138671875,12.49960994720459,80.78500366210938,276.7742614746094,179.07846069335938,22.641000747680664,28.99458122253418,88.34342956542969,145.24522399902344,452.433837890625,60.04999923706055,123.92515563964844,52.38999938964844,23.428550720214844,91.11894989013672,28.760000228881836,127.29814147949219,36.35660171508789,480.98455810546875,36.707340240478516,61.71601867675781,308.6348876953125,9.490249633789062,77.32089233398438,226.9098358154297,13.415177345275879,318.5557861328125,284.55999755859375,67.44669342041016,137.84640502929688,97.33155059814453,86.50749969482422,49.16596984863281,13.989999771118164,86.46009826660156,39.46149444580078,72.54252624511719,52.804283142089844,100.01341247558594
2022-09-26,144.409912109375,107.45508575439453,537.14990234375,417.3652648925781,124.24260711669922,64.39152526855469,26.889999389648438,86.41000366210938,25.660005569458008,87.88938903808594,72.50543975830078,371.40350341796875,459.5210266113281,110.44248962402344,73.49176025390625,31.1174259185791,85.83748626708984,148.1446533203125,386.59112548828125,75.09867095947266,131.6217041015625,165.11000061035156,41.95328140258789,211.2353973388672,33.80486297607422,132.53781127929688,74.0199966430664,66.30000305175781,76.66403198242188,98.00537872314453,159.35000610351562,37.909061431884766,135.3081512451172,284.16845703125,173.5686492919922,150.28280639648438,276.010009765625,77.55792236328125,122.11993408203125,127.33999633789062,36.576446533203125,73.33000183105469,43.73979187011719,95.86249542236328,35.93131637573242,230.72702026367188,74.9404296875,508.9720153808594,49.62214279174805,87.49887084960938,131.81234741210938,115.1500015258789,243.88784790039062,149.48997497558594,153.1235809326172,197.1339111328125,74.6461410522461,12.21198558807373,81.58499908447266,270.0375061035156,175.79788208007812,22.406999588012695,28.354928970336914,87.12267303466797,144.5635223388672,448.22906494140625,60.65999984741211,124.04399108886719,51.66999816894531,22.744384765625,90.21734619140625,28.25,124.89566802978516,35.723060607910156,476.06805419921875,36.63512420654297,60.664306640625,306.2755432128906,9.243547439575195,77.90882110595703,224.88937377929688,13.076024055480957,316.66864013671875,276.9599914550781,67.44669342041016,135.68218994140625,93.3522720336914,83.8119125366211,47.96871566772461,13.520000457763672,85.92383575439453,39.38804244995117,70.98504638671875,52.146484375,97.85992431640625
2022-09-27,144.63491821289062,107.21729278564453,531.5912475585938,419.76800537109375,124.69134521484375,63.13273239135742,27.56999969482422,87.73999786376953,25.583892822265625,85.69303131103516,72.11316680908203,364.1968078613281,457.60748291015625,110.99589538574219,73.4283676147461,31.22770881652832,85.92210388183594,149.11741638183594,391.4454650878906,75.01533508300781,131.66001892089844,169.86000061035156,41.83826446533203,210.29302978515625,33.48649215698242,134.4391632080078,75.79000091552734,67.16999816894531,76.17304229736328,97.2912368774414,162.5800018310547,37.55632781982422,133.35350036621094,280.6128234863281,175.10818481445312,148.10586547851562,282.94000244140625,77.25194549560547,122.17191314697266,127.51000213623047,36.5947265625,74.26000213623047,43.97539520263672,93.64471435546875,36.14445495605469,229.7164764404297,73.9527587890625,503.38067626953125,48.989540100097656,87.41287231445312,131.59963989257812,114.41000366210938,245.8182373046875,148.80433654785156,152.95413208007812,196.44821166992188,76.21052551269531,12.396743774414062,81.83000183105469,267.0678405761719,173.15000915527344,22.43600082397461,27.934581756591797,86.73624420166016,147.10264587402344,448.0118103027344,60.9900016784668,120.63463592529297,52.630001068115234,22.98634910583496,90.433349609375,27.850000381469727,122.72515106201172,35.243370056152344,476.0773620605469,36.58095169067383,59.67952346801758,304.17822265625,9.181872367858887,77.42195129394531,218.3759307861328,12.917230606079102,319.94732666015625,277.57000732421875,68.1507568359375,138.21548461914062,91.66732025146484,85.29397583007812,49.63702392578125,14.15999984741211,85.4579086303711,39.46149444580078,70.73587036132812,50.80385208129883,96.9985122680664
2022-09-28,146.51585388183594,108.1156234741211,537.8663940429688,427.460205078125,127.22530364990234,63.836944580078125,28.040000915527344,89.76000213623047,25.812231063842773,86.8173599243164,73.62870025634766,364.43365478515625,467.165283203125,109.69538116455078,74.59660339355469,32.5694465637207,89.35372161865234,147.23081970214844,399.7672424316406,77.1454086303711,134.599853515625,173.83999633789062,42.528385162353516,214.29342651367188,34.00746154785156,139.1136932373047,77.7699966430664,68.36000061035156,78.42586517333984,99.91966247558594,167.25,38.27060317993164,140.50738525390625,284.23699951171875,181.50901794433594,150.47903442382812,287.80999755859375,78.097900390625,126.29572296142578,133.44000244140625,37.30779266357422,75.88999938964844,44.089900970458984,97.11305236816406,36.423187255859375,234.2445831298828,76.9157943725586,512.4553833007812,49.240718841552734,88.89364624023438,138.1587677001953,118.01000213623047,258.16912841796875,150.0854034423828,157.96347045898438,196.8578338623047,78.98375701904297,12.719320297241211,83.4000015258789,275.6927185058594,174.42527770996094,24.520000457763672,28.391481399536133,91.76081085205078,148.36732482910156,457.0355224609375,62.97999954223633,120.63463592529297,55.310001373291016,23.829042434692383,92.69676208496094,29.239999771118164,124.32405853271484,35.831661224365234,481.2936096191406,37.32123565673828,60.30099868774414,305.6346130371094,9.390026092529297,80.02167510986328,218.59738159179688,13.1328763961792,329.6883544921875,281.3999938964844,69.69204711914062,140.18675231933594,93.1461181640625,90.63542938232422,50.0491943359375,14.5,86.2930679321289,39.455379486083984,72.50692749023438,51.344505310058594,98.9595718383789
2022-09-29,142.60096740722656,107.12041473388672,518.1040649414062,414.4299011230469,125.57118225097656,61.07290267944336,26.420000076293945,87.44999694824219,25.098661422729492,82.88656616210938,73.34342193603516,355.13153076171875,458.25811767578125,105.92296600341797,72.42312622070312,33.0565185546875,88.0750961303711,139.9989776611328,387.5776062011719,76.25633239746094,131.94728088378906,170.33999633789062,42.25360870361328,210.4131317138672,32.08759689331055,141.26544189453125,77.0999984741211,64.13999938964844,77.48237609863281,97.2912368774414,165.6999969482422,37.37997055053711,135.34786987304688,280.8968505859375,177.71145629882812,148.64122009277344,268.2099914550781,77.97189331054688,125.42072296142578,125.33000183105469,37.02439498901367,74.47000122070312,42.59202575683594,95.20791625976562,36.201847076416016,230.775634765625,75.0828857421875,511.24810791015625,47.677818298339844,86.69638061523438,134.54234313964844,114.80000305175781,254.63766479492188,148.43446350097656,156.21205139160156,190.3214569091797,78.82376098632812,12.203995704650879,82.79000091552734,271.40313720703125,175.2819366455078,23.97100067138672,28.01682472229004,92.34879302978516,145.04762268066406,444.5534973144531,60.77000045776367,117.63660430908203,55.20000076293945,23.987565994262695,89.53173065185547,26.770000457763672,119.50253295898438,35.18906784057617,476.5081481933594,36.626094818115234,58.70431137084961,301.42059326171875,8.842659950256348,79.52561950683594,216.25401306152344,12.805793762207031,326.08331298828125,278.25,69.11168670654297,138.67686462402344,90.6904296875,88.2282943725586,49.0776481628418,13.479999542236328,85.25572967529297,38.396461486816406,71.07406616210938,50.975059509277344,97.28260040283203
2022-09-30,139.29803466796875,104.63682556152344,505.5722961425781,402.3878479003906,118.08372497558594,59.85813903808594,26.5,88.77999877929688,24.518295288085938,81.07369995117188,71.98835754394531,351.9427795410156,451.83837890625,104.2073974609375,71.01033020019531,32.992191314697266,86.65542602539062,135.7935028076172,378.3083801269531,75.81179809570312,129.18942260742188,169.9600067138672,41.43888854980469,208.97186279296875,30.958847045898438,137.7039031982422,75.52200317382812,63.36000061035156,78.22369384765625,95.3670425415039,164.80999755859375,36.74506378173828,134.62351989746094,278.5167236328125,175.2388153076172,145.65249633789062,265.25,77.5039291381836,124.46774291992188,121.08000183105469,36.768436431884766,73.58999633789062,42.012943267822266,92.1596908569336,35.87392044067383,226.30587768554688,75.96610260009766,501.9259033203125,46.79403305053711,86.31424713134766,131.52871704101562,113.0,252.45115661621094,147.37892150878906,154.4983367919922,191.1941375732422,77.60601806640625,12.123103141784668,81.8949966430664,268.5985412597656,172.93585205078125,23.54400062561035,27.59648323059082,91.17282104492188,142.11326599121094,444.4023132324219,62.58000183105469,115.39720153808594,53.470001220703125,23.82069969177246,78.06439971923828,26.940000534057617,119.75105285644531,34.86323928833008,472.958984375,36.111507415771484,58.388797760009766,296.488037109375,8.634507179260254,77.4035873413086,212.8773651123047,12.605057716369629,319.2843322753906,275.20001220703125,68.37908172607422,135.5060272216797,91.0578842163086,85.6122817993164,49.16596984863281,13.170000076293945,83.84036254882812,37.8945426940918,70.31757354736328,50.47945785522461,95.76141357421875
2022-10-03,143.85189819335938,107.01471710205078,526.1891479492188,418.2081604003906,121.69988250732422,61.38100051879883,26.719999313354492,90.94000244140625,25.660005569458008,83.08702850341797,73.72676849365234,364.1968078613281,457.0621337890625,108.11815643310547,73.52798461914062,35.19779586791992,89.85200500488281,139.96951293945312,387.56787109375,76.96942901611328,134.08274841308594,172.50999450683594,42.34307861328125,214.57057189941406,31.711347579956055,140.4770965576172,78.34200286865234,66.11000061035156,80.81350708007812,98.49140167236328,169.30999755859375,37.529884338378906,137.53073120117188,284.5309143066406,180.93983459472656,147.42787170410156,242.39999389648438,78.79085540771484,131.45046997070312,126.05000305175781,38.011714935302734,73.94000244140625,43.22126388549805,94.895263671875,36.18544387817383,233.92391967773438,76.40296936035156,517.5025024414062,46.06840133666992,88.67391204833984,134.54234313964844,115.87999725341797,259.55059814453125,147.23458862304688,161.23085021972656,193.39376831054688,81.70365142822266,12.495613098144531,84.84500122070312,274.18951416015625,176.8297119140625,23.90399932861328,28.409751892089844,97.97024536132812,146.12454223632812,458.94415283203125,62.650001525878906,117.4629135131836,52.93000030517578,25.11393928527832,80.20571899414062,27.760000228881836,122.3689193725586,35.89501953125,482.7639465332031,37.27610778808594,60.3105583190918,305.654052734375,8.842659950256348,78.65292358398438,217.12123107910156,13.020306587219238,328.99981689453125,285.239990234375,69.65400695800781,136.80621337890625,93.531494140625,86.71637725830078,50.75577163696289,12.949999809265137,85.94141387939453,38.9289665222168,71.53684997558594,51.04714584350586,98.72132110595703
2022-10-04,148.6307830810547,110.52874755859375,543.259521484375,450.59490966796875,124.92889404296875,62.226070404052734,29.190000534057617,95.3499984741211,26.354551315307617,84.64714813232422,75.33145904541016,370.0003662109375,465.0987243652344,112.86827850341797,75.00415802001953,35.95137405395508,93.89473724365234,143.5559844970703,402.4239807128906,79.21063232421875,139.29212951660156,183.80999755859375,42.892608642578125,218.60794067382812,34.53807067871094,147.58160400390625,82.30999755859375,67.9000015258789,84.76078796386719,101.57606506347656,175.07000732421875,39.16122817993164,139.18772888183594,295.09991455078125,184.20556640625,149.0872802734375,249.44000244140625,79.54680633544922,136.56190490722656,133.50999450683594,39.80350875854492,77.54000091552734,45.40513229370117,99.10611724853516,36.447776794433594,241.8334503173828,79.87884521484375,534.3262329101562,48.412757873535156,89.95407104492188,139.12490844726562,121.08999633789062,264.9117736816406,149.41781616210938,169.1403045654297,195.9851531982422,84.68133544921875,13.149755477905273,86.91999816894531,288.597900390625,180.7235870361328,24.073999404907227,29.588542938232422,103.00373840332031,153.86053466796875,463.2623291015625,66.47000122070312,118.9162368774414,55.880001068115234,26.098474502563477,83.24864959716797,31.530000686645508,124.56430053710938,37.442684173583984,489.93731689453125,38.105262756347656,62.80595397949219,314.1597900390625,9.52879524230957,81.3077621459961,220.03659057617188,13.429651260375977,344.52947998046875,294.9700012207031,72.51779174804688,141.67149353027344,94.99237060546875,92.29653930664062,52.954017639160156,13.800000190734863,88.36774444580078,41.34061813354492,74.73188781738281,51.164283752441406,103.33984375
2022-10-05,151.01571655273438,110.74011993408203,535.7717895507812,454.64447021484375,126.10787963867188,60.50074768066406,29.18000030517578,95.11000061035156,26.29746437072754,81.94528198242188,75.82178497314453,366.7205810546875,459.54010009765625,115.19261932373047,74.0532455444336,38.20293426513672,93.02039337158203,143.85072326660156,403.9574279785156,78.9142837524414,138.24827575683594,185.35000610351562,42.467674255371094,220.85293579101562,33.61191177368164,145.49476623535156,84.11599731445312,67.94000244140625,83.93282318115234,101.38761138916016,176.6999969482422,38.658592224121094,137.89784240722656,297.9698486328125,185.70777893066406,148.09698486328125,240.80999755859375,79.54680633544922,137.3415985107422,132.11000061035156,39.5932502746582,77.5199966430664,45.872562408447266,98.4808349609375,36.169044494628906,242.1443634033203,80.14476013183594,540.600341796875,49.28723907470703,89.23756408691406,138.6374053955078,120.94999694824219,265.17706298828125,148.95770263671875,167.9633026123047,190.69544982910156,88.10343170166016,13.19170093536377,87.82499694824219,283.2176818847656,182.6900177001953,23.67300033569336,29.1682071685791,103.2799072265625,154.3545684814453,457.7536315917969,66.16999816894531,118.09359741210938,53.88999938964844,26.181907653808594,85.55902862548828,30.829999923706055,120.76176452636719,37.43363952636719,493.589599609375,38.260169982910156,63.71426773071289,312.3149108886719,9.64443588256836,82.7867431640625,220.58091735839844,13.305667877197266,340.2071533203125,297.3800048828125,72.24189758300781,140.86622619628906,94.49942779541016,93.33101654052734,53.70965576171875,13.75,88.30622100830078,41.27940368652344,73.96649932861328,50.67770004272461,102.06393432617188
2022-10-06,149.8817596435547,107.64884948730469,525.1692504882812,447.7176208496094,123.4331283569336,57.85993576049805,29.729999542236328,93.66000366210938,25.85980796813965,79.11265563964844,75.26012420654297,364.07830810546875,461.6162414550781,115.55232238769531,71.4631576538086,39.04841995239258,90.94261169433594,142.89764404296875,402.5091247558594,78.05299377441406,136.34266662597656,188.91000366210938,42.071502685546875,217.0095977783203,33.4093132019043,143.9365997314453,83.68599700927734,67.8499984741211,83.14336395263672,101.4074478149414,178.38999938964844,37.97078323364258,137.98715209960938,293.5745544433594,186.59417724609375,145.2421112060547,238.1300048828125,78.69185638427734,139.84532165527344,132.1999969482422,38.61507797241211,78.3499984741211,45.371063232421875,97.73832702636719,35.32465744018555,239.8026123046875,80.07828521728516,534.9793701171875,48.05923843383789,89.18025970458984,138.05239868164062,120.30000305175781,265.671142578125,146.0707550048828,168.36819458007812,180.8374481201172,90.71666717529297,13.112805366516113,87.375,279.24896240234375,180.66517639160156,24.00200080871582,28.747861862182617,104.81221771240234,153.59378051757812,458.49072265625,65.26000213623047,115.60742950439453,51.56999969482422,25.981660842895508,84.68559265136719,30.059999465942383,114.07624816894531,36.81819152832031,486.1539306640625,37.8319206237793,62.433074951171875,306.99395751953125,9.52879524230957,82.07939147949219,216.57691955566406,13.266308784484863,339.92034912109375,298.4100036621094,72.2989730834961,138.91172790527344,91.34468078613281,93.9178695678711,53.601707458496094,13.699999809265137,86.66228485107422,40.532657623291016,72.3645248413086,49.58736801147461,99.98362731933594
2022-10-07,143.34791564941406,104.6456298828125,505.6825256347656,420.70770263671875,122.08699798583984,56.44270324707031,28.06999969482422,88.05999755859375,24.470720291137695,77.6310043334961,73.4771499633789,368.0416259765625,447.8966064453125,111.52164459228516,69.48887634277344,39.14031219482422,88.25371551513672,137.650634765625,384.5424499511719,77.8029556274414,133.1060028076172,175.10000610351562,41.074668884277344,209.83106994628906,32.43491744995117,143.21316528320312,80.24199676513672,58.439998626708984,81.38152313232422,98.75920104980469,171.8800048828125,37.203609466552734,132.41091918945312,289.3951110839844,184.00962829589844,144.18045043945312,223.07000732421875,78.8358383178711,138.64109802246094,129.7899932861328,38.20368957519531,76.58999633789062,43.57135772705078,94.92459106445312,34.693424224853516,227.6079559326172,77.1532211303711,518.175537109375,46.43121337890625,85.9990005493164,135.0298614501953,114.55999755859375,260.1178283691406,144.52804565429688,167.18173217773438,174.58529663085938,89.80113220214844,12.060187339782715,84.95500183105469,275.95849609375,178.95187377929688,22.475000381469727,28.099071502685547,105.57837677001953,148.48583984375,468.7522277832031,63.560001373291016,113.58738708496094,47.83000183105469,25.931604385375977,81.85867309570312,27.209999084472656,111.30096435546875,35.732112884521484,472.7810363769531,36.69294738769531,60.5113410949707,295.69183349609375,9.40544605255127,79.94818115234375,215.13768005371094,13.06950569152832,340.5705871582031,288.7699890136719,70.70057678222656,133.49281311035156,89.94654846191406,89.69047546386719,52.033138275146484,12.510000228881836,77.58111572265625,39.51658630371094,70.24637603759766,49.118797302246094,97.98656463623047
2022-10-10,141.10699462890625,103.70327758789062,501.2173767089844,408.72369384765625,121.69105529785156,56.32827377319336,27.530000686645508,84.0199966430664,23.975982666015625,77.7007064819336,72.96006774902344,373.53546142578125,446.1361389160156,105.70160675048828,69.4979248046875,38.71757507324219,87.4827880859375,137.97486877441406,379.33642578125,77.94188690185547,131.6791534423828,159.0500030517578,41.31747817993164,211.28155517578125,31.151796340942383,142.10018920898438,76.35600280761719,57.810001373291016,80.91940307617188,97.90618896484375,161.0800018310547,36.68333053588867,132.74826049804688,286.2654113769531,181.85423278808594,144.36778259277344,222.9600067138672,81.4277114868164,136.13734436035156,131.89999389648438,37.89286804199219,73.72000122070312,41.41587829589844,92.9706039428711,34.22614669799805,222.75921630859375,75.25382995605469,505.5380554199219,44.26362228393555,86.22828674316406,135.70350646972656,113.66999816894531,258.4161682128906,144.717529296875,168.2363739013672,170.0553436279297,87.85454559326172,11.654717445373535,81.56999969482422,275.4635314941406,177.34564208984375,22.99799919128418,28.01682472229004,104.05496978759766,143.8916778564453,476.065673828125,58.2599983215332,113.12124633789062,46.27000045776367,25.322526931762695,81.4172592163086,26.450000762939453,109.87605285644531,35.487735748291016,467.1714782714844,36.346710205078125,59.822940826416016,290.05047607421875,8.757858276367188,79.97574615478516,216.7613983154297,12.914034843444824,343.9461975097656,285.7200012207031,69.98700714111328,133.99610900878906,88.6380386352539,84.07051849365234,50.52849197387695,12.8100004196167,77.58111572265625,39.773658752441406,69.78357696533203,49.01066970825195,97.07122802734375
2022-10-11,138.10105895996094,103.74732208251953,487.9873046875,387.0905456542969,124.5065689086914,56.020179748535156,24.65999984741211,82.72000122070312,23.82375144958496,78.03191375732422,73.00464630126953,374.5103454589844,451.5991516113281,101.4864273071289,68.85493469238281,38.37754440307617,88.15030670166016,136.5599365234375,375.2655029296875,78.34008026123047,131.5259552001953,153.52999877929688,42.387794494628906,209.04579162597656,30.958847045898438,141.05210876464844,74.26000213623047,57.630001068115234,79.91814422607422,97.2515640258789,155.7899932861328,35.669254302978516,127.53915405273438,280.6436462402344,183.28179931640625,145.0547332763672,216.5,81.9406967163086,136.1633758544922,131.57000732421875,36.777565002441406,73.70999908447266,40.75921630859375,90.95799255371094,34.36551284790039,219.02792358398438,71.57852172851562,495.6121826171875,43.04492950439453,86.73460388183594,136.94442749023438,112.20999908447266,258.8095703125,146.81056213378906,169.25326538085938,169.77728271484375,87.10790252685547,11.570826530456543,78.68499755859375,269.6617431640625,174.38632202148438,21.429000854492188,27.203550338745117,102.96810913085938,140.85853576660156,479.3539123535156,55.709999084472656,113.55084228515625,44.540000915527344,24.871980667114258,82.63819122314453,25.670000076293945,109.79319763183594,34.82704544067383,468.06121826171875,36.064239501953125,59.97670364379883,286.1665344238281,8.9120454788208,79.19490051269531,218.6988525390625,12.62867259979248,347.43646240234375,284.8299865722656,68.22686004638672,133.71932983398438,90.18852996826172,82.64812469482422,52.81988525390625,11.270000457763672,77.8009033203125,39.17381286621094,68.52870178222656,49.091758728027344,94.26976013183594
2022-10-12,136.39114379882812,103.54474639892578,487.9505310058594,385.8990173339844,123.16039276123047,54.13640594482422,25.979999542236328,82.3499984741211,24.09966468811035,74.92911529541016,71.59609985351562,362.0831604003906,446.2031555175781,100.2043685913086,65.88449096679688,38.616485595703125,87.8964614868164,135.93109130859375,379.7474060058594,76.85830688476562,130.9418182373047,158.52999877929688,41.90855407714844,207.05023193359375,31.06496810913086,141.80335998535156,73.82599639892578,57.849998474121094,79.436767578125,97.4995346069336,152.99000549316406,36.013160705566406,126.50723266601562,278.0241394042969,180.89320373535156,151.12136840820312,217.24000549316406,81.37371826171875,136.57057189941406,130.4199981689453,37.033531188964844,75.22000122070312,40.7412223815918,91.26087188720703,34.455684661865234,219.35833740234375,71.92040252685547,495.4736633300781,43.165870666503906,86.56263732910156,136.64305114746094,112.9000015258789,256.6413269042969,146.77444458007812,169.0178680419922,164.86167907714844,87.49010467529297,11.484939575195312,77.65499877929688,270.6699523925781,173.5102081298828,22.086999893188477,27.285795211791992,103.60952758789062,140.58189392089844,465.24664306640625,55.939998626708984,113.73365020751953,45.349998474121094,24.988788604736328,83.1265640258789,25.989999771118164,106.8936538696289,33.7500114440918,468.2016906738281,35.78177261352539,61.29328918457031,282.7196044921875,8.896626472473145,79.80120086669922,218.70809936523438,12.43187427520752,345.4092102050781,286.1499938964844,68.39810943603516,133.7780303955078,90.00929260253906,83.36429595947266,51.875797271728516,11.899999618530273,77.22067260742188,39.62675857543945,68.17271423339844,49.686485290527344,95.7953109741211
2022-10-13,138.90206909179688,107.26132202148438,520.0426025390625,392.7483215332031,127.02665710449219,56.38109588623047,25.0,80.9000015258789,25.136722564697266,76.68968200683594,74.43995666503906,369.86370849609375,447.7434997558594,104.09671020507812,66.19239044189453,40.6107177734375,91.96737670898438,140.5001220703125,387.30206298828125,78.59941864013672,136.06527709960938,156.25,42.26320266723633,212.39947509765625,31.605224609375,144.91973876953125,72.37999725341797,58.939998626708984,81.97843170166016,98.89805603027344,152.60000610351562,37.8737907409668,129.2755126953125,288.4041442871094,180.230712890625,155.7783966064453,221.72000122070312,83.23661804199219,143.1894073486328,132.39999389648438,38.74305725097656,74.7300033569336,41.44143295288086,94.41654968261719,35.23448944091797,227.6079559326172,71.23662567138672,505.2412414550781,41.90996551513672,88.33956146240234,136.60763549804688,112.52999877929688,258.7546081542969,148.99380493164062,172.4453125,170.2975616455078,90.54776763916016,11.9443359375,78.94499969482422,281.4486999511719,179.7598876953125,23.250999450683594,28.958030700683594,109.34680938720703,143.69407653808594,473.80743408203125,55.369998931884766,115.45204162597656,46.20000076293945,25.990009307861328,84.11268615722656,26.239999771118164,108.62509155273438,35.487735748291016,477.51959228515625,37.002750396728516,62.657920837402344,283.79730224609375,9.073941230773926,82.09776306152344,227.64788818359375,12.825475692749023,351.1085205078125,294.739990234375,70.47221374511719,137.28436279296875,91.88240814208984,83.59307098388672,53.950828552246094,11.989999771118164,79.20745849609375,41.58544921875,70.59343719482422,50.34428405761719,101.12088012695312
2022-10-14,133.50221252441406,105.72008514404297,506.187744140625,367.2981262207031,127.0444564819336,55.90574645996094,24.709999084472656,75.69000244140625,24.6514949798584,75.66995239257812,72.75504302978516,354.78533935546875,434.98065185546875,101.41265869140625,64.99696350097656,38.745147705078125,89.68277740478516,135.9703826904297,371.9676513671875,76.48786926269531,131.50897216796875,152.3800048828125,41.67212677001953,208.7132110595703,31.73064422607422,145.57826232910156,68.35199737548828,55.939998626708984,81.45854187011719,96.38865661621094,145.97999572753906,38.12069320678711,125.77299499511719,283.2337646484375,176.3118438720703,151.83509826660156,204.99000549316406,82.95764923095703,138.73641967773438,133.14999389648438,39.46525955200195,72.29000091552734,40.41288757324219,92.27693176269531,35.13611602783203,222.08872985839844,69.34673309326172,497.828857421875,39.37955093383789,86.12318420410156,129.135498046875,106.9000015258789,252.8994140625,148.37132263183594,167.78443908691406,166.64671325683594,88.16564178466797,11.212297439575195,77.41500091552734,274.95941162109375,177.7739715576172,23.0,28.96717071533203,105.08839416503906,140.51272583007812,438.6101379394531,52.91999816894531,114.3277587890625,44.0,25.30584144592285,82.22493743896484,26.059999465942383,105.75041198730469,34.76369094848633,480.53509521484375,36.6291618347168,61.80261993408203,278.30157470703125,8.996847152709961,79.34188079833984,224.33584594726562,12.640480995178223,341.51727294921875,287.94000244140625,65.62946319580078,135.62347412109375,89.2026596069336,80.04206848144531,51.84629440307617,11.770000457763672,78.5041732788086,41.35897445678711,67.0157470703125,49.54231643676758,102.8036117553711
2022-10-17,135.88714599609375,107.02352905273438,523.0010986328125,379.9796447753906,128.35098266601562,56.583553314208984,25.940000534057617,80.79000091552734,25.136722564697266,77.65711975097656,73.7802505493164,361.98284912109375,444.0887451171875,102.92530822753906,66.69953918457031,39.38844299316406,91.6383285522461,139.93023681640625,395.09149169921875,78.22895050048828,136.05569458007812,167.5399932861328,41.97246170043945,215.33738708496094,32.386680603027344,145.59678649902344,69.72200012207031,57.959999084472656,83.61511993408203,99.95934295654297,151.61000061035156,38.43813705444336,132.99630737304688,289.4637756347656,181.09844970703125,154.10113525390625,219.35000610351562,84.70355224609375,139.75001525878906,136.08999633789062,40.187461853027344,76.69000244140625,41.195411682128906,95.09066772460938,35.783756256103516,230.80479431152344,72.9080810546875,511.8617248535156,41.34248352050781,87.68038177490234,132.2909698486328,113.79000091552734,257.3183288574219,150.29293823242188,170.24200439453125,172.6656494140625,89.43671417236328,11.872429847717285,79.2699966430664,281.1187438964844,180.3341827392578,24.510000228881836,30.721647262573242,105.44474029541016,145.41317749023438,448.9093933105469,55.47999954223633,116.39348602294922,46.15999984741211,25.430992126464844,84.49775695800781,27.760000228881836,110.15771484375,36.528568267822266,488.729248046875,37.6314582824707,64.40696716308594,288.759033203125,9.120196342468262,81.66600799560547,227.39881896972656,13.006531715393066,346.7288513183594,293.5,64.15475463867188,138.17356872558594,94.31124877929688,84.20978546142578,52.61336135864258,12.65999984741211,79.90196228027344,42.00779342651367,68.65330505371094,50.18209457397461,107.12136840820312
2022-10-18,136.35511779785156,108.27413940429688,533.8515014648438,386.5382995605469,128.51983642578125,57.56065368652344,27.610000610351562,81.77999877929688,24.613435745239258,79.14752197265625,74.97486114501953,393.4426574707031,452.7951354980469,102.57482147216797,67.97647094726562,39.84794998168945,93.6314926147461,141.24688720703125,399.8963623046875,80.90542602539062,140.33323669433594,173.1699981689453,42.85746765136719,217.1297149658203,33.042701721191406,144.96615600585938,71.35800170898438,57.91999816894531,85.70429229736328,100.56438446044922,156.8800048828125,38.93195724487305,131.76596069335938,294.70281982421875,181.24856567382812,156.17987060546875,220.19000244140625,85.14452362060547,140.97158813476562,137.33999633789062,40.8365364074707,78.2300033569336,41.14431381225586,96.21421813964844,36.14445495605469,231.74732971191406,72.49971008300781,518.9573974609375,41.55644989013672,88.56884002685547,139.36424255371094,116.36000061035156,260.7948303222656,149.76966857910156,172.83140563964844,176.90850830078125,89.5967025756836,11.95132827758789,81.68499755859375,287.6629638671875,182.20323181152344,24.086000442504883,31.87302017211914,105.0260238647461,151.68695068359375,478.8720397949219,58.369998931884766,117.33494567871094,48.4900016784668,25.430992126464844,84.22538757324219,28.729999542236328,110.49737548828125,36.16654586791992,489.0382080078125,38.07793426513672,64.41657257080078,292.07977294921875,9.274385452270508,81.72112274169922,229.8990478515625,12.845154762268066,355.06744384765625,292.9800109863281,65.27742767333984,140.07774353027344,94.86689758300781,84.83642578125,51.67910385131836,13.289999961853027,80.82501220703125,43.274818420410156,70.70027160644531,50.85791015625,109.87659454345703
2022-10-19,137.38108825683594,107.89543914794922,530.9482421875,410.7872619628906,127.21329498291016,56.9444694519043,27.530000686645508,79.0,24.73712158203125,77.8227310180664,74.58261108398438,400.840576171875,451.0347595214844,104.08747863769531,66.69049072265625,41.787044525146484,89.53234100341797,141.3549346923828,393.45733642578125,81.15547943115234,138.39154052734375,171.0399932861328,42.73605728149414,215.4852294921875,32.44456100463867,141.8682861328125,71.08799743652344,57.22999954223633,83.49958801269531,99.47332763671875,152.5399932861328,38.21769332885742,132.19264221191406,292.1324157714844,172.56137084960938,154.66319274902344,222.0399932861328,83.9295883178711,145.54586791992188,138.38999938964844,39.876644134521484,76.33000183105469,41.18879699707031,96.71247863769531,35.341060638427734,229.78451538085938,67.68476104736328,500.3623352050781,38.346920013427734,87.5370864868164,137.73330688476562,115.06999969482422,252.03945922851562,148.5787811279297,173.64114379882812,171.32012939453125,92.25439453125,12.035216331481934,80.05500030517578,285.7474365234375,181.46343994140625,27.238000869750977,30.995786666870117,107.8946762084961,151.82528686523438,482.7555236816406,54.4900016784668,118.42266082763672,46.54999923706055,25.78141975402832,83.18289947509766,28.350000381469727,108.27715301513672,35.31577682495117,487.2683410644531,38.159942626953125,63.71504592895508,288.254150390625,9.351479530334473,80.3983154296875,231.3382568359375,12.71920108795166,355.0769958496094,299.8299865722656,65.37257385253906,139.07110595703125,91.42534637451172,84.02079010009766,52.151153564453125,13.020000457763672,80.57887268066406,43.17076110839844,69.0982894897461,50.425392150878906,107.72235107421875
2022-10-20,138.3440704345703,112.99473571777344,525.8583374023438,423.6237487792969,127.0355453491211,55.896949768066406,27.8700008392334,82.33999633789062,24.813236236572266,76.02729797363281,73.5038833618164,404.83111572265625,444.5193176269531,103.28504180908203,63.97359848022461,41.98922348022461,89.29730224609375,140.8931427001953,392.5570373535156,80.79429626464844,136.9015655517578,174.0399932861328,42.84149169921875,212.01144409179688,32.261253356933594,139.25279235839844,71.25199890136719,57.77000045776367,83.67288208007812,99.71138000488281,153.8800048828125,37.847328186035156,130.50587463378906,290.6803283691406,167.27027893066406,152.9681396484375,207.27999877929688,83.64159393310547,146.3775634765625,139.1300048828125,39.904075622558594,79.95999908447266,40.715675354003906,96.3216781616211,35.177101135253906,229.4638671875,68.39703369140625,481.8069763183594,39.22140121459961,86.29515075683594,136.85580444335938,115.25,246.52273559570312,148.95770263671875,169.9971466064453,168.6380615234375,92.37881469726562,12.178030967712402,79.28500366210938,284.8766174316406,182.25193786621094,26.81599998474121,30.79474639892578,108.51829528808594,155.60931396484375,484.20123291015625,55.88999938964844,116.89735412597656,46.65999984741211,25.831480026245117,81.5487289428711,29.729999542236328,105.0462417602539,34.772735595703125,487.7928161621094,38.005043029785156,66.55003356933594,283.5545959472656,9.073941230773926,79.72770690917969,230.43414306640625,12.738882064819336,349.5307312011719,302.3800048828125,64.69705963134766,135.03628540039062,91.82864379882812,84.32913970947266,52.8100471496582,13.3100004196167,80.47274017333984,42.82799530029297,68.17271423339844,49.63242721557617,107.37098693847656
2022-10-21,143.74392700195312,114.40384674072266,548.7352905273438,447.8048095703125,130.70626831054688,56.777217864990234,28.020000457763672,82.1500015258789,25.660005569458008,77.09932708740234,74.22600555419922,414.18798828125,457.49261474609375,106.75305938720703,64.88829040527344,46.3269157409668,90.49131774902344,144.70556640625,408.24359130859375,81.99824523925781,134.6138153076172,177.10000610351562,43.70732879638672,215.0232696533203,33.76626968383789,142.11871337890625,72.13400268554688,58.81999969482422,87.49500274658203,100.65364074707031,156.32000732421875,39.028961181640625,128.9976806640625,296.6551513671875,171.08851623535156,154.39559936523438,214.44000244140625,86.09846496582031,150.04222106933594,141.32000732421875,40.98281478881836,80.9800033569336,42.55418395996094,99.69230651855469,36.84947204589844,235.2648162841797,68.54898834228516,491.58441162109375,39.21209716796875,88.89364624023438,141.10150146484375,119.31999969482422,252.07608032226562,152.20558166503906,180.3103485107422,168.243408203125,94.09430694580078,12.449671745300293,81.01499938964844,297.9743347167969,185.3183135986328,28.957000732421875,31.936981201171875,110.9058609008789,158.24725341796875,493.8580017089844,58.970001220703125,118.36099243164062,47.810001373291016,26.16522216796875,83.11717987060547,29.75,102.38695526123047,36.410911560058594,499.82647705078125,38.99821472167969,69.86551666259766,287.35113525390625,9.397736549377441,81.39962005615234,234.8441162109375,12.799891471862793,366.30340576171875,306.3699951171875,66.90437316894531,138.86976623535156,92.38431549072266,83.49361419677734,55.1211051940918,13.5600004196167,82.00279235839844,44.57246017456055,70.50448608398438,50.425392150878906,113.01091766357422
2022-10-24,145.48085021972656,116.86103820800781,561.7633056640625,458.2095642089844,134.11033630371094,56.856441497802734,27.649999618530273,82.43000030517578,25.85980796813965,77.29979705810547,74.77871704101562,416.78460693359375,475.4697570800781,107.34339141845703,66.36445617675781,47.92597961425781,91.72295379638672,146.84765625,408.8111877441406,83.10032653808594,136.1422119140625,174.77000427246094,44.54121780395508,218.8758544921875,34.46089172363281,143.53778076171875,73.31199645996094,58.70000076293945,87.62016296386719,102.1314926147461,157.97000122070312,39.16122817993164,128.70993041992188,299.82415771484375,176.00437927246094,158.51730346679688,211.25,87.62838745117188,149.990234375,142.0500030517578,41.32105255126953,80.61000061035156,43.1966667175293,99.37966918945312,37.33314895629883,240.24960327148438,59.973243713378906,499.7685546875,34.104759216308594,89.07515716552734,143.4326934814453,119.81999969482422,259.1481018066406,154.25344848632812,181.3341064453125,166.3058319091797,94.7520523071289,12.582500457763672,80.66999816894531,301.2739562988281,185.64935302734375,28.2450008392334,32.0466423034668,111.48491668701172,158.7215118408203,496.9761962890625,44.459999084472656,119.08820343017578,48.470001220703125,26.532339096069336,82.6569595336914,28.75,101.44252014160156,36.96299743652344,507.1966857910156,39.672481536865234,70.0769271850586,291.6720275878906,9.621308326721191,76.94427490234375,235.55453491210938,12.81956958770752,369.00970458984375,316.2200012207031,67.26590728759766,140.54747009277344,92.64423370361328,82.87690734863281,55.307952880859375,13.899999618530273,83.84236145019531,44.90298843383789,70.69137573242188,51.87615966796875,113.14959716796875
2022-10-25,145.9398651123047,117.07240295410156,584.272705078125,470.84271240234375,133.1593780517578,57.85113525390625,28.360000610351562,88.75,26.07863426208496,78.65074157714844,75.33145904541016,419.2354736328125,477.4693908691406,109.91676330566406,68.70098114013672,48.220062255859375,95.50243377685547,149.68728637695312,422.82440185546875,81.83155059814453,141.32334899902344,181.82000732421875,44.75208282470703,219.6611328125,35.70541000366211,144.5023956298828,75.33200073242188,61.470001220703125,92.73238372802734,104.07554626464844,162.11000061035156,39.96367645263672,136.4392852783203,305.52435302734375,181.85833740234375,159.04368591308594,222.4199981689453,87.93438720703125,151.5496368408203,146.64999389648438,41.47646713256836,84.08999633789062,43.53256607055664,101.95893859863281,37.37413787841797,243.5630645751953,60.03972244262695,509.27886962890625,35.13739013671875,90.9094009399414,146.96044921875,120.5999984741211,265.5521240234375,154.0098876953125,184.68963623046875,175.392578125,94.11209869384766,13.243631362915039,83.09500122070312,304.66522216796875,189.221923828125,29.101999282836914,32.33906173706055,110.41585540771484,163.28604125976562,497.7227478027344,47.529998779296875,120.45980072021484,50.22999954223633,26.765953063964844,86.14131927490234,29.829999923706055,104.73970794677734,37.65085220336914,505.9042663574219,40.41965103149414,70.28833770751953,302.9741516113281,9.89113712310791,78.2762680053711,235.93272399902344,13.232851028442383,374.49853515625,323.7900085449219,68.9404296875,140.0861053466797,97.08956909179688,88.76541900634766,54.944091796875,14.8100004196167,81.56057739257812,44.6826286315918,71.65254211425781,53.11966323852539,113.44546508789062
2022-10-26,142.07896423339844,118.90426635742188,585.9815673828125,468.9826354980469,135.55018615722656,57.78070831298828,28.200000762939453,81.5,25.888347625732422,79.14752197265625,76.1070556640625,421.43109130859375,477.842529296875,108.93905639648438,68.46550750732422,47.95354461669922,95.82209014892578,146.7493896484375,415.2991638183594,83.83194732666016,141.18878173828125,169.4499969482422,45.09394454956055,217.24058532714844,36.525455474853516,146.50572204589844,73.28199768066406,59.72999954223633,94.1187515258789,94.04786682128906,161.77000427246094,40.04304122924805,128.80914306640625,313.4712829589844,181.576904296875,159.7574005126953,224.63999938964844,88.5643310546875,153.42095947265625,133.7899932861328,41.77814483642578,83.37000274658203,43.63759231567383,102.22271728515625,37.75944137573242,224.77059936523438,65.06360626220703,497.7794494628906,38.179466247558594,89.69613647460938,147.82022094726562,115.66000366210938,265.4515075683594,155.3631591796875,186.69924926757812,176.63941955566406,95.23204803466797,12.879110336303711,83.36499786376953,307.6806945800781,197.93443298339844,29.86199951171875,32.62233352661133,112.75885772705078,157.99037170410156,501.72900390625,53.09000015258789,121.30665588378906,48.9900016784668,26.95785140991211,86.77055358886719,29.059999465942383,106.29718780517578,37.67824172973633,508.6668395996094,40.43787384033203,71.9028549194336,302.48870849609375,9.883426666259766,78.90094757080078,236.74461364746094,13.2485933303833,374.06817626953125,320.4800109863281,69.40662384033203,141.75538635253906,98.46977996826172,88.07909393310547,54.53104782104492,14.760000228881836,82.0116195678711,46.18838119506836,72.008544921875,53.516143798828125,114.74913024902344
2022-10-27,141.0799560546875,118.69292449951172,596.2532958984375,459.60467529296875,136.43011474609375,57.36698913574219,27.81999969482422,82.16000366210938,24.994009017944336,79.34799194335938,76.28535461425781,429.9679870605469,475.91595458984375,105.79383087158203,68.3477783203125,47.49404525756836,96.01951599121094,142.2786102294922,412.96038818359375,85.01737976074219,141.27529907226562,169.11000061035156,44.96295928955078,217.08352661132812,36.81488037109375,145.53187561035156,83.13400268554688,58.599998474121094,93.8106689453125,91.84595489501953,164.72999572753906,40.069488525390625,97.17740631103516,313.33392333984375,181.6800994873047,159.587890625,225.08999633789062,89.76126861572266,154.12269592285156,139.75999450683594,41.73244094848633,82.61000061035156,43.09068298339844,102.0370864868164,37.49710464477539,220.32998657226562,62.527915954589844,493.1479797363281,36.746803283691406,91.35840606689453,147.93544006347656,110.95999908447266,266.2840881347656,155.453369140625,201.0884246826172,178.21815490722656,95.59647369384766,13.158742904663086,84.06999969482422,309.0463562011719,198.8689422607422,29.694000244140625,32.777671813964844,112.82125091552734,157.8323211669922,505.9999084472656,53.11000061035156,121.39871215820312,48.2400016784668,27.725460052490234,85.03308868408203,34.099998474121094,106.04035949707031,38.034393310546875,507.3839111328125,40.47431564331055,72.21997833251953,310.0428771972656,10.022195816040039,78.34056854248047,244.58656311035156,13.158066749572754,377.32904052734375,318.6499938964844,73.57388305664062,139.65829467773438,99.49149322509766,86.8854751586914,51.34474182128906,14.630000114440918,81.98509216308594,46.51891326904297,71.81275177001953,53.642303466796875,115.2021713256836
2022-10-28,146.37777709960938,121.98674011230469,609.8233032226562,473.9137878417969,131.19509887695312,58.39689254760742,27.5,81.12999725341797,27.658004760742188,81.92784881591797,77.39973449707031,441.75738525390625,489.65069580078125,109.95364379882812,71.57182312011719,46.36366271972656,100.69214630126953,153.0281219482422,422.5406494140625,88.0550308227539,144.61083984375,159.69000244140625,45.53166961669922,224.16966247558594,37.480552673339844,148.74098205566406,84.08000183105469,62.0099983215332,94.07061004638672,95.79354095458984,163.64999389648438,40.67794418334961,98.42759704589844,323.2430419921875,186.4364776611328,162.57656860351562,228.52000427246094,90.68824005126953,155.92469787597656,143.83999633789062,42.37236022949219,84.20999908447266,44.7465705871582,103.51233673095703,38.88254165649414,229.19180297851562,60.53356170654297,498.6107177734375,35.22111511230469,92.36151123046875,148.4849853515625,103.41000366210938,273.2279968261719,157.7628936767578,207.913330078125,183.62713623046875,98.39636993408203,13.815882682800293,85.54000091552734,313.29925537109375,203.78492736816406,29.57200050354004,33.06094741821289,113.29340362548828,161.06304931640625,517.9055786132812,52.95000076293945,124.47327423095703,48.72999954223633,27.658706665039062,88.12297821044922,34.189998626708984,109.76834869384766,38.6462287902832,516.2241821289062,41.5859489440918,74.34382629394531,317.44171142578125,10.222640991210938,80.01248931884766,253.26815795898438,13.352898597717285,379.4902038574219,325.67999267578125,76.29497528076172,140.22869873046875,101.25708770751953,85.79132080078125,53.144412994384766,14.520000457763672,83.30288696289062,47.9450798034668,73.88404083251953,54.75065612792969,116.5705337524414
2022-10-31,145.71554565429688,121.79300689697266,593.4326782226562,457.6767578125,130.1197052001953,57.6398811340332,26.56999969482422,80.51000213623047,27.049091339111328,81.21315002441406,77.86329650878906,443.40643310546875,480.6698913574219,108.52400970458984,70.18620300292969,47.81570053100586,99.67676544189453,150.66989135742188,418.3425598144531,87.81424713134766,142.6979217529297,160.3000030517578,45.474151611328125,223.30120849609375,37.866458892822266,148.65750122070312,84.14800262451172,60.060001373291016,92.48207092285156,93.8891830444336,161.1999969482422,40.439849853515625,92.43463897705078,321.9774169921875,182.89027404785156,161.9967041015625,227.5399932861328,91.07520294189453,156.7217254638672,142.50999450683594,42.04326629638672,83.44000244140625,44.4835205078125,104.08877563476562,38.161128997802734,225.5576629638672,60.38161087036133,508.6354675292969,34.69084548950195,91.30108642578125,145.5865478515625,102.44000244140625,270.9225158691406,156.9509735107422,205.18338012695312,185.8517303466797,98.49414825439453,13.479324340820312,85.79499816894531,315.7647705078125,201.6627960205078,29.187999725341797,32.93301773071289,112.33126068115234,160.63821411132812,518.7559204101562,54.83000183105469,123.96696472167969,48.29999923706055,27.767173767089844,87.04292297363281,34.22999954223633,110.39796447753906,38.45446014404297,519.885986328125,41.39460754394531,75.0261459350586,311.92657470703125,10.307443618774414,79.54397583007812,251.55210876464844,13.278116226196289,378.5052185058594,318.5,75.80022430419922,140.7319793701172,99.25846862792969,83.1355209350586,53.20342254638672,14.640000343322754,83.75390625,47.62678909301758,73.83910369873047,53.93065643310547,116.3856201171875
2022-11-01,147.77474975585938,121.71372985839844,599.0279541015625,460.5444030761719,130.57296752929688,57.68388748168945,29.75,80.80000305175781,26.925403594970703,81.70123291015625,78.21989440917969,442.44989013671875,479.1938781738281,108.2196273803711,70.37638854980469,47.37458038330078,100.41951751708984,148.0267333984375,386.31365966796875,88.49031829833984,141.38104248046875,159.5,45.26967239379883,225.09353637695312,37.96294403076172,146.71908569335938,83.71199798583984,59.65999984741211,92.270263671875,89.7630386352539,160.52999877929688,40.757301330566406,94.45872497558594,326.8927307128906,181.576904296875,161.26512145996094,227.82000732421875,89.77928161621094,157.8652801513672,143.3800048828125,42.920867919921875,82.88999938964844,44.27345275878906,103.56119537353516,39.35802459716797,221.70974731445312,62.546913146972656,512.31689453125,35.76068878173828,89.8203125,145.887939453125,96.79000091552734,270.8584289550781,156.1570587158203,207.11709594726562,186.47067260742188,99.4719009399414,13.52526569366455,85.38500213623047,319.4951171875,201.43890380859375,28.674999237060547,33.0792236328125,113.83683013916016,157.90147399902344,506.3495788574219,53.88999938964844,124.16029357910156,47.88999938964844,27.700424194335938,88.06661987304688,34.790000915527344,109.56949615478516,38.56404495239258,512.5438842773438,41.42193603515625,74.10356903076172,306.9551696777344,10.330571174621582,80.01248931884766,251.81968688964844,14.565189361572266,371.70623779296875,316.0199890136719,76.00952911376953,140.42161560058594,97.28675842285156,82.66801452636719,53.950828552246094,15.149999618530273,83.68317413330078,47.87163543701172,75.2319564819336,53.74142074584961,118.4843978881836
2022-11-02,143.77423095703125,120.50719451904297,586.9095458984375,432.40093994140625,128.44873046875,57.04129409790039,28.809999465942383,74.4800033569336,26.088150024414062,80.95167541503906,76.47257995605469,439.1972351074219,463.42718505859375,103.7646484375,69.9869613647461,46.99778747558594,97.03491973876953,142.5045928955078,376.7822570800781,87.19375610351562,137.93972778320312,147.75,44.9693489074707,219.3655242919922,37.16218566894531,143.35226440429688,78.53600311279297,58.630001068115234,90.46991729736328,86.36097717285156,147.99000549316406,40.1664924621582,89.83502197265625,313.77545166015625,174.22190856933594,159.0169219970703,214.97999572753906,89.45530700683594,154.64251708984375,147.41000366210938,42.85688018798828,78.5999984741211,43.15030288696289,99.47736358642578,38.587425231933594,213.86830139160156,61.44526290893555,485.8841857910156,37.0631103515625,88.49241638183594,141.99676513671875,92.12000274658203,264.1524963378906,153.75729370117188,203.36341857910156,184.05770874023438,97.42752838134766,13.201687812805176,80.88999938964844,320.6042785644531,195.61758422851562,27.299999237060547,32.97870635986328,112.7054214477539,148.20919799804688,501.0769958496094,53.61000061035156,122.37446594238281,43.15999984741211,27.333311080932617,84.80768585205078,33.5099983215332,106.73625183105469,38.39053726196289,508.91033935546875,40.61099624633789,72.19115447998047,301.7215881347656,10.068453788757324,77.69754791259766,249.43942260742188,14.045636177062988,369.0670471191406,301.2200012207031,75.09616088867188,138.0561065673828,95.66455841064453,79.02748107910156,52.56418991088867,14.0,85.61119079589844,47.375823974609375,75.81607055664062,52.9935188293457,117.39340209960938
2022-11-03,141.9871368408203,118.4286880493164,582.3158569335938,427.4744873046875,128.35984802246094,57.08530044555664,28.729999542236328,75.01000213623047,26.059606552124023,81.24800872802734,74.90353393554688,441.7118225097656,466.0917053222656,95.81398010253906,70.80204010009766,47.60432052612305,92.90754699707031,136.46173095703125,357.1715393066406,87.79571533203125,133.91207885742188,150.47000122070312,44.95976257324219,218.1275177001953,37.15254211425781,143.68618774414062,77.11199951171875,60.11000061035156,89.23759460449219,82.81013488769531,141.52999877929688,39.311134338378906,88.21772003173828,303.3266906738281,168.69625854492188,158.60650634765625,215.30999755859375,88.87032318115234,156.92100524902344,156.75,41.90000915527344,78.38999938964844,42.02334976196289,96.96649932861328,38.504737854003906,208.18389892578125,61.92960739135742,481.8861083984375,37.62128448486328,91.20555877685547,141.64219665527344,89.30000305175781,257.5378112792969,154.0188751220703,207.8374786376953,180.5952606201172,98.7519302368164,13.403423309326172,74.8499984741211,319.7610168457031,189.58212280273438,26.9060001373291,32.795955657958984,119.21778106689453,144.57339477539062,496.5509338378906,56.970001220703125,121.53680419921875,42.43000030517578,27.566932678222656,84.90160369873047,33.7400016784668,107.13391876220703,37.9248046875,509.07891845703125,39.9549446105957,72.10466766357422,300.3233947753906,10.222640991210938,77.78939819335938,251.81968688964844,14.195204734802246,376.41107177734375,285.92999267578125,75.11518859863281,137.5779571533203,96.80278778076172,76.14291381835938,52.59369659423828,13.720000267028809,86.4955825805664,47.97568893432617,75.14212036132812,52.96648406982422,117.60606384277344
2022-11-04,147.54795837402344,120.62167358398438,602.8408203125,455.49853515625,129.1242218017578,57.138126373291016,28.389999389648438,70.37999725341797,27.19263458251953,81.58792877197266,75.46519470214844,438.84197998046875,466.2067565917969,98.40577697753906,71.363525390625,48.79902267456055,96.39558410644531,136.19595336914062,353.4530029296875,88.1846923828125,139.11245727539062,132.30999755859375,45.03963851928711,218.82962036132812,37.62527847290039,145.3000030517578,72.3499984741211,62.189998626708984,92.44355773925781,85.9939956665039,127.55999755859375,40.25667190551758,90.08307647705078,312.3528137207031,170.88211059570312,159.4986572265625,207.47000122070312,89.27529907226562,158.9049072265625,160.00999450683594,43.004093170166016,77.45999908447266,44.027435302734375,97.28890991210938,39.04216766357422,215.12173461914062,66.29821014404297,490.4067077636719,41.28666687011719,92.30420684814453,141.49154663085938,90.9800033569336,259.85247802734375,154.7045135498047,215.97999572753906,182.91848754882812,99.82742309570312,14.13746166229248,71.1050033569336,328.0467834472656,191.75291442871094,26.07900047302246,33.61836242675781,117.88143157958984,138.09214782714844,493.96197509765625,61.88999938964844,123.75525665283203,40.86000061035156,28.3011531829834,89.96376037597656,32.150001525878906,107.73867797851562,38.80147171020508,503.98443603515625,40.565433502197266,73.03684997558594,307.2173156738281,10.415373802185059,84.38516235351562,253.36036682128906,14.679332733154297,377.80718994140625,285.75,75.21035766601562,138.9872283935547,96.4532470703125,74.78019714355469,55.229270935058594,13.739999771118164,88.05216979980469,49.6222038269043,76.24740600585938,53.399009704589844,120.82356262207031
2022-11-07,150.3057098388672,121.83704376220703,621.3536376953125,469.7146911621094,131.630615234375,55.773712158203125,27.690000534057617,69.4800033569336,27.395130157470703,80.38516235351562,76.25862121582031,445.1831359863281,468.25775146484375,101.5417709350586,69.99600982666016,50.37052536010742,98.4733657836914,136.72743225097656,362.1819152832031,89.06450653076172,141.28488159179688,129.10000610351562,45.512489318847656,222.10943603515625,38.001522064208984,147.69293212890625,72.63999938964844,63.08000183105469,93.93582916259766,87.9281234741211,124.68000030517578,40.79188537597656,95.96690368652344,318.98504638671875,175.01931762695312,160.7744598388672,197.0800018310547,90.05825805664062,160.8022003173828,164.91000366210938,43.30772018432617,79.61000061035156,44.96609115600586,98.11934661865234,38.93468475341797,221.41831970214844,66.20323944091797,486.9925842285156,41.40760040283203,93.14488220214844,141.70425415039062,90.52999877929688,265.561279296875,156.0577850341797,216.70042419433594,181.21417236328125,101.00961303710938,14.282270431518555,72.2249984741211,332.30877685546875,194.79014587402344,25.860000610351562,33.81938552856445,120.2155532836914,142.8542938232422,505.3007507324219,61.720001220703125,125.65154266357422,42.5099983215332,28.643239974975586,87.7567138671875,32.2400016784668,107.564697265625,38.737545013427734,510.3993225097656,40.592769622802734,73.74799346923828,309.98468017578125,10.561851501464844,83.08988952636719,255.01182556152344,14.858421325683594,381.326171875,299.5400085449219,75.78119659423828,141.872802734375,97.62732696533203,77.24700927734375,55.62265396118164,14.140000343322754,89.48491668701172,51.08510208129883,76.89439392089844,53.606266021728516,121.46153259277344
2022-11-08,152.50103759765625,123.33422088623047,630.5687866210938,489.34320068359375,132.01278686523438,56.293067932128906,27.440000534057617,70.48999786376953,27.462631225585938,81.2305908203125,71.48910522460938,450.1849365234375,472.29290771484375,103.80155181884766,70.88352966308594,50.260250091552734,99.22550201416016,137.29824829101562,374.3750305175781,89.15711975097656,144.38011169433594,129.16000366210938,45.62112045288086,226.38699340820312,37.67351150512695,147.9711456298828,74.22799682617188,63.849998474121094,94.32093048095703,88.18599700927734,127.0,41.139766693115234,95.71883392333984,319.5933532714844,176.7079315185547,161.2205352783203,191.3000030517578,91.34521484375,160.5682830810547,169.6199951171875,43.40892791748047,78.30999755859375,45.6180305480957,97.6015396118164,39.14965057373047,222.38998413085938,64.70272064208984,487.0618591308594,42.31930160522461,94.98866271972656,143.25543212890625,89.9800033569336,266.3573303222656,156.83367919921875,217.83786010742188,182.11119079589844,101.32960510253906,14.582877159118652,77.08499908447266,333.64697265625,196.42555236816406,26.34600067138672,33.910770416259766,119.77011108398438,145.33416748046875,511.12115478515625,62.91999816894531,125.93689727783203,41.20000076293945,28.142629623413086,88.0478515625,32.79999923706055,107.54814910888672,38.99324035644531,517.919189453125,40.64744186401367,72.69087219238281,310.654541015625,10.577269554138184,85.2027359008789,256.8477783203125,15.116230010986328,386.87249755859375,302.1700134277344,75.76216888427734,141.5876007080078,98.36222839355469,80.69854736328125,56.537235260009766,10.899999618530273,89.90058135986328,51.41562271118164,76.63380432128906,53.70537567138672,121.53549194335938
2022-11-09,149.6707000732422,122.44303131103516,615.2163696289062,475.61285400390625,131.20399475097656,55.8441276550293,26.549999237060547,67.22000122070312,26.536924362182617,81.44847869873047,70.686767578125,442.0398254394531,469.61883544921875,101.85538482666016,70.82014465332031,48.771461486816406,95.39900207519531,132.7413787841797,360.65533447265625,88.10134887695312,140.20828247070312,126.26000213623047,44.560394287109375,222.0817108154297,36.718406677246094,146.57994079589844,72.25399780273438,59.91999816894531,93.91657257080078,86.68830108642578,122.36000061035156,40.46183776855469,100.67990112304688,309.6745300292969,175.08497619628906,159.29348754882812,177.58999633789062,91.42618560791016,154.14866638183594,168.74000549316406,42.29563903808594,71.83999633789062,44.422019958496094,84.75408935546875,38.628761291503906,218.15342712402344,61.578224182128906,479.67926025390625,39.500492095947266,92.91560363769531,135.60601806640625,86.13999938964844,262.3409729003906,155.57968139648438,213.79034423828125,180.33509826660156,96.79644012451172,13.75795841217041,75.78500366210938,331.7954406738281,189.205810546875,25.465999603271484,33.37164306640625,111.59183502197266,140.35467529296875,503.7604675292969,59.15999984741211,125.63311767578125,39.79999923706055,27.26555061340332,86.49819946289062,30.899999618530273,105.75041198730469,38.44532775878906,506.3162841796875,40.00961685180664,72.71011352539062,304.9840393066406,10.261187553405762,84.65762329101562,256.2850036621094,14.854484558105469,379.7197265625,298.8699951171875,74.67451477050781,137.5779571533203,97.5018310546875,78.26158142089844,55.04243087768555,10.640000343322754,88.05216979980469,50.89535903930664,74.98934936523438,52.95747375488281,119.95449829101562
2022-11-10,158.47007751464844,125.86526489257812,698.0786743164062,544.925048828125,133.07046508789062,57.84233093261719,28.850000381469727,76.5199966430664,28.6969051361084,84.62972259521484,72.96006774902344,447.1328125,491.81689453125,111.30950164794922,75.3482894897461,48.79902267456055,107.26831817626953,144.5519561767578,394.6022033691406,90.61111450195312,148.7538299560547,145.3800048828125,45.483741760253906,235.47793579101562,38.33918762207031,153.96270751953125,80.81199645996094,68.47000122070312,103.1878890991211,93.40316009521484,135.75999450683594,43.19140625,110.99893188476562,330.89556884765625,191.6806640625,162.103759765625,190.72000122070312,91.69618225097656,157.06825256347656,177.5800018310547,44.117374420166016,82.2300033569336,47.93247604370117,88.37872314453125,39.17445373535156,236.10044860839844,66.26021575927734,515.1769409179688,42.8216552734375,97.95975494384766,145.7017822265625,96.62999725341797,285.1671142578125,157.40206909179688,220.34034729003906,198.14974975585938,98.21862030029297,15.729372024536133,81.7300033569336,346.7445983886719,200.5623016357422,27.496999740600586,34.84284210205078,115.33353424072266,154.4237060546875,502.2959289550781,64.05000305175781,129.9595947265625,45.5,27.788423538208008,93.438720703125,36.5099983215332,114.87155151367188,40.24431228637695,509.6033630371094,41.60416793823242,74.16122436523438,336.1622314453125,10.931901931762695,88.9353256225586,254.5227813720703,15.842422485351562,389.77947998046875,329.95001220703125,74.95121765136719,145.9009246826172,106.0609130859375,86.3384017944336,59.27117156982422,11.279999732971191,88.36172485351562,52.26032257080078,79.79691314697266,54.858787536621094,124.89171600341797
2022-11-11,162.82443237304688,127.59422302246094,711.8049926757812,560.1322021484375,133.46153259277344,57.296573638916016,29.149999618530273,82.3499984741211,29.342975616455078,82.94757843017578,74.48454284667969,422.6155090332031,494.0597229003906,112.00127410888672,75.44791412353516,50.37970733642578,109.94482421875,147.33729553222656,399.2994079589844,86.7306900024414,148.88841247558594,159.41000366210938,45.55403137207031,230.25802612304688,39.6705436706543,162.87588500976562,81.98200225830078,72.37000274658203,106.06651306152344,95.94231414794922,143.1199951171875,44.770263671875,112.13996887207031,332.87744140625,196.08995056152344,158.847412109375,195.97000122070312,88.15936279296875,161.5386199951172,177.49000549316406,43.74934768676758,88.31999969482422,49.022518157958984,92.82405090332031,39.35635757446289,240.113525390625,67.20991516113281,533.0891723632812,45.51952362060547,99.66024017333984,153.6259307861328,100.79000091552734,288.13140869140625,152.69271850585938,224.16990661621094,200.26669311523438,101.28515625,16.305620193481445,82.66000366210938,353.0321960449219,200.00616455078125,29.01300048828125,35.09870147705078,119.34251403808594,155.8365478515625,465.549072265625,65.18000030517578,129.7662811279297,53.0,28.539003372192383,99.63727569580078,39.439998626708984,116.37100982666016,40.65525817871094,488.9165344238281,40.81145095825195,74.7090072631836,345.8622741699219,11.17860221862793,89.97008514404297,250.38043212890625,16.352134704589844,388.26861572265625,341.1499938964844,74.7603988647461,150.8709259033203,104.08023071289062,90.5458984375,61.48387145996094,12.699999809265137,86.27449798583984,52.82955551147461,81.57617950439453,55.25527572631836,125.09513854980469
2022-11-14,160.9647216796875,128.5121612548828,680.9349975585938,561.4732055664062,134.86587524414062,56.81241226196289,29.06999969482422,78.12000274658203,29.265832901000977,83.19160461425781,73.90505981445312,420.9573974609375,488.5102233886719,111.42017364501953,73.95364379882812,49.69046401977539,105.5186538696289,145.93968200683594,389.1417541503906,86.08240509033203,148.15786743164062,157.83999633789062,44.215335845947266,231.0433349609375,38.522499084472656,162.08750915527344,80.08000183105469,73.52999877929688,104.77642822265625,95.2480239868164,142.00999450683594,43.72661590576172,113.33063507080078,332.9559020996094,191.9996337890625,157.66978454589844,190.9499969482422,90.31025695800781,161.61660766601562,173.5500030517578,43.12370300292969,84.3499984741211,48.561702728271484,92.11084747314453,40.71232986450195,234.71096801757812,67.74175262451172,529.2197875976562,47.305694580078125,99.45005798339844,153.57273864746094,98.48999786376953,280.7940368652344,155.09249877929688,224.17935180664062,193.19825744628906,101.58084106445312,16.273664474487305,80.86499786376953,350.45660400390625,201.82090759277344,29.927000045776367,34.50474166870117,118.96688842773438,156.75538635253906,455.1929626464844,65.38999938964844,129.7754669189453,51.54999923706055,28.294437408447266,98.0406723022461,38.400001525878906,111.9305648803711,39.79684829711914,481.1156921386719,40.765899658203125,75.46820068359375,337.5798034667969,10.9526948928833,90.00706481933594,251.19227600097656,16.220277786254883,389.1387939453125,340.3699951171875,72.95722961425781,150.5322723388672,100.82688903808594,89.03398895263672,60.75613784790039,12.949999809265137,85.93840789794922,52.5357551574707,80.70451354980469,54.72361373901367,123.80996704101562
2022-11-15,161.0826873779297,128.63690185546875,680.1631469726562,580.5672607421875,136.0212860107422,58.00078201293945,31.56999969482422,86.0999984741211,29.61297035217285,84.65587615966797,74.35081481933594,425.7041931152344,504.602783203125,116.23484802246094,75.0856704711914,50.24185562133789,97.943115234375,147.67189025878906,398.30120849609375,88.71257781982422,147.92715454101562,163.49000549316406,47.106788635253906,234.0366973876953,38.821563720703125,163.47872924804688,83.89600372314453,76.37000274658203,105.71992492675781,97.91612243652344,148.3000030517578,43.735538482666016,116.16836547851562,337.0177001953125,195.9210662841797,158.08016967773438,194.4199981689453,89.6352767944336,162.91610717773438,175.35000610351562,42.97649002075195,87.44000244140625,49.62146759033203,93.31254577636719,40.15836715698242,235.11907958984375,75.31082153320312,540.4223022460938,50.68268585205078,100.3576431274414,159.6378936767578,98.94000244140625,285.37762451171875,155.5255584716797,222.36886596679688,196.9656982421875,102.26180267333984,16.644176483154297,81.19000244140625,350.93328857421875,204.87461853027344,31.020000457763672,34.449920654296875,119.91482543945312,160.12445068359375,473.12701416015625,70.97000122070312,129.32443237304688,53.31999969482422,28.598039627075195,100.21958923339844,40.02000045776367,112.66790008544922,40.0251579284668,471.05792236328125,40.91168212890625,76.09286499023438,344.366943359375,11.139652252197266,90.38587188720703,247.1052703857422,16.271448135375977,389.1675109863281,345.9599914550781,74.70316314697266,153.6480712890625,101.05094909667969,89.38212585449219,62.054264068603516,13.069999694824219,86.43368530273438,53.33760070800781,81.32455444335938,54.63351058959961,122.91314697265625
2022-11-16,157.35427856445312,128.79733276367188,667.962158203125,560.3848876953125,134.9813995361328,57.94797134399414,30.040000915527344,82.44000244140625,28.475126266479492,85.3618392944336,72.90658569335938,424.783935546875,502.3407287597656,111.35562896728516,76.36259460449219,48.69793701171875,96.2407455444336,146.441650390625,385.2274169921875,87.37897491455078,146.65830993652344,154.14999389648438,47.445457458496094,234.31385803222656,37.11395263671875,158.38687133789062,82.44000244140625,72.69999694824219,106.9233627319336,98.18391418457031,143.64999389648438,43.14680480957031,112.34835815429688,336.2818908691406,201.82196044921875,159.09719848632812,186.9199981689453,89.93226623535156,160.26507568359375,172.69000244140625,42.516456604003906,83.5,48.42071533203125,91.78843688964844,39.72842025756836,235.54783630371094,74.22816467285156,530.4468994140625,49.76169204711914,99.37364959716797,138.66859436035156,97.12000274658203,288.10394287109375,156.4908905029297,220.31192016601562,196.5799560546875,101.1686782836914,15.88916301727295,79.54499816894531,350.42913818359375,205.0209503173828,30.601999282836914,34.139225006103516,115.57756042480469,153.2578887939453,477.2940673828125,67.55999755859375,130.47508239746094,49.54999923706055,28.648637771606445,98.82959747314453,38.5099983215332,112.34478759765625,40.00688171386719,479.0273132324219,40.44698715209961,76.77518463134766,343.4056701660156,10.828054428100586,89.68367767333984,251.41372680664062,15.968376159667969,388.6224365234375,338.4100036621094,73.85404205322266,149.91415405273438,101.8575668334961,86.57711791992188,57.89436340332031,11.970000267028809,84.99209594726562,51.96651077270508,80.71351623535156,54.53438949584961,123.07955169677734
2022-11-17,159.07785034179688,130.19654846191406,662.7068481445312,572.3660278320312,135.2391357421875,57.14692306518555,28.8799991607666,79.0,28.822261810302734,84.11576843261719,71.26624298095703,430.73333740234375,499.6667175292969,113.32022094726562,74.5785140991211,48.55089569091797,94.04656219482422,148.34120178222656,373.6998596191406,88.05899810791016,144.80308532714844,147.69000244140625,47.285701751708984,234.24920654296875,37.27796173095703,159.1009979248047,80.11599731445312,73.9000015258789,107.65505981445312,97.69790649414062,139.22999572753906,43.03976058959961,110.58219909667969,334.82000732421875,195.50828552246094,160.61387634277344,183.1699981689453,92.07414245605469,160.71905517578125,172.77999877929688,42.314048767089844,82.58999633789062,48.45668411254883,89.34595489501953,39.959938049316406,235.4990692138672,80.02130126953125,524.390380859375,53.51079559326172,99.45005798339844,144.5018310546875,94.8499984741211,284.92926025390625,157.75392150878906,218.43505859375,194.05935668945312,101.3030776977539,15.656468391418457,78.27999877929688,348.0919189453125,205.85025024414062,29.527999877929688,33.96561050415039,117.32140350341797,147.89306640625,490.2579040527344,70.55000305175781,129.6742401123047,47.439998626708984,28.9691162109375,98.9516830444336,37.720001220703125,110.69617462158203,40.07080841064453,482.5766296386719,42.451568603515625,76.1120834350586,336.7059326171875,10.835844993591309,89.59129333496094,252.1978759765625,15.907366752624512,394.9241638183594,337.8299865722656,74.321533203125,149.06748962402344,100.65660095214844,85.1845703125,57.76652908325195,11.350000381469727,83.95733642578125,52.26643371582031,79.93172454833984,54.705596923828125,122.54326629638672
2022-11-18,158.91455078125,131.57791137695312,662.063720703125,576.3790893554688,137.74554443359375,58.330078125,28.959999084472656,76.5199966430664,28.802978515625,85.23416137695312,72.47866821289062,434.4231872558594,501.9190673828125,114.23336791992188,75.3482894897461,49.11148452758789,93.59259033203125,148.90219116210938,371.9284973144531,88.83218383789062,146.5910186767578,146.1999969482422,47.99818801879883,236.53115844726562,38.36812973022461,162.05043029785156,79.8759994506836,73.56999969482422,104.7379150390625,97.00360870361328,138.99000549316406,43.40549087524414,111.17752838134766,337.1942443847656,196.94363403320312,161.77362060546875,180.19000244140625,93.80207061767578,159.75869750976562,173.88999938964844,42.78327560424805,81.63999938964844,48.74526596069336,89.68791198730469,39.87725067138672,235.05084228515625,76.43145751953125,529.684814453125,52.16185760498047,99.55513763427734,145.27781677246094,94.13999938964844,286.5211486816406,158.96279907226562,219.37347412109375,193.69158935546875,100.42498016357422,15.38882064819336,83.73999786376953,347.56036376953125,205.66488647460938,28.79800033569336,33.9838752746582,114.99626159667969,146.2628631591797,491.741455078125,70.1500015258789,131.23910522460938,46.0,28.707677841186523,99.0080337524414,36.59000015258789,112.53533935546875,40.691776275634766,496.3333740234375,43.54497146606445,76.62141418457031,335.83197021484375,10.898163795471191,90.4967041015625,252.2071533203125,15.820773124694824,396.13861083984375,330.8599853515625,76.14379119873047,151.53134155273438,102.67314147949219,84.46839141845703,57.60918426513672,11.210000038146973,86.09759521484375,52.32152557373047,80.1563720703125,55.093074798583984,123.74525451660156
2022-11-21,156.3927001953125,130.72235107421875,664.9027099609375,563.873291015625,139.63868713378906,58.47240447998047,28.25,73.3499984741211,27.906198501586914,85.45430755615234,73.36125183105469,438.1768493652344,501.6315612792969,110.86676788330078,75.71055603027344,48.0362548828125,95.81513977050781,145.6739501953125,366.9671325683594,89.61466979980469,146.88900756835938,141.13999938964844,48.29212951660156,237.9908905029297,38.1269416809082,161.04872131347656,77.47599792480469,72.45999908447266,104.4587173461914,95.04963684082031,135.55999755859375,43.60172653198242,109.00459289550781,331.8570861816406,197.26260375976562,164.8872833251953,167.8699951171875,95.04400634765625,158.23089599609375,172.94000244140625,43.09609603881836,80.26000213623047,48.96101379394531,95.33492279052734,39.835914611816406,235.859619140625,73.06004333496094,530.7140502929688,48.84069061279297,100.64422607421875,140.94302368164062,92.45999908447266,289.814697265625,159.7799835205078,220.07493591308594,197.26168823242188,99.430419921875,15.296940803527832,85.30999755859375,348.4860534667969,201.29400634765625,28.5049991607666,34.093536376953125,112.22396850585938,143.11117553710938,498.7809143066406,67.62000274658203,132.90525817871094,44.18000030517578,27.94022560119629,97.51473236083984,35.209999084472656,115.24435424804688,40.773963928222656,484.33709716796875,43.390071868896484,76.70790100097656,337.3370666503906,10.86700439453125,90.83856964111328,253.26815795898438,15.564933776855469,393.6905822753906,321.489990234375,76.32505798339844,152.919921875,103.02266693115234,80.20120239257812,56.21270751953125,11.050000190734863,86.57521057128906,52.572479248046875,80.04853820800781,55.940101623535156,123.01483154296875
2022-11-22,160.76513671875,132.87908935546875,673.8604736328125,579.3428955078125,142.02064514160156,58.66810607910156,28.079999923706055,72.33000183105469,28.7547607421875,86.01789855957031,69.47431945800781,436.8648681640625,509.8551940917969,114.04887390136719,76.17241668701172,49.295291900634766,96.04212951660156,147.80972290039062,383.8280944824219,90.2201919555664,148.59042358398438,143.36000061035156,48.46466064453125,242.02818298339844,38.56107711791992,162.93150329589844,80.05599975585938,75.25,105.53700256347656,96.53742980957031,135.8000030517578,44.00313949584961,110.57228088378906,338.44024658203125,201.2028045654297,164.90512084960938,169.91000366210938,96.20494079589844,162.29054260253906,172.5,43.344520568847656,77.1500015258789,50.15419387817383,93.99644470214844,40.580047607421875,238.7633819580078,72.16732788085938,539.0961303710938,47.96621322631836,101.29386138916016,140.80030822753906,93.19999694824219,297.2252502441406,160.5518035888672,224.89976501464844,195.66502380371094,102.3066177368164,16.016996383666992,85.83499908447266,351.8406066894531,205.206298828125,28.66900062561035,34.258018493652344,116.23931121826172,147.45834350585938,495.7383728027344,66.76000213623047,134.0467071533203,43.86000061035156,29.424530029296875,99.52458953857422,35.279998779296875,115.24435424804688,41.3127555847168,489.86236572265625,44.08256530761719,78.91822814941406,342.02685546875,10.96048355102539,90.94019317626953,253.4895477294922,15.988053321838379,398.3379821777344,330.8800048828125,77.52717590332031,154.7233428955078,103.76654815673828,79.48504638671875,57.64850997924805,11.050000190734863,88.00794219970703,53.435543060302734,80.5787124633789,56.18339920043945,124.854736328125
2022-11-23,162.36172485351562,132.56715393066406,676.4972534179688,586.766845703125,141.66513061523438,59.03284454345703,28.790000915527344,75.30999755859375,28.61012077331543,86.77520751953125,70.44605255126953,438.2953186035156,512.2897338867188,115.43242645263672,77.29655456542969,47.25510787963867,96.1177749633789,148.68565368652344,387.3705749511719,90.48101806640625,147.965576171875,146.4499969482422,48.69789123535156,242.59178161621094,38.69614791870117,163.57150268554688,81.8740005493164,76.4000015258789,105.75843811035156,98.01531219482422,140.88999938964844,43.03083801269531,111.36605072021484,342.05078125,197.96620178222656,165.1192626953125,183.1999969482422,96.13294219970703,160.85000610351562,174.85000610351562,43.546939849853516,76.13999938964844,50.49387741088867,96.6050033569336,40.38987731933594,241.2482147216797,74.55105590820312,541.6097412109375,48.6174201965332,102.16322326660156,145.7505340576172,94.12999725341797,294.1421203613281,160.72430419921875,224.57749938964844,195.7726593017578,101.79589080810547,16.497365951538086,86.55000305175781,354.02215576171875,206.57220458984375,29.149999618530273,34.36767578125,113.34185028076172,150.41244506835938,493.55572509765625,66.70999908447266,134.81076049804688,46.349998474121094,29.500423431396484,100.16322326660156,36.77000045776367,116.0810775756836,41.54104995727539,496.0619201660156,44.25568389892578,79.3410873413086,347.8721923828125,10.929323196411133,91.947265625,252.1148223876953,16.176986694335938,418.3811340332031,335.7799987792969,77.67030334472656,154.80799865722656,103.54249572753906,80.32057189941406,57.95337677001953,11.3100004196167,88.49435424804688,53.784427642822266,80.8123550415039,56.43570327758789,126.18611145019531
2022-11-25,160.62908935546875,132.2284698486328,677.8387451171875,575.0965576171875,141.86953735351562,59.52211380004883,28.5,74.83999633789062,28.291912078857422,87.72627258300781,70.53520965576172,440.4727478027344,511.4939880371094,113.86441040039062,77.67884826660156,46.712890625,96.2029037475586,145.77236938476562,384.0628967285156,90.79776000976562,148.1770782470703,144.72000122070312,48.90556335449219,243.85755920410156,39.03379821777344,163.88685607910156,81.44200134277344,75.13999938964844,106.52864074707031,96.80522918701172,140.0500030517578,43.07543182373047,110.54252624511719,344.6506042480469,197.91929626464844,164.25381469726562,182.86000061035156,96.74491119384766,160.37857055664062,178.36000061035156,43.648136138916016,75.4000015258789,50.14094924926758,96.59524536132812,40.687530517578125,241.16049194335938,71.70196533203125,545.5286254882812,46.031192779541016,102.33517456054688,145.72377014160156,93.41000366210938,298.5975341796875,160.93316650390625,223.42103576660156,197.41419982910156,101.43749237060547,16.248695373535156,86.38500213623047,356.4143371582031,208.58203125,28.554000854492188,34.449920654296875,113.40443420410156,151.5091552734375,500.4005432128906,65.75,135.05929565429688,46.029998779296875,29.744997024536133,99.51519775390625,36.790000915527344,116.96748352050781,41.705421447753906,503.4695129394531,44.100791931152344,79.49484252929688,348.3490905761719,10.968274116516113,91.98420715332031,253.71090698242188,16.312772750854492,422.1582946777344,334.29998779296875,77.8611068725586,154.53709411621094,104.3132553100586,79.65413665771484,57.44199752807617,11.140000343322754,89.55564880371094,53.949684143066406,81.69300079345703,56.489768981933594,126.42652130126953
2022-11-28,156.93698120117188,130.27674865722656,662.578125,566.8370971679688,140.81185913085938,58.57026290893555,27.760000228881836,73.47000122070312,27.703699111938477,86.83685302734375,67.86963653564453,440.2450256347656,508.8680114746094,110.25801849365234,76.21337127685547,45.83984375,94.17897033691406,141.94378662109375,377.37921142578125,90.26676940917969,145.02415466308594,141.07000732421875,49.046138763427734,238.66529846191406,37.99188995361328,160.6499481201172,80.38600158691406,73.19000244140625,103.97734069824219,95.46622467041016,139.4499969482422,42.12989807128906,107.93299865722656,338.0772705078125,196.10865783691406,164.0575408935547,182.9199981689453,97.59986877441406,155.71652221679688,171.8300018310547,43.224910736083984,71.58999633789062,49.412349700927734,93.48841094970703,40.98518371582031,235.57704162597656,72.06285095214844,534.4251098632812,46.43121337890625,100.38629150390625,147.49871826171875,93.94999694824219,291.7726135253906,161.01487731933594,220.19815063476562,191.8706512451172,98.39105224609375,15.806272506713867,85.69499969482422,350.45660400390625,206.11366271972656,28.117000579833984,33.68232345581055,110.7484130859375,151.84506225585938,497.6037902832031,74.05000305175781,134.94879150390625,45.790000915527344,29.289583206176758,98.57601165771484,38.029998779296875,113.9271240234375,40.91094207763672,498.4593200683594,43.8092155456543,78.21669006347656,341.6334228515625,10.695624351501465,91.15270233154297,251.75506591796875,16.171077728271484,421.90972900390625,328.9700012207031,76.16287231445312,152.32725524902344,99.89479064941406,79.50493621826172,54.82607650756836,10.699999809265137,88.80391693115234,52.31540298461914,80.77641296386719,56.498779296875,124.216796875
2022-11-29,156.9188232421875,130.5530242919922,655.99072265625,562.4448852539062,140.60745239257812,58.47240447998047,27.760000228881836,72.05999755859375,27.86762809753418,86.2468490600586,68.18164825439453,441.055908203125,506.98931884765625,109.1880874633789,75.08468627929688,46.915069580078125,96.54338836669922,138.94192504882812,371.5762634277344,90.760498046875,148.43661499023438,136.55999755859375,48.87361526489258,237.49197387695312,38.34883117675781,164.92564392089844,79.37000274658203,73.38999938964844,102.93756103515625,94.66282653808594,138.0,42.43319320678711,108.60769653320312,336.6448669433594,194.63583374023438,162.89776611328125,180.8300018310547,97.95085906982422,158.0475311279297,175.32000732421875,43.76775360107422,70.56999969482422,49.33476638793945,92.51141357421875,40.919036865234375,234.18362426757812,75.84264373779297,534.1480102539062,49.53841781616211,100.63467407226562,148.39064025878906,92.41999816894531,289.0645446777344,159.8889617919922,222.8712615966797,194.84873962402344,99.04511260986328,15.61851692199707,85.25499725341797,351.6940002441406,203.96730041503906,28.09600067138672,33.81025695800781,111.11506652832031,149.85916137695312,500.8934631347656,78.43000030517578,133.91781616210938,44.560001373291016,29.778732299804688,99.78755950927734,37.150001525878906,115.24435424804688,40.94746780395508,494.4604797363281,43.991451263427734,77.69774627685547,337.8668212890625,10.71120548248291,91.15270233154297,250.3988800048828,16.182886123657227,421.68023681640625,326.7799987792969,76.6971435546875,156.54371643066406,102.0009765625,77.22711181640625,54.206512451171875,10.760000228881836,89.2195816040039,52.43170166015625,81.84577178955078,56.300540924072266,126.26007843017578
2022-11-30,163.70431518554688,132.70082092285156,657.8282470703125,590.9158935546875,143.2560577392578,60.1715087890625,29.139999389648438,75.77999877929688,28.995832443237305,87.999267578125,70.46389770507812,444.805419921875,516.8519897460938,117.41223907470703,77.09629821777344,47.37458038330078,97.64046478271484,145.69363403320312,398.8590087890625,91.9621810913086,151.4837646484375,142.89999389648438,48.69789123535156,244.03305053710938,39.130287170410156,169.0065460205078,83.26000213623047,77.62999725341797,106.74044799804688,100.6238784790039,117.6500015258789,43.1824836730957,117.180419921875,349.6640930175781,199.40155029296875,165.50283813476562,194.6999969482422,99.102783203125,160.0380859375,178.8800048828125,44.117374420166016,75.43000030517578,52.13935089111328,95.61824798583984,41.44819259643555,248.61485290527344,83.1552963256836,554.4056396484375,53.19449234008789,103.47201538085938,149.01502990722656,96.54000091552734,298.2042236328125,161.6232452392578,224.09410095214844,198.46368408203125,99.76191711425781,16.9051570892334,84.94999694824219,356.2514953613281,211.7138214111328,30.55299949645996,34.58697509765625,110.45328521728516,158.3262939453125,505.5766906738281,82.04000091552734,137.3053741455078,47.06999969482422,30.276315689086914,103.01831817626953,40.880001068115234,117.16630554199219,41.91545486450195,512.96533203125,45.30353546142578,79.79275512695312,343.3756408691406,10.828054428100586,94.42332458496094,253.08949279785156,16.348201751708984,421.7088928222656,344.92999267578125,78.7483901977539,160.64166259765625,105.5679931640625,77.9930191040039,56.694583892822266,11.220000267028809,90.10401153564453,52.6214485168457,83.63401794433594,57.72529602050781,127.75788879394531
2022-12-01,161.0191650390625,132.9325408935547,663.5061645507812,593.9671630859375,143.65602111816406,60.2426872253418,28.34000015258789,77.97000122070312,28.764406204223633,88.33390045166016,70.65109252929688,443.4303283691406,482.931884765625,117.70926666259766,77.2146224975586,47.56756591796875,93.93307495117188,145.96920776367188,407.1574401855469,92.68878173828125,151.39730834960938,154.0399932861328,49.00141906738281,247.552978515625,39.091609954833984,167.3649139404297,85.12000274658203,77.4800033569336,107.83798217773438,100.45526885986328,124.06999969482422,42.62051010131836,119.50221252441406,353.98089599609375,202.1503143310547,166.88534545898438,194.6999969482422,98.81480407714844,159.3221893310547,175.77999877929688,43.12370300292969,77.43000030517578,52.112857818603516,96.3216781616211,42.233673095703125,248.17636108398438,81.61678314208984,558.700439453125,51.957191467285156,104.63751983642578,147.1954345703125,95.5,301.0390625,162.295166015625,223.4115753173828,198.508544921875,99.2780990600586,17.116939544677734,89.19999694824219,354.09271240234375,211.7138214111328,31.69499969482422,33.59431457519531,110.05084991455078,145.2353515625,502.7420349121094,83.73999786376953,137.38821411132812,48.290000915527344,30.12450408935547,104.35197448730469,43.400001525878906,117.39828491210938,41.7876091003418,502.8045349121094,45.53132629394531,80.83064270019531,352.8943176269531,10.968274116516113,95.50431060791016,253.6553955078125,16.51941680908203,422.4834289550781,344.1099853515625,77.9755859375,161.0312042236328,104.9495849609375,78.11237335205078,54.57038879394531,11.199999809265137,89.90058135986328,52.18686294555664,83.57109069824219,57.88864517211914,125.96424102783203
2022-12-02,161.16429138183594,132.495849609375,655.0535888671875,588.57421875,145.4602813720703,59.904640197753906,28.75,74.70999908447266,28.35940933227539,87.63819885253906,70.98094940185547,454.92657470703125,473.98944091796875,116.64179992675781,77.5514144897461,48.514137268066406,92.39148712158203,145.47711181640625,399.1819763183594,94.09542846679688,150.6763458251953,149.74000549316406,48.953487396240234,249.3545684814453,38.57915115356445,168.25531005859375,82.5739974975586,74.9800033569336,107.85723114013672,100.00894165039062,124.0,42.13882827758789,122.52845764160156,353.2548828125,201.5498504638672,166.69680786132812,194.86000061035156,99.03079986572266,158.0475311279297,182.8699951171875,42.268035888671875,74.30999755859375,51.17136764526367,97.14234924316406,42.093109130859375,248.49795532226562,85.52952575683594,557.15673828125,54.55272674560547,104.37004089355469,146.41949462890625,94.12999725341797,301.88580322265625,162.42227172851562,223.82862854003906,196.7772979736328,98.43584442138672,16.858211517333984,86.34500122070312,351.11279296875,212.35775756835938,32.04100036621094,33.16231918334961,109.2638931274414,142.8246307373047,517.2470703125,86.33999633789062,138.64012145996094,46.599998474121094,29.820899963378906,105.6990966796875,43.060001373291016,116.12249755859375,41.29448699951172,503.6499328613281,45.285308837890625,80.10028076171875,350.1885681152344,10.796893119812012,97.05647277832031,253.6553955078125,16.2930965423584,426.1171569824219,341.5299987792969,78.67205810546875,160.35379028320312,104.80619049072266,74.2629623413086,53.77381134033203,11.100000381469727,90.72309875488281,53.17845153808594,82.7623519897461,58.3968391418457,124.96569061279297
2022-12-05,160.9193572998047,131.37294006347656,654.8515625,583.793212890625,145.7091522216797,60.0291862487793,27.700000762939453,70.26000213623047,28.127981185913086,87.29476928710938,70.24101257324219,449.8293762207031,468.36322021484375,114.45117950439453,77.5058822631836,47.218345642089844,89.86629486083984,144.31573486328125,386.67572021484375,93.78800964355469,150.03233337402344,135.6300048828125,48.451866149902344,244.26400756835938,37.50590515136719,163.79409790039062,78.4520034790039,73.62000274658203,106.16278076171875,99.05674743652344,118.33000183105469,40.71159744262695,121.47671508789062,349.35992431640625,193.4255828857422,164.3896942138672,182.4499969482422,99.0037841796875,154.14503479003906,185.10000610351562,40.17026901245117,72.9000015258789,50.21001434326172,93.72288513183594,41.94429016113281,243.80120849609375,85.96639251708984,551.4269409179688,55.055091857910156,102.30651092529297,138.1869354248047,91.01000213623047,294.6054382324219,162.3314666748047,220.4541015625,193.404541015625,95.73885345458984,16.592487335205078,84.99500274658203,342.7727966308594,208.47471618652344,31.259000778198242,31.682525634765625,106.75094604492188,132.3222198486328,513.2936401367188,87.80000305175781,137.24093627929688,42.439998626708984,29.517295837402344,103.26858520507812,40.790000915527344,114.83838653564453,40.2169189453125,502.597900390625,44.94818115234375,76.33311462402344,340.95208740234375,10.422974586486816,95.67060089111328,251.97610473632812,16.06087303161621,417.7786560058594,334.0899963378906,77.50808715820312,153.3855743408203,102.4042739868164,73.2284927368164,53.144412994384766,10.779999732971191,90.21898651123047,51.81961441040039,80.70451354980469,57.59824752807617,121.46153259277344
2022-12-06,158.1525421142578,131.4531707763672,657.0807495117188,576.2723388671875,145.51361083984375,60.91877365112305,26.920000076293945,68.58000183105469,27.578344345092773,88.510009765625,68.716552734375,443.71453857421875,461.1748352050781,111.18376922607422,77.53318786621094,46.918643951416016,88.92999267578125,140.65443420410156,381.4305725097656,91.97150421142578,148.7057647705078,136.72999572753906,47.889556884765625,238.85008239746094,36.76138687133789,160.50152587890625,77.83000183105469,70.2699966430664,103.75589752197266,96.5176010131836,113.83000183105469,40.122867584228516,113.2314224243164,340.9617614746094,189.41973876953125,163.0520782470703,179.82000732421875,98.03185272216797,150.17266845703125,178.42999267578125,39.931060791015625,71.47000122070312,49.753936767578125,90.16661834716797,41.10093688964844,238.85113525390625,86.849609375,544.8162231445312,56.14353942871094,101.01681518554688,138.2939910888672,88.25,292.18475341796875,159.89805603027344,216.39707946777344,190.6328125,93.07768249511719,15.970147132873535,83.34500122070312,334.8109436035156,203.9867706298828,30.555999755859375,30.33139419555664,103.38844299316406,131.670166015625,504.17364501953125,86.91000366210938,137.4158172607422,41.83000183105469,28.985979080200195,101.6764907836914,38.970001220703125,113.72000122070312,39.12109375,506.61822509765625,44.27390670776367,75.83338165283203,342.29522705078125,10.345075607299805,94.31245422363281,252.14309692382812,15.639718055725098,419.0791931152344,331.1499938964844,76.88794708251953,148.25465393066406,102.70899200439453,71.84588623046875,52.790382385253906,10.40999984741211,89.49375915527344,52.1991081237793,78.6377182006836,57.57101821899414,121.66496276855469
2022-12-07,157.61732482910156,131.24815368652344,656.0354614257812,584.3375244140625,147.0067901611328,60.93655776977539,26.399999618530273,68.27999877929688,27.317989349365234,87.69104766845703,68.56500244140625,441.1475524902344,461.9511413574219,109.72645568847656,77.6333236694336,45.92273712158203,88.17338562011719,138.7155303955078,380.3247375488281,92.2602767944336,148.77304077148438,137.41000366210938,47.640350341796875,239.48756408691406,36.70337677001953,159.78733825683594,77.7040023803711,70.13999938964844,103.85218811035156,94.37519073486328,113.19999694824219,39.84634017944336,113.04289245605469,340.853759765625,194.09169006347656,163.54583740234375,174.0399932861328,99.0757827758789,150.617919921875,176.5,39.05699157714844,69.87000274658203,49.061309814453125,90.02985382080078,41.53914260864258,238.12030029296875,83.88656616210938,552.34716796875,54.375972747802734,98.90552520751953,137.14340209960938,88.45999908447266,294.6698303222656,160.86959838867188,217.05111694335938,189.3679962158203,92.87161254882812,16.103008270263672,82.34500122070312,332.05242919921875,202.74769592285156,30.841999053955078,30.09242057800293,102.73558807373047,128.9136505126953,512.13720703125,85.81999969482422,138.29954528808594,42.08000183105469,28.598039627075195,102.05333709716797,38.4900016784668,114.9212417602539,40.73743438720703,509.99066162109375,43.90032958984375,75.70845794677734,342.1297607421875,10.20485782623291,94.11844635009766,250.81637573242188,15.555093765258789,421.3742370605469,326.67999267578125,76.50633239746094,147.89060974121094,103.96372985839844,74.02423095703125,52.92805862426758,10.319999694824219,90.45777130126953,52.02772521972656,78.4310302734375,57.66176986694336,121.58174896240234
2022-12-08,159.98501586914062,131.70266723632812,650.7439575195312,589.7207641601562,147.5311737060547,61.096683502197266,26.450000762939453,74.0199966430664,27.424060821533203,88.45716857910156,69.34951782226562,444.97967529296875,461.4240417480469,113.01241302490234,78.0611343383789,46.03338623046875,88.50440979003906,140.39857482910156,396.6768798828125,92.67948150634766,148.1482696533203,142.8699951171875,47.714115142822266,241.4185333251953,36.9354248046875,159.44418334960938,79.24600219726562,70.47000122070312,103.80403900146484,93.1849594116211,114.23999786376953,39.86418151855469,114.43199920654297,344.53289794921875,190.9676971435547,164.98214721679688,173.44000244140625,99.75975036621094,151.50840759277344,179.0800018310547,39.17659378051758,72.36000061035156,50.25165557861328,90.420654296875,42.812442779541016,241.0728302001953,89.43277740478516,562.0552978515625,56.16214370727539,99.77488708496094,137.54473876953125,90.3499984741211,298.2962646484375,160.8968048095703,218.8900604248047,190.39056396484375,93.5615463256836,17.150901794433594,80.38999938964844,330.35491943359375,204.00631713867188,31.025999069213867,29.81667709350586,100.6966323852539,128.56785583496094,512.45947265625,91.11000061035156,139.29373168945312,43.75,28.614906311035156,104.90775299072266,38.63999938964844,115.32719421386719,40.71917724609375,514.69677734375,44.63837432861328,76.94816589355469,343.38531494140625,10.220438957214355,95.84613037109375,253.64614868164062,15.584615707397461,423.5544738769531,332.5799865722656,76.5635757446289,152.0901641845703,105.39768981933594,73.82530212402344,54.28518295288086,10.640000343322754,90.67886352539062,51.18915939331055,79.69808197021484,57.90678787231445,122.85765838623047
2022-12-09,158.07998657226562,131.05210876464844,653.990966796875,580.7907104492188,144.927001953125,60.81200408935547,26.549999237060547,74.55999755859375,27.2312068939209,88.3691177368164,70.06269836425781,443.3294677734375,462.95745849609375,110.50617980957031,76.9233627319336,43.31306838989258,89.28938293457031,139.9163055419922,391.2652587890625,91.54296875,147.93675231933594,144.52999877929688,46.601280212402344,238.77273559570312,37.012779235839844,160.91014099121094,78.71600341796875,68.58999633789062,103.29378509521484,92.31212615966797,115.08000183105469,40.01582717895508,114.99756622314453,342.237060546875,189.28842163085938,164.37173461914062,179.0500030517578,97.89685821533203,146.6717529296875,179.5399932861328,39.10299301147461,72.16000366210938,51.54228973388672,91.23153686523438,42.76283264160156,239.1434326171875,86.7451400756836,554.41552734375,54.255027770996094,98.71446228027344,135.82334899902344,89.08999633789062,294.9736022949219,159.57118225097656,215.4491729736328,191.8168487548828,92.77303314208984,16.983076095581055,79.44999694824219,331.33282470703125,203.6160125732422,32.000999450683594,29.76152992248535,98.38936614990234,129.53610229492188,501.45269775390625,89.70999908447266,138.9254913330078,49.15999984741211,28.429370880126953,103.0801773071289,38.380001068115234,115.8325424194336,40.828758239746094,506.505615234375,44.15545654296875,76.74634552001953,337.4871826171875,10.26717758178711,94.04454040527344,252.39366149902344,15.818807601928711,415.7896728515625,330.6400146484375,76.1533203125,150.40525817871094,104.25051879882812,73.17874908447266,53.960655212402344,10.949999809265137,89.90058135986328,49.85479736328125,80.39899444580078,57.29877853393555,122.19197845458984
2022-12-12,161.0010223388672,132.9770965576172,656.1004028320312,592.7330932617188,146.93569946289062,63.18720626831055,27.030000686645508,76.98999786376953,27.665130615234375,90.10392761230469,71.06119537353516,445.8414611816406,467.4239807128906,112.51117706298828,78.78022003173828,45.2772331237793,92.23070526123047,142.2095489501953,401.980712890625,92.74466705322266,151.2146453857422,150.8800048828125,47.470375061035156,245.4846954345703,37.2158317565918,165.61614990234375,80.3280029296875,70.66999816894531,104.32393646240234,92.79813385009766,118.54000091552734,40.82756423950195,113.81682586669922,351.4006652832031,192.39366149902344,165.1527557373047,167.82000732421875,98.06785583496094,148.19955444335938,186.27000427246094,39.43422317504883,73.69000244140625,52.669227600097656,92.48210144042969,43.12663650512695,246.05213928222656,84.91223907470703,561.7089233398438,53.41775894165039,100.55825805664062,133.8164825439453,90.55000305175781,301.8766174316406,161.4779510498047,220.91856384277344,193.6377716064453,95.05786895751953,17.516515731811523,80.88999938964844,335.05999755859375,209.362548828125,31.51799964904785,30.083229064941406,99.96331787109375,131.51211547851562,507.3685607910156,86.06999969482422,140.35232543945312,54.06999969482422,28.75827407836914,105.5766372680664,38.380001068115234,116.58639526367188,40.956607818603516,512.7617797851562,44.92084884643555,78.11097717285156,337.9154052734375,10.485296249389648,94.88529205322266,256.64288330078125,15.77944564819336,417.93170166015625,338.1700134277344,76.60174560546875,154.54550170898438,105.7830810546875,73.40753173828125,54.432701110839844,11.510000228881836,91.79322814941406,50.93207931518555,81.8817138671875,58.05198287963867,124.08734130859375
2022-12-13,161.0191650390625,134.18910217285156,669.9027099609375,610.4960327148438,146.46461486816406,63.34733581542969,26.979999542236328,79.70999908447266,27.703699111938477,90.79078674316406,71.44452667236328,440.2491149902344,467.9223937988281,114.6275405883789,79.32637023925781,47.07541275024414,93.4980239868164,143.17405700683594,419.21356201171875,93.05208587646484,151.41651916503906,150.5800018310547,47.3004035949707,243.4145050048828,37.48655700683594,165.15863037109375,83.23400115966797,71.6500015258789,105.71992492675781,95.06947326660156,120.98999786376953,41.55901336669922,119.2144775390625,350.3998718261719,198.15383911132812,165.06295776367188,160.9499969482422,99.81375122070312,151.4997100830078,187.1300048828125,39.21339797973633,74.05000305175781,54.03273391723633,92.52117919921875,43.879032135009766,250.34933471679688,86.8116226196289,565.4497680664062,53.78057861328125,101.62822723388672,134.56570434570312,92.48999786376953,306.3958740234375,162.72190856933594,223.2220001220703,200.38330078125,96.09725189208984,18.05295181274414,80.375,340.14337158203125,207.85028076171875,32.034000396728516,30.101613998413086,101.42100524902344,133.99197387695312,498.27691650390625,88.73999786376953,140.1405792236328,58.029998779296875,29.525728225708008,106.31144714355469,38.779998779296875,120.09898376464844,41.75107955932617,505.5850830078125,45.23064041137695,77.4190444946289,348.1349792480469,10.57098388671875,94.34017944335938,254.47181701660156,15.938855171203613,418.06561279296875,342.4599914550781,74.17842102050781,155.6632080078125,108.52556610107422,73.30805969238281,54.32453155517578,11.600000381469727,89.49375915527344,50.73008346557617,83.31050109863281,58.07013702392578,123.96715545654297
2022-12-14,159.4951629638672,133.55638122558594,658.2188110351562,598.4371337890625,146.52684020996094,63.25836944580078,27.469999313354492,80.4800033569336,27.250490188598633,90.9669189453125,70.24101257324219,444.805419921875,463.4366760253906,112.97526550292969,79.2353286743164,46.503684997558594,91.36060333251953,140.94969177246094,409.9463195800781,93.10797882080078,148.1386260986328,149.1999969482422,47.03742980957031,241.4463348388672,37.090126037597656,166.26976013183594,83.6780014038086,68.93000030517578,105.62364959716797,94.53387451171875,120.56999969482422,41.01488494873047,120.64325714111328,350.7530822753906,198.98876953125,164.60511779785156,156.8000030517578,101.05485534667969,150.4520263671875,188.25,38.80856704711914,73.22000122070312,54.35443878173828,91.98383331298828,45.04483413696289,250.64170837402344,86.33677673339844,561.6376953125,54.487606048583984,99.64360809326172,136.02847290039062,91.58000183105469,306.8929138183594,163.22129821777344,222.26458740234375,197.2078857421875,95.38938903808594,17.655372619628906,80.11499786376953,332.4767761230469,208.12350463867188,31.783000946044922,29.669618606567383,100.93807983398438,133.1324005126953,504.1451721191406,90.01000213623047,140.6929168701172,59.54999923706055,29.348623275756836,104.99256134033203,38.2400016784668,115.13691711425781,41.038787841796875,505.7165832519531,44.92084884643555,78.62992858886719,344.3877868652344,10.500875473022461,94.41409301757812,254.70376586914062,15.986089706420898,419.2608947753906,339.9200134277344,73.7681884765625,156.05264282226562,108.9647445678711,72.2437515258789,53.685298919677734,11.890000343322754,89.04271697998047,49.91521453857422,81.32455444335938,58.07013702392578,123.34769439697266
2022-12-15,154.224609375,126.87232971191406,645.8780517578125,569.7520141601562,144.9625701904297,62.6000862121582,26.239999771118164,78.30500030517578,26.18014144897461,90.271240234375,69.287109375,438.9382019042969,444.6412353515625,108.26914978027344,78.10665893554688,46.20859909057617,88.759765625,134.34561157226562,388.03594970703125,91.7479248046875,144.39935302734375,142.64999389648438,46.61731719970703,230.9652557373047,36.374629974365234,161.69447326660156,80.12799835205078,66.52999877929688,101.64747619628906,90.45734405517578,114.98999786376953,39.801734924316406,115.2456283569336,339.7059326171875,195.15179443359375,161.81324768066406,157.6699981689453,99.31549835205078,149.3258056640625,183.72000122070312,38.06331253051758,70.19999694824219,52.79886245727539,88.40804290771484,44.32550811767578,242.64163208007812,81.87320709228516,548.330078125,52.70143127441406,98.00411987304688,131.64907836914062,88.44999694824219,301.52685546875,161.16017150878906,218.64361572265625,195.7457733154297,94.47547149658203,16.93412971496582,76.29499816894531,322.74365234375,202.8452911376953,29.041000366210938,29.20086097717285,100.65192413330078,128.87413024902344,501.026123046875,87.1500015258789,139.10040283203125,56.310001373291016,28.91008186340332,102.22291564941406,36.38999938964844,115.57241821289062,40.399559020996094,495.6841735839844,43.87299728393555,76.94816589355469,335.3751220703125,10.1503267288208,92.3814926147461,252.10604858398438,15.482278823852539,410.9892272949219,328.7099914550781,73.5201187133789,153.4279327392578,106.28498840332031,69.39895629882812,51.17755889892578,11.350000381469727,86.3187026977539,48.285484313964844,78.88932800292969,57.271549224853516,120.28733825683594
2022-12-16,153.8073272705078,124.91168212890625,647.7653198242188,558.072265625,142.63394165039062,61.76386260986328,25.969999313354492,77.83000183105469,25.958356857299805,88.36031341552734,68.3956069946289,441.68841552734375,442.2834167480469,106.31057739257812,76.58657836914062,45.535438537597656,85.2131576538086,132.38702392578125,376.7333679199219,91.60818481445312,140.63125610351562,142.4499969482422,45.780269622802734,229.3499298095703,34.95329284667969,160.340576171875,78.8740005493164,65.41000366210938,101.43567657470703,90.12012481689453,111.5,39.56089401245117,118.50006866455078,339.3035888671875,193.38809204101562,161.89402770996094,150.22999572753906,98.92594146728516,147.30035400390625,184.6999969482422,37.897701263427734,69.86000061035156,52.601097106933594,88.00747680664062,42.49824905395508,238.43214416503906,82.42403411865234,531.1512451171875,52.64561462402344,96.60433197021484,130.62338256835938,87.86000061035156,297.60595703125,159.5076141357422,220.59629821777344,191.46702575683594,93.81241607666016,16.553531646728516,75.5,319.5331726074219,201.85012817382812,29.070999145507812,29.136526107788086,98.76497650146484,126.73019409179688,502.33447265625,87.02999877929688,138.483642578125,56.27000045776367,28.40407371520996,99.81123352050781,36.09000015258789,112.86735534667969,40.26258087158203,491.94549560546875,43.56319808959961,76.4772720336914,330.5281982421875,9.441439628601074,91.30977630615234,246.901123046875,15.423238754272461,412.232421875,338.5400085449219,74.59821319580078,150.87937927246094,101.26846313476562,68.89167785644531,51.20705795288086,11.09000015258789,84.41722106933594,47.574771881103516,78.0536117553711,56.944854736328125,119.53841400146484
2022-12-19,152.04747009277344,123.76200866699219,640.5958862304688,552.5238037109375,143.53158569335938,61.30128860473633,24.950000762939453,76.05000305175781,25.8330020904541,88.26343536376953,68.75222778320312,441.68841552734375,439.58056640625,104.52836608886719,76.022216796875,45.95039367675781,83.10411071777344,130.28077697753906,375.30462646484375,90.86296081542969,139.3912353515625,138.10000610351562,45.79631423950195,227.5024871826172,34.247459411621094,157.59539794921875,76.45999908447266,64.58999633789062,100.41515350341797,88.42404174804688,108.08999633789062,39.186248779296875,113.58861541748047,334.81024169921875,190.601806640625,162.791748046875,149.8699951171875,99.14337158203125,148.31309509277344,185.67999267578125,38.47734451293945,69.08999633789062,52.440818786621094,83.80640411376953,42.465179443359375,234.30056762695312,82.77542114257812,524.9429931640625,53.203792572021484,96.14414978027344,129.01788330078125,84.91999816894531,292.07427978515625,159.33509826660156,220.18870544433594,188.0314483642578,94.2335433959961,16.23686408996582,75.26000213623047,317.9278564453125,199.83055114746094,28.829999923706055,29.46741485595703,98.76497650146484,127.4613037109375,504.84674072265625,86.94999694824219,138.44679260253906,54.220001220703125,28.631776809692383,97.0792465209961,35.5,111.56088256835938,40.33563995361328,491.8514709472656,43.18961715698242,77.36139678955078,326.69342041015625,9.10647201538086,90.82009887695312,246.63206481933594,15.289414405822754,413.7432861328125,328.760009765625,74.66499328613281,151.07411193847656,101.1150894165039,68.58332061767578,50.86286163330078,10.319999694824219,84.0634536743164,47.82596969604492,76.87642669677734,57.026527404785156,120.25035095214844
2022-12-20,150.6685791015625,125.90982055664062,639.7540283203125,547.2278442382812,142.72280883789062,61.79945373535156,24.959999084472656,75.9800033569336,25.495506286621094,88.24583435058594,68.9860610961914,445.6855773925781,438.80426025390625,104.05496215820312,76.022216796875,47.73014450073242,83.59590148925781,130.21189880371094,378.7883605957031,91.45914459228516,140.05447387695312,141.2100067138672,46.19718551635742,226.43490600585938,34.03474044799805,153.45895385742188,77.29399871826172,65.05000305175781,100.59808349609375,88.9001235961914,109.83000183105469,39.0792121887207,116.17829132080078,336.46832275390625,188.4346923828125,162.69297790527344,137.8000030517578,99.38797760009766,150.74888610839844,188.2899932861328,37.7044792175293,68.55999755859375,51.90555191040039,85.01788330078125,42.432106018066406,235.6160125732422,81.5978012084961,523.2894897460938,52.48746109008789,96.24960327148438,127.76917266845703,85.19000244140625,289.7824401855469,159.5076141357422,222.8902130126953,187.19723510742188,95.5954818725586,16.068044662475586,74.63999938964844,317.8171081542969,200.3573760986328,28.819000244140625,29.586894989013672,100.74134826660156,126.90802764892578,502.050048828125,85.6500015258789,138.50205993652344,54.099998474121094,28.741413116455078,97.22998046875,35.9900016784668,112.0633773803711,40.44522476196289,488.6671447753906,43.16228103637695,77.78423309326172,323.23822021484375,8.935091018676758,90.54292297363281,247.94952392578125,15.252021789550781,416.31561279296875,338.2200012207031,75.9052734375,147.01002502441406,101.21432495117188,68.39434051513672,49.8400993347168,10.359999656677246,84.01924133300781,49.21676254272461,76.52597045898438,56.98115539550781,120.83281707763672
2022-12-21,153.0634765625,126.67626190185547,659.5324096679688,564.5242919921875,144.17152404785156,62.92034149169922,25.360000610351562,77.16999816894531,25.871572494506836,89.75166320800781,69.3998031616211,447.0606689453125,442.8680725097656,106.36625671386719,77.05078887939453,49.159454345703125,84.853759765625,133.31219482421875,384.9045104980469,92.93099212646484,141.40025329589844,146.75,46.5595817565918,229.3406219482422,34.71156692504883,158.7251739501953,78.38200378417969,67.68000030517578,100.89653015136719,89.51508331298828,107.3499984741211,39.971221923828125,118.82752227783203,339.1565246582031,189.90756225585938,163.8330841064453,137.57000732421875,100.65623474121094,152.52113342285156,196.0,37.83330154418945,69.93000030517578,53.54758071899414,84.92017364501953,42.71322250366211,238.17872619628906,83.39270782470703,534.567138671875,54.0689697265625,98.32052612304688,126.92188262939453,86.7699966430664,293.9427185058594,161.33267211914062,229.1368865966797,188.91053771972656,96.8230209350586,16.48360252380371,73.70999908447266,323.04815673828125,201.77207946777344,29.79599952697754,30.03727149963379,103.98758697509766,128.73585510253906,510.7909240722656,85.93000030517578,139.7723846435547,56.58000183105469,29.542591094970703,109.07168579101562,36.189998626708984,112.64122009277344,40.89268112182617,495.5525817871094,43.42652130126953,78.32240295410156,328.4356384277344,9.176582336425781,91.16194152832031,248.79388427734375,15.23627758026123,422.3209228515625,341.3800048828125,77.51764678955078,149.59242248535156,102.80231475830078,68.84193420410156,50.341636657714844,10.479999542236328,83.24095916748047,50.84037399291992,78.06260681152344,57.8977165222168,122.19197845458984
2022-12-22,149.40765380859375,125.55333709716797,650.6422729492188,540.2219848632812,145.1136474609375,62.9470100402832,24.639999389648438,72.94999694824219,25.042293548583984,89.77809143066406,69.38180541992188,439.40570068359375,439.6571960449219,102.73687744140625,75.8583755493164,47.38895034790039,84.63623046875,130.14300537109375,375.7254333496094,91.76655578613281,139.67959594726562,140.3699951171875,46.0143928527832,222.02520751953125,32.420021057128906,164.04750061035156,75.98799896240234,63.86000061035156,100.1070785522461,87.54129028320312,103.97000122070312,39.239776611328125,116.20806121826172,335.06524658203125,186.83047485351562,162.5673370361328,125.3499984741211,100.77401733398438,150.2337646484375,188.25,37.428462982177734,65.94000244140625,52.77093505859375,84.67594146728516,42.69668960571289,232.0983428955078,83.544677734375,533.8247680664062,53.65033721923828,98.2342300415039,126.07452392578125,83.79000091552734,290.9605712890625,160.74249267578125,225.16517639160156,188.91053771972656,94.86972045898438,15.322830200195312,71.57499694824219,318.82275390625,200.064697265625,29.774999618530273,29.770721435546875,100.96492767333984,127.63917541503906,503.7564697265625,85.48999786376953,140.09458923339844,54.2400016784668,29.01972198486328,109.94779205322266,34.68000030517578,113.56246185302734,40.61872100830078,495.1299743652344,43.116722106933594,77.3517837524414,323.23822021484375,8.810453414916992,90.32117462158203,246.576416015625,15.108357429504395,416.793701171875,336.5199890136719,77.08830261230469,148.6865234375,102.19778442382812,68.2053451538086,48.610809326171875,10.100000381469727,82.60418701171875,50.09901428222656,77.61329650878906,57.48026657104492,120.80509948730469
2022-12-23,149.11737060546875,126.23956298828125,651.2066040039062,535.771484375,144.9625701904297,63.81881332397461,24.639999389648438,72.41999816894531,25.15800666809082,90.69392395019531,69.70560455322266,443.0635986328125,443.43359375,102.88539123535156,76.61387634277344,48.86436080932617,85.7711410522461,129.77886962890625,376.2538757324219,92.50247192382812,141.32334899902344,138.49000549316406,46.107391357421875,223.6776885986328,32.7100944519043,164.2715606689453,76.37200164794922,64.5199966430664,99.64495086669922,89.07866668701172,101.98999786376953,39.480621337890625,117.12090301513672,337.1059875488281,189.3916015625,163.6176300048828,123.1500015258789,101.33567810058594,154.8783416748047,189.05999755859375,37.7044792175293,65.88999938964844,52.70796585083008,85.98509979248047,42.853782653808594,232.62454223632812,81.34137725830078,535.3494873046875,52.506065368652344,98.56979370117188,127.67997741699219,85.25,293.3628234863281,161.1510772705078,227.373779296875,190.57003784179688,97.37853240966797,15.189970970153809,70.63500213623047,318.7582092285156,200.81594848632812,29.496000289916992,29.844253540039062,105.32925415039062,127.88615417480469,506.9800109863281,84.02999877929688,140.4903564453125,53.900001525878906,29.525728225708008,109.51444244384766,33.709999084472656,114.71817779541016,40.773963928222656,499.09405517578125,43.262508392333984,77.69774627685547,324.0461120605469,8.84940242767334,90.79237365722656,248.24647521972656,15.141814231872559,417.8169250488281,338.45001220703125,78.01375579833984,149.87184143066406,102.51359558105469,68.66289520263672,49.3680534362793,10.210000038146973,82.74567413330078,50.11127853393555,77.37965393066406,57.915870666503906,121.37832641601562
2022-12-27,148.5730438232422,126.9258041381836,650.5774536132812,521.9828491210938,144.8647918701172,64.290283203125,24.399999618530273,70.56999969482422,25.01336669921875,91.29273223876953,69.83152770996094,445.0896911621094,439.45599365234375,101.60441589355469,76.4591293334961,49.33466339111328,85.82789611816406,127.97772979736328,374.9034118652344,92.83783721923828,140.71775817871094,137.75999450683594,46.12022399902344,223.76123046875,32.216983795166016,165.3173370361328,76.12799835205078,63.27000045776367,99.49091339111328,87.21398162841797,100.66000366210938,39.59657669067383,115.96992492675781,339.6175842285156,189.2321014404297,164.34481811523438,109.0999984741211,101.57124328613281,156.82528686523438,189.39999389648438,37.75968551635742,65.45999908447266,52.81386947631836,84.3828353881836,42.2750129699707,230.89979553222656,85.33958435058594,540.0626220703125,54.701576232910156,97.89866638183594,129.82066345214844,83.04000091552734,294.1176452636719,161.1056671142578,230.4734649658203,190.5790557861328,98.73152160644531,14.106114387512207,69.6050033569336,315.49224853515625,201.2647247314453,28.41699981689453,29.89940071105957,106.60708618164062,129.0915069580078,513.066162109375,85.19999694824219,141.7146759033203,52.41999816894531,29.551029205322266,110.74855041503906,33.38999938964844,114.6762924194336,40.92920684814453,499.7328186035156,43.30807113647461,77.82270050048828,322.4693603515625,8.724762916564941,91.65160369873047,247.5691680908203,14.866291999816895,417.0710754394531,335.0899963378906,78.44307708740234,149.80410766601562,102.21583557128906,67.96662902832031,49.191036224365234,9.869999885559082,82.26809692382812,50.75459671020508,76.43609619140625,58.26978302001953,121.80364227294922
2022-12-28,146.2235565185547,124.78691864013672,647.8670043945312,516.5996704101562,144.1892852783203,63.73872756958008,24.59000015258789,69.83999633789062,24.627656936645508,90.61466979980469,68.62630462646484,442.9994201660156,434.1748352050781,99.29312896728516,75.6945571899414,48.504730224609375,84.83484649658203,124.05071258544922,368.43499755859375,92.35344696044922,138.4299774169922,138.4199981689453,45.31205368041992,220.80908203125,31.4531307220459,161.58241271972656,75.20999908447266,62.56999969482422,98.01789093017578,85.75595092773438,99.95999908447266,39.801734924316406,114.71974182128906,335.4872131347656,187.68417358398438,163.15980529785156,112.70999908447266,100.62908172607422,154.51171875,188.3800048828125,37.83330154418945,65.36000061035156,51.98857498168945,82.23345184326172,42.00216293334961,228.53196716308594,82.81340026855469,538.052490234375,52.23628616333008,98.05206298828125,130.0436248779297,81.81999969482422,290.60162353515625,160.40652465820312,226.9093475341797,189.85610961914062,97.10973358154297,14.021203994750977,68.66500091552734,314.4773864746094,199.9964141845703,27.687999725341797,30.1199951171875,103.76349639892578,126.92780303955078,512.3265991210938,81.41999816894531,139.88282775878906,52.77000045776367,29.163084030151367,108.31803131103516,32.63999938964844,112.94271850585938,40.755706787109375,496.4075012207031,42.88892364501953,77.19801330566406,320.7952880859375,8.530014991760254,91.0972671508789,245.9640655517578,14.730501174926758,411.36224365234375,328.3299865722656,78.5671157836914,146.99313354492188,99.65345764160156,67.1907730102539,48.305946350097656,10.119999885559082,82.03816223144531,50.2215576171875,75.89694213867188,57.68899154663086,122.46932220458984
2022-12-29,149.6979522705078,125.71373748779297,662.5020141601562,535.8685913085938,144.4825897216797,64.2191162109375,24.90999984741211,73.94000244140625,25.27372169494629,91.44243621826172,69.98441314697266,446.5106201171875,437.56781005859375,101.95714569091797,76.5319595336914,48.79059600830078,87.64376831054688,127.56436157226562,382.4971923828125,93.46198272705078,141.61170959472656,142.3800048828125,45.58785629272461,223.38059997558594,32.55538558959961,163.9167938232422,77.97000122070312,64.81999969482422,100.23223114013672,88.22567749023438,104.56999969482422,40.28343200683594,119.32361602783203,341.6288757324219,189.74810791015625,163.3662872314453,121.81999969482422,100.39352416992188,155.6815948486328,188.91000366210938,38.026512145996094,68.0,53.221275329589844,85.17420196533203,42.44038391113281,234.84619140625,84.64630889892578,551.5184326171875,53.11076354980469,99.80659484863281,132.3358917236328,84.18000030517578,294.9091491699219,161.2237091064453,227.6865997314453,194.9526824951172,97.84446716308594,14.587607383728027,70.0999984741211,316.8392639160156,202.9916229248047,29.11199951171875,30.460071563720703,104.73536682128906,130.94891357421875,513.833984375,82.41000366210938,140.46275329589844,55.75,29.264286041259766,110.55070495605469,35.099998474121094,115.91577911376953,41.696285247802734,497.7507019042969,43.280731201171875,78.22631072998047,330.7325744628906,8.989623069763184,92.17823028564453,246.724853515625,15.09261417388916,411.0361633300781,337.5799865722656,78.86287689208984,148.80502319335938,102.8293685913086,70.18475341796875,49.81059646606445,10.850000381469727,82.64839935302734,51.312137603759766,76.59785461425781,58.03384017944336,123.17200469970703
2022-12-30,149.87936401367188,125.56224060058594,655.5452880859375,530.942138671875,143.6382293701172,63.52524948120117,24.729999542236328,73.5,25.485862731933594,90.69392395019531,69.90348815917969,445.9972839355469,437.5390625,102.04997253417969,76.09504699707031,49.29777908325195,87.91801452636719,127.87928009033203,380.882568359375,94.0115737915039,142.02505493164062,143.5399932861328,45.47240447998047,221.7467041015625,32.5263786315918,161.72250366210938,77.65399932861328,64.7699966430664,99.34650421142578,88.00746154785156,105.29000091552734,40.34587478637695,119.40298461914062,341.1579284667969,186.91490173339844,162.1813201904297,123.18000030517578,100.51130676269531,156.7030792236328,190.49000549316406,37.989707946777344,67.73999786376953,53.34721374511719,84.88109588623047,42.365966796875,233.6866455078125,83.65863037109375,545.2609252929688,52.21767807006836,98.3588638305664,132.93345642089844,84.0,290.7212219238281,160.39743041992188,227.0799560546875,191.44651794433594,98.83008575439453,14.598596572875977,69.7699966430664,316.7930908203125,202.69894409179688,29.488000869750977,30.44168472290039,106.18414306640625,130.99832153320312,517.25634765625,81.55000305175781,139.5146026611328,55.41999816894531,29.458263397216797,110.23041534423828,34.709999084472656,113.59596252441406,41.56843566894531,498.03253173828125,43.408294677734375,78.55303955078125,325.99267578125,9.059731483459473,91.65160369873047,244.49819946289062,15.01192569732666,411.1512145996094,336.5299987792969,79.43531036376953,147.18783569335938,101.71058654785156,70.84125518798828,49.2635498046875,11.020000457763672,82.41844940185547,51.33664321899414,76.4001693725586,57.72529602050781,123.98564147949219
